--
-- PostgreSQL database dump
--

\restrict 3cvlvEQpaBPvs2WifV9tUCGBDrf46ZvbxwDLoWL9FuhvVybiSxOXqx5Vzt06Mn1

-- Dumped from database version 15.14 (Debian 15.14-1.pgdg13+1)
-- Dumped by pg_dump version 15.14 (Debian 15.14-1.pgdg13+1)

SET statement_timeout = 0;
SET lock_timeout = 0;
SET idle_in_transaction_session_timeout = 0;
SET client_encoding = 'UTF8';
SET standard_conforming_strings = on;
SELECT pg_catalog.set_config('search_path', '', false);
SET check_function_bodies = false;
SET xmloption = content;
SET client_min_messages = warning;
SET row_security = off;

SET default_tablespace = '';

SET default_table_access_method = heap;

--
-- Name: auth_group; Type: TABLE; Schema: public; Owner: maxgonpe
--

CREATE TABLE public.auth_group (
    id integer NOT NULL,
    name character varying(150) NOT NULL
);


ALTER TABLE public.auth_group OWNER TO maxgonpe;

--
-- Name: auth_group_id_seq; Type: SEQUENCE; Schema: public; Owner: maxgonpe
--

ALTER TABLE public.auth_group ALTER COLUMN id ADD GENERATED BY DEFAULT AS IDENTITY (
    SEQUENCE NAME public.auth_group_id_seq
    START WITH 1
    INCREMENT BY 1
    NO MINVALUE
    NO MAXVALUE
    CACHE 1
);


--
-- Name: auth_group_permissions; Type: TABLE; Schema: public; Owner: maxgonpe
--

CREATE TABLE public.auth_group_permissions (
    id bigint NOT NULL,
    group_id integer NOT NULL,
    permission_id integer NOT NULL
);


ALTER TABLE public.auth_group_permissions OWNER TO maxgonpe;

--
-- Name: auth_group_permissions_id_seq; Type: SEQUENCE; Schema: public; Owner: maxgonpe
--

ALTER TABLE public.auth_group_permissions ALTER COLUMN id ADD GENERATED BY DEFAULT AS IDENTITY (
    SEQUENCE NAME public.auth_group_permissions_id_seq
    START WITH 1
    INCREMENT BY 1
    NO MINVALUE
    NO MAXVALUE
    CACHE 1
);


--
-- Name: auth_permission; Type: TABLE; Schema: public; Owner: maxgonpe
--

CREATE TABLE public.auth_permission (
    id integer NOT NULL,
    name character varying(255) NOT NULL,
    content_type_id integer NOT NULL,
    codename character varying(100) NOT NULL
);


ALTER TABLE public.auth_permission OWNER TO maxgonpe;

--
-- Name: auth_permission_id_seq; Type: SEQUENCE; Schema: public; Owner: maxgonpe
--

ALTER TABLE public.auth_permission ALTER COLUMN id ADD GENERATED BY DEFAULT AS IDENTITY (
    SEQUENCE NAME public.auth_permission_id_seq
    START WITH 1
    INCREMENT BY 1
    NO MINVALUE
    NO MAXVALUE
    CACHE 1
);


--
-- Name: auth_user; Type: TABLE; Schema: public; Owner: maxgonpe
--

CREATE TABLE public.auth_user (
    id integer NOT NULL,
    password character varying(128) NOT NULL,
    last_login timestamp with time zone,
    is_superuser boolean NOT NULL,
    username character varying(150) NOT NULL,
    first_name character varying(150) NOT NULL,
    last_name character varying(150) NOT NULL,
    email character varying(254) NOT NULL,
    is_staff boolean NOT NULL,
    is_active boolean NOT NULL,
    date_joined timestamp with time zone NOT NULL
);


ALTER TABLE public.auth_user OWNER TO maxgonpe;

--
-- Name: auth_user_groups; Type: TABLE; Schema: public; Owner: maxgonpe
--

CREATE TABLE public.auth_user_groups (
    id bigint NOT NULL,
    user_id integer NOT NULL,
    group_id integer NOT NULL
);


ALTER TABLE public.auth_user_groups OWNER TO maxgonpe;

--
-- Name: auth_user_groups_id_seq; Type: SEQUENCE; Schema: public; Owner: maxgonpe
--

ALTER TABLE public.auth_user_groups ALTER COLUMN id ADD GENERATED BY DEFAULT AS IDENTITY (
    SEQUENCE NAME public.auth_user_groups_id_seq
    START WITH 1
    INCREMENT BY 1
    NO MINVALUE
    NO MAXVALUE
    CACHE 1
);


--
-- Name: auth_user_id_seq; Type: SEQUENCE; Schema: public; Owner: maxgonpe
--

ALTER TABLE public.auth_user ALTER COLUMN id ADD GENERATED BY DEFAULT AS IDENTITY (
    SEQUENCE NAME public.auth_user_id_seq
    START WITH 1
    INCREMENT BY 1
    NO MINVALUE
    NO MAXVALUE
    CACHE 1
);


--
-- Name: auth_user_user_permissions; Type: TABLE; Schema: public; Owner: maxgonpe
--

CREATE TABLE public.auth_user_user_permissions (
    id bigint NOT NULL,
    user_id integer NOT NULL,
    permission_id integer NOT NULL
);


ALTER TABLE public.auth_user_user_permissions OWNER TO maxgonpe;

--
-- Name: auth_user_user_permissions_id_seq; Type: SEQUENCE; Schema: public; Owner: maxgonpe
--

ALTER TABLE public.auth_user_user_permissions ALTER COLUMN id ADD GENERATED BY DEFAULT AS IDENTITY (
    SEQUENCE NAME public.auth_user_user_permissions_id_seq
    START WITH 1
    INCREMENT BY 1
    NO MINVALUE
    NO MAXVALUE
    CACHE 1
);


--
-- Name: car_accion; Type: TABLE; Schema: public; Owner: maxgonpe
--

CREATE TABLE public.car_accion (
    id bigint NOT NULL,
    nombre character varying(100) NOT NULL
);


ALTER TABLE public.car_accion OWNER TO maxgonpe;

--
-- Name: car_accion_id_seq; Type: SEQUENCE; Schema: public; Owner: maxgonpe
--

ALTER TABLE public.car_accion ALTER COLUMN id ADD GENERATED BY DEFAULT AS IDENTITY (
    SEQUENCE NAME public.car_accion_id_seq
    START WITH 1
    INCREMENT BY 1
    NO MINVALUE
    NO MAXVALUE
    CACHE 1
);


--
-- Name: car_administraciontaller; Type: TABLE; Schema: public; Owner: maxgonpe
--

CREATE TABLE public.car_administraciontaller (
    id bigint NOT NULL,
    nombre_taller character varying(200) NOT NULL,
    direccion text,
    telefono character varying(20),
    email character varying(254),
    rut character varying(20),
    logo_principal_png character varying(100),
    logo_principal_svg character varying(100),
    logo_secundario_png character varying(100),
    imagen_fondo character varying(100),
    sesion_timeout_minutos integer NOT NULL,
    intentos_login_maximos integer NOT NULL,
    bloqueo_temporal_horas integer NOT NULL,
    requiere_cambio_password boolean NOT NULL,
    dias_validez_password integer NOT NULL,
    tema_por_defecto character varying(20) NOT NULL,
    mostrar_estadisticas_publicas boolean NOT NULL,
    permitir_registro_usuarios boolean NOT NULL,
    notificaciones_email boolean NOT NULL,
    fecha_creacion timestamp with time zone NOT NULL,
    fecha_actualizacion timestamp with time zone NOT NULL,
    creado_por_id integer,
    CONSTRAINT car_administraciontaller_bloqueo_temporal_horas_check CHECK ((bloqueo_temporal_horas >= 0)),
    CONSTRAINT car_administraciontaller_dias_validez_password_check CHECK ((dias_validez_password >= 0)),
    CONSTRAINT car_administraciontaller_intentos_login_maximos_check CHECK ((intentos_login_maximos >= 0)),
    CONSTRAINT car_administraciontaller_sesion_timeout_minutos_check CHECK ((sesion_timeout_minutos >= 0))
);


ALTER TABLE public.car_administraciontaller OWNER TO maxgonpe;

--
-- Name: car_administraciontaller_id_seq; Type: SEQUENCE; Schema: public; Owner: maxgonpe
--

ALTER TABLE public.car_administraciontaller ALTER COLUMN id ADD GENERATED BY DEFAULT AS IDENTITY (
    SEQUENCE NAME public.car_administraciontaller_id_seq
    START WITH 1
    INCREMENT BY 1
    NO MINVALUE
    NO MAXVALUE
    CACHE 1
);


--
-- Name: car_bonogenerado; Type: TABLE; Schema: public; Owner: maxgonpe
--

CREATE TABLE public.car_bonogenerado (
    id bigint NOT NULL,
    monto numeric(10,2) NOT NULL,
    tipo_bono character varying(20) NOT NULL,
    porcentaje_aplicado numeric(5,2),
    total_mano_obra numeric(10,2) NOT NULL,
    fecha_generacion timestamp with time zone NOT NULL,
    pagado boolean NOT NULL,
    fecha_pago timestamp with time zone,
    notas text,
    mecanico_id bigint NOT NULL,
    trabajo_id bigint NOT NULL
);


ALTER TABLE public.car_bonogenerado OWNER TO maxgonpe;

--
-- Name: car_bonogenerado_id_seq; Type: SEQUENCE; Schema: public; Owner: maxgonpe
--

ALTER TABLE public.car_bonogenerado ALTER COLUMN id ADD GENERATED BY DEFAULT AS IDENTITY (
    SEQUENCE NAME public.car_bonogenerado_id_seq
    START WITH 1
    INCREMENT BY 1
    NO MINVALUE
    NO MAXVALUE
    CACHE 1
);


--
-- Name: car_carritoitem; Type: TABLE; Schema: public; Owner: maxgonpe
--

CREATE TABLE public.car_carritoitem (
    id bigint NOT NULL,
    cantidad integer NOT NULL,
    precio_unitario numeric(12,2) NOT NULL,
    subtotal numeric(12,2) NOT NULL,
    agregado_en timestamp with time zone NOT NULL,
    repuesto_id bigint NOT NULL,
    sesion_id bigint NOT NULL,
    CONSTRAINT car_carritoitem_cantidad_check CHECK ((cantidad >= 0))
);


ALTER TABLE public.car_carritoitem OWNER TO maxgonpe;

--
-- Name: car_carritoitem_id_seq; Type: SEQUENCE; Schema: public; Owner: maxgonpe
--

ALTER TABLE public.car_carritoitem ALTER COLUMN id ADD GENERATED BY DEFAULT AS IDENTITY (
    SEQUENCE NAME public.car_carritoitem_id_seq
    START WITH 1
    INCREMENT BY 1
    NO MINVALUE
    NO MAXVALUE
    CACHE 1
);


--
-- Name: car_cliente; Type: TABLE; Schema: public; Owner: maxgonpe
--

CREATE TABLE public.car_cliente (
    id bigint NOT NULL,
    nombre character varying(100) NOT NULL,
    telefono character varying(20) NOT NULL
);


ALTER TABLE public.car_cliente OWNER TO maxgonpe;

--
-- Name: car_cliente_id_seq; Type: SEQUENCE; Schema: public; Owner: maxgonpe
--

ALTER TABLE public.car_cliente ALTER COLUMN id ADD GENERATED BY DEFAULT AS IDENTITY (
    SEQUENCE NAME public.car_cliente_id_seq
    START WITH 1
    INCREMENT BY 1
    NO MINVALUE
    NO MAXVALUE
    CACHE 1
);


--
-- Name: car_cliente_taller; Type: TABLE; Schema: public; Owner: maxgonpe
--

CREATE TABLE public.car_cliente_taller (
    rut character varying(12) NOT NULL,
    nombre character varying(100) NOT NULL,
    telefono character varying(20),
    email character varying(254),
    direccion text,
    fecha_registro timestamp with time zone NOT NULL,
    activo boolean NOT NULL
);


ALTER TABLE public.car_cliente_taller OWNER TO maxgonpe;

--
-- Name: car_componente; Type: TABLE; Schema: public; Owner: maxgonpe
--

CREATE TABLE public.car_componente (
    id bigint NOT NULL,
    nombre character varying(100) NOT NULL,
    codigo character varying(255) NOT NULL,
    activo boolean NOT NULL,
    padre_id bigint
);


ALTER TABLE public.car_componente OWNER TO maxgonpe;

--
-- Name: car_componente_id_seq; Type: SEQUENCE; Schema: public; Owner: maxgonpe
--

ALTER TABLE public.car_componente ALTER COLUMN id ADD GENERATED BY DEFAULT AS IDENTITY (
    SEQUENCE NAME public.car_componente_id_seq
    START WITH 1
    INCREMENT BY 1
    NO MINVALUE
    NO MAXVALUE
    CACHE 1
);


--
-- Name: car_componenteaccion; Type: TABLE; Schema: public; Owner: maxgonpe
--

CREATE TABLE public.car_componenteaccion (
    id bigint NOT NULL,
    precio_mano_obra numeric(10,2) NOT NULL,
    accion_id bigint NOT NULL,
    componente_id bigint NOT NULL
);


ALTER TABLE public.car_componenteaccion OWNER TO maxgonpe;

--
-- Name: car_componenteaccion_id_seq; Type: SEQUENCE; Schema: public; Owner: maxgonpe
--

ALTER TABLE public.car_componenteaccion ALTER COLUMN id ADD GENERATED BY DEFAULT AS IDENTITY (
    SEQUENCE NAME public.car_componenteaccion_id_seq
    START WITH 1
    INCREMENT BY 1
    NO MINVALUE
    NO MAXVALUE
    CACHE 1
);


--
-- Name: car_componenterepuesto; Type: TABLE; Schema: public; Owner: maxgonpe
--

CREATE TABLE public.car_componenterepuesto (
    id bigint NOT NULL,
    nota character varying(200) NOT NULL,
    componente_id bigint NOT NULL,
    repuesto_id bigint NOT NULL
);


ALTER TABLE public.car_componenterepuesto OWNER TO maxgonpe;

--
-- Name: car_componenterepuesto_id_seq; Type: SEQUENCE; Schema: public; Owner: maxgonpe
--

ALTER TABLE public.car_componenterepuesto ALTER COLUMN id ADD GENERATED BY DEFAULT AS IDENTITY (
    SEQUENCE NAME public.car_componenterepuesto_id_seq
    START WITH 1
    INCREMENT BY 1
    NO MINVALUE
    NO MAXVALUE
    CACHE 1
);


--
-- Name: car_compra; Type: TABLE; Schema: public; Owner: maxgonpe
--

CREATE TABLE public.car_compra (
    id bigint NOT NULL,
    numero_compra character varying(20) NOT NULL,
    proveedor character varying(200) NOT NULL,
    fecha_compra date NOT NULL,
    fecha_recibida date,
    estado character varying(20) NOT NULL,
    total numeric(12,2) NOT NULL,
    observaciones text NOT NULL,
    creado_en timestamp with time zone NOT NULL,
    actualizado_en timestamp with time zone NOT NULL,
    creado_por_id integer
);


ALTER TABLE public.car_compra OWNER TO maxgonpe;

--
-- Name: car_compra_id_seq; Type: SEQUENCE; Schema: public; Owner: maxgonpe
--

ALTER TABLE public.car_compra ALTER COLUMN id ADD GENERATED BY DEFAULT AS IDENTITY (
    SEQUENCE NAME public.car_compra_id_seq
    START WITH 1
    INCREMENT BY 1
    NO MINVALUE
    NO MAXVALUE
    CACHE 1
);


--
-- Name: car_compraitem; Type: TABLE; Schema: public; Owner: maxgonpe
--

CREATE TABLE public.car_compraitem (
    id bigint NOT NULL,
    cantidad integer NOT NULL,
    precio_unitario numeric(10,2) NOT NULL,
    subtotal numeric(12,2) NOT NULL,
    recibido boolean NOT NULL,
    fecha_recibido timestamp with time zone,
    compra_id bigint NOT NULL,
    repuesto_id bigint NOT NULL,
    CONSTRAINT car_compraitem_cantidad_check CHECK ((cantidad >= 0))
);


ALTER TABLE public.car_compraitem OWNER TO maxgonpe;

--
-- Name: car_compraitem_id_seq; Type: SEQUENCE; Schema: public; Owner: maxgonpe
--

ALTER TABLE public.car_compraitem ALTER COLUMN id ADD GENERATED BY DEFAULT AS IDENTITY (
    SEQUENCE NAME public.car_compraitem_id_seq
    START WITH 1
    INCREMENT BY 1
    NO MINVALUE
    NO MAXVALUE
    CACHE 1
);


--
-- Name: car_configuracionbonomecanico; Type: TABLE; Schema: public; Owner: maxgonpe
--

CREATE TABLE public.car_configuracionbonomecanico (
    id bigint NOT NULL,
    activo boolean NOT NULL,
    tipo_bono character varying(20) NOT NULL,
    porcentaje_mano_obra numeric(5,2),
    cantidad_fija numeric(10,2),
    fecha_creacion timestamp with time zone NOT NULL,
    fecha_actualizacion timestamp with time zone NOT NULL,
    notas text,
    mecanico_id bigint NOT NULL
);


ALTER TABLE public.car_configuracionbonomecanico OWNER TO maxgonpe;

--
-- Name: car_configuracionbonomecanico_id_seq; Type: SEQUENCE; Schema: public; Owner: maxgonpe
--

ALTER TABLE public.car_configuracionbonomecanico ALTER COLUMN id ADD GENERATED BY DEFAULT AS IDENTITY (
    SEQUENCE NAME public.car_configuracionbonomecanico_id_seq
    START WITH 1
    INCREMENT BY 1
    NO MINVALUE
    NO MAXVALUE
    CACHE 1
);


--
-- Name: car_configuracionpos; Type: TABLE; Schema: public; Owner: maxgonpe
--

CREATE TABLE public.car_configuracionpos (
    id bigint NOT NULL,
    nombre_empresa character varying(100) NOT NULL,
    direccion text NOT NULL,
    telefono character varying(20) NOT NULL,
    ruc character varying(20) NOT NULL,
    imprimir_ticket boolean NOT NULL,
    mostrar_descuentos boolean NOT NULL,
    permitir_venta_sin_stock boolean NOT NULL,
    margen_ganancia_default numeric(5,2) NOT NULL
);


ALTER TABLE public.car_configuracionpos OWNER TO maxgonpe;

--
-- Name: car_configuracionpos_id_seq; Type: SEQUENCE; Schema: public; Owner: maxgonpe
--

ALTER TABLE public.car_configuracionpos ALTER COLUMN id ADD GENERATED BY DEFAULT AS IDENTITY (
    SEQUENCE NAME public.car_configuracionpos_id_seq
    START WITH 1
    INCREMENT BY 1
    NO MINVALUE
    NO MAXVALUE
    CACHE 1
);


--
-- Name: car_cotizacion; Type: TABLE; Schema: public; Owner: maxgonpe
--

CREATE TABLE public.car_cotizacion (
    id bigint NOT NULL,
    fecha timestamp with time zone NOT NULL,
    subtotal numeric(12,2) NOT NULL,
    descuento numeric(12,2) NOT NULL,
    total numeric(12,2) NOT NULL,
    observaciones text NOT NULL,
    valida_hasta date NOT NULL,
    estado character varying(20) NOT NULL,
    cliente_id character varying(12),
    sesion_id bigint NOT NULL,
    usuario_id integer NOT NULL
);


ALTER TABLE public.car_cotizacion OWNER TO maxgonpe;

--
-- Name: car_cotizacion_id_seq; Type: SEQUENCE; Schema: public; Owner: maxgonpe
--

ALTER TABLE public.car_cotizacion ALTER COLUMN id ADD GENERATED BY DEFAULT AS IDENTITY (
    SEQUENCE NAME public.car_cotizacion_id_seq
    START WITH 1
    INCREMENT BY 1
    NO MINVALUE
    NO MAXVALUE
    CACHE 1
);


--
-- Name: car_cotizacionitem; Type: TABLE; Schema: public; Owner: maxgonpe
--

CREATE TABLE public.car_cotizacionitem (
    id bigint NOT NULL,
    cantidad integer NOT NULL,
    precio_unitario numeric(12,2) NOT NULL,
    subtotal numeric(12,2) NOT NULL,
    cotizacion_id bigint NOT NULL,
    repuesto_id bigint NOT NULL,
    CONSTRAINT car_cotizacionitem_cantidad_check CHECK ((cantidad >= 0))
);


ALTER TABLE public.car_cotizacionitem OWNER TO maxgonpe;

--
-- Name: car_cotizacionitem_id_seq; Type: SEQUENCE; Schema: public; Owner: maxgonpe
--

ALTER TABLE public.car_cotizacionitem ALTER COLUMN id ADD GENERATED BY DEFAULT AS IDENTITY (
    SEQUENCE NAME public.car_cotizacionitem_id_seq
    START WITH 1
    INCREMENT BY 1
    NO MINVALUE
    NO MAXVALUE
    CACHE 1
);


--
-- Name: car_diagnostico; Type: TABLE; Schema: public; Owner: maxgonpe
--

CREATE TABLE public.car_diagnostico (
    id bigint NOT NULL,
    descripcion_problema text NOT NULL,
    fecha timestamp with time zone NOT NULL,
    subcomponentes_sugeridos jsonb,
    vehiculo_id bigint NOT NULL,
    aceptado_por character varying(100),
    fecha_aceptacion timestamp with time zone,
    estado character varying(20) NOT NULL,
    visible boolean NOT NULL
);


ALTER TABLE public.car_diagnostico OWNER TO maxgonpe;

--
-- Name: car_diagnostico_componentes; Type: TABLE; Schema: public; Owner: maxgonpe
--

CREATE TABLE public.car_diagnostico_componentes (
    id bigint NOT NULL,
    diagnostico_id bigint NOT NULL,
    componente_id bigint NOT NULL
);


ALTER TABLE public.car_diagnostico_componentes OWNER TO maxgonpe;

--
-- Name: car_diagnostico_componentes_id_seq; Type: SEQUENCE; Schema: public; Owner: maxgonpe
--

ALTER TABLE public.car_diagnostico_componentes ALTER COLUMN id ADD GENERATED BY DEFAULT AS IDENTITY (
    SEQUENCE NAME public.car_diagnostico_componentes_id_seq
    START WITH 1
    INCREMENT BY 1
    NO MINVALUE
    NO MAXVALUE
    CACHE 1
);


--
-- Name: car_diagnostico_id_seq; Type: SEQUENCE; Schema: public; Owner: maxgonpe
--

ALTER TABLE public.car_diagnostico ALTER COLUMN id ADD GENERATED BY DEFAULT AS IDENTITY (
    SEQUENCE NAME public.car_diagnostico_id_seq
    START WITH 1
    INCREMENT BY 1
    NO MINVALUE
    NO MAXVALUE
    CACHE 1
);


--
-- Name: car_diagnosticocomponenteaccion; Type: TABLE; Schema: public; Owner: maxgonpe
--

CREATE TABLE public.car_diagnosticocomponenteaccion (
    id bigint NOT NULL,
    precio_mano_obra numeric(10,2) NOT NULL,
    accion_id bigint NOT NULL,
    componente_id bigint NOT NULL,
    diagnostico_id bigint NOT NULL,
    cantidad integer NOT NULL
);


ALTER TABLE public.car_diagnosticocomponenteaccion OWNER TO maxgonpe;

--
-- Name: car_diagnosticocomponenteaccion_id_seq; Type: SEQUENCE; Schema: public; Owner: maxgonpe
--

ALTER TABLE public.car_diagnosticocomponenteaccion ALTER COLUMN id ADD GENERATED BY DEFAULT AS IDENTITY (
    SEQUENCE NAME public.car_diagnosticocomponenteaccion_id_seq
    START WITH 1
    INCREMENT BY 1
    NO MINVALUE
    NO MAXVALUE
    CACHE 1
);


--
-- Name: car_diagnosticorepuesto; Type: TABLE; Schema: public; Owner: maxgonpe
--

CREATE TABLE public.car_diagnosticorepuesto (
    id bigint NOT NULL,
    cantidad integer NOT NULL,
    precio_unitario numeric(12,2),
    subtotal numeric(14,2),
    reservado boolean NOT NULL,
    creado timestamp with time zone NOT NULL,
    diagnostico_id bigint NOT NULL,
    repuesto_id bigint,
    repuesto_stock_id bigint,
    repuesto_externo_id bigint
);


ALTER TABLE public.car_diagnosticorepuesto OWNER TO maxgonpe;

--
-- Name: car_diagnosticorepuesto_id_seq; Type: SEQUENCE; Schema: public; Owner: maxgonpe
--

ALTER TABLE public.car_diagnosticorepuesto ALTER COLUMN id ADD GENERATED BY DEFAULT AS IDENTITY (
    SEQUENCE NAME public.car_diagnosticorepuesto_id_seq
    START WITH 1
    INCREMENT BY 1
    NO MINVALUE
    NO MAXVALUE
    CACHE 1
);


--
-- Name: car_excepcionbonotrabajo; Type: TABLE; Schema: public; Owner: maxgonpe
--

CREATE TABLE public.car_excepcionbonotrabajo (
    id bigint NOT NULL,
    motivo text NOT NULL,
    fecha_creacion timestamp with time zone NOT NULL,
    creado_por_id integer,
    trabajo_id bigint NOT NULL
);


ALTER TABLE public.car_excepcionbonotrabajo OWNER TO maxgonpe;

--
-- Name: car_excepcionbonotrabajo_id_seq; Type: SEQUENCE; Schema: public; Owner: maxgonpe
--

ALTER TABLE public.car_excepcionbonotrabajo ALTER COLUMN id ADD GENERATED BY DEFAULT AS IDENTITY (
    SEQUENCE NAME public.car_excepcionbonotrabajo_id_seq
    START WITH 1
    INCREMENT BY 1
    NO MINVALUE
    NO MAXVALUE
    CACHE 1
);


--
-- Name: car_mecanico; Type: TABLE; Schema: public; Owner: maxgonpe
--

CREATE TABLE public.car_mecanico (
    id bigint NOT NULL,
    especialidad character varying(100),
    fecha_ingreso date NOT NULL,
    activo boolean NOT NULL,
    user_id integer NOT NULL,
    aprobar_diagnosticos boolean NOT NULL,
    crear_clientes boolean NOT NULL,
    crear_vehiculos boolean NOT NULL,
    gestionar_usuarios boolean NOT NULL,
    puede_ver_administracion boolean NOT NULL,
    puede_ver_compras boolean NOT NULL,
    puede_ver_diagnosticos boolean NOT NULL,
    puede_ver_inventario boolean NOT NULL,
    puede_ver_pos boolean NOT NULL,
    puede_ver_trabajos boolean NOT NULL,
    rol character varying(20) NOT NULL
);


ALTER TABLE public.car_mecanico OWNER TO maxgonpe;

--
-- Name: car_mecanico_id_seq; Type: SEQUENCE; Schema: public; Owner: maxgonpe
--

ALTER TABLE public.car_mecanico ALTER COLUMN id ADD GENERATED BY DEFAULT AS IDENTITY (
    SEQUENCE NAME public.car_mecanico_id_seq
    START WITH 1
    INCREMENT BY 1
    NO MINVALUE
    NO MAXVALUE
    CACHE 1
);


--
-- Name: car_pagomecanico; Type: TABLE; Schema: public; Owner: maxgonpe
--

CREATE TABLE public.car_pagomecanico (
    id bigint NOT NULL,
    monto numeric(10,2) NOT NULL,
    metodo_pago character varying(20) NOT NULL,
    fecha_pago timestamp with time zone NOT NULL,
    notas text,
    mecanico_id bigint NOT NULL,
    registrado_por_id integer
);


ALTER TABLE public.car_pagomecanico OWNER TO maxgonpe;

--
-- Name: car_pagomecanico_bonos_aplicados; Type: TABLE; Schema: public; Owner: maxgonpe
--

CREATE TABLE public.car_pagomecanico_bonos_aplicados (
    id bigint NOT NULL,
    pagomecanico_id bigint NOT NULL,
    bonogenerado_id bigint NOT NULL
);


ALTER TABLE public.car_pagomecanico_bonos_aplicados OWNER TO maxgonpe;

--
-- Name: car_pagomecanico_bonos_aplicados_id_seq; Type: SEQUENCE; Schema: public; Owner: maxgonpe
--

ALTER TABLE public.car_pagomecanico_bonos_aplicados ALTER COLUMN id ADD GENERATED BY DEFAULT AS IDENTITY (
    SEQUENCE NAME public.car_pagomecanico_bonos_aplicados_id_seq
    START WITH 1
    INCREMENT BY 1
    NO MINVALUE
    NO MAXVALUE
    CACHE 1
);


--
-- Name: car_pagomecanico_id_seq; Type: SEQUENCE; Schema: public; Owner: maxgonpe
--

ALTER TABLE public.car_pagomecanico ALTER COLUMN id ADD GENERATED BY DEFAULT AS IDENTITY (
    SEQUENCE NAME public.car_pagomecanico_id_seq
    START WITH 1
    INCREMENT BY 1
    NO MINVALUE
    NO MAXVALUE
    CACHE 1
);


--
-- Name: car_prefijorepuesto; Type: TABLE; Schema: public; Owner: maxgonpe
--

CREATE TABLE public.car_prefijorepuesto (
    id bigint NOT NULL,
    palabra character varying(100) NOT NULL,
    abreviatura character varying(10) NOT NULL
);


ALTER TABLE public.car_prefijorepuesto OWNER TO maxgonpe;

--
-- Name: car_prefijorepuesto_id_seq; Type: SEQUENCE; Schema: public; Owner: maxgonpe
--

ALTER TABLE public.car_prefijorepuesto ALTER COLUMN id ADD GENERATED BY DEFAULT AS IDENTITY (
    SEQUENCE NAME public.car_prefijorepuesto_id_seq
    START WITH 1
    INCREMENT BY 1
    NO MINVALUE
    NO MAXVALUE
    CACHE 1
);


--
-- Name: car_registroevento; Type: TABLE; Schema: public; Owner: maxgonpe
--

CREATE TABLE public.car_registroevento (
    id bigint NOT NULL,
    trabajo_id integer,
    diagnostico_id integer,
    vehiculo_id integer NOT NULL,
    tipo_evento character varying(30) NOT NULL,
    fecha_evento timestamp with time zone NOT NULL,
    vehiculo_placa character varying(20) NOT NULL,
    vehiculo_marca character varying(100),
    vehiculo_modelo character varying(100),
    cliente_nombre character varying(200),
    estado_anterior character varying(20),
    estado_nuevo character varying(20),
    accion_id integer,
    accion_nombre character varying(200),
    componente_nombre character varying(200),
    repuesto_id integer,
    repuesto_nombre character varying(200),
    repuesto_cantidad integer,
    monto numeric(10,2),
    usuario_id integer,
    usuario_nombre character varying(150),
    mecanico_id integer,
    mecanico_nombre character varying(200),
    descripcion text,
    fecha_ingreso timestamp with time zone,
    fecha_entrega timestamp with time zone,
    dias_en_taller integer,
    total_mano_obra numeric(10,2),
    total_repuestos numeric(10,2),
    total_general numeric(10,2),
    creado_en timestamp with time zone NOT NULL
);


ALTER TABLE public.car_registroevento OWNER TO maxgonpe;

--
-- Name: car_registroevento_id_seq; Type: SEQUENCE; Schema: public; Owner: maxgonpe
--

ALTER TABLE public.car_registroevento ALTER COLUMN id ADD GENERATED BY DEFAULT AS IDENTITY (
    SEQUENCE NAME public.car_registroevento_id_seq
    START WITH 1
    INCREMENT BY 1
    NO MINVALUE
    NO MAXVALUE
    CACHE 1
);


--
-- Name: car_reparacion; Type: TABLE; Schema: public; Owner: maxgonpe
--

CREATE TABLE public.car_reparacion (
    id bigint NOT NULL,
    subcomponente character varying(100) NOT NULL,
    accion character varying(200) NOT NULL,
    tiempo_estimado_minutos integer NOT NULL,
    diagnostico_id bigint NOT NULL,
    CONSTRAINT car_reparacion_tiempo_estimado_minutos_check CHECK ((tiempo_estimado_minutos >= 0))
);


ALTER TABLE public.car_reparacion OWNER TO maxgonpe;

--
-- Name: car_reparacion_id_seq; Type: SEQUENCE; Schema: public; Owner: maxgonpe
--

ALTER TABLE public.car_reparacion ALTER COLUMN id ADD GENERATED BY DEFAULT AS IDENTITY (
    SEQUENCE NAME public.car_reparacion_id_seq
    START WITH 1
    INCREMENT BY 1
    NO MINVALUE
    NO MAXVALUE
    CACHE 1
);


--
-- Name: car_repuesto; Type: TABLE; Schema: public; Owner: maxgonpe
--

CREATE TABLE public.car_repuesto (
    id bigint NOT NULL,
    sku character varying(64),
    oem character varying(64),
    referencia character varying(128),
    nombre character varying(250) NOT NULL,
    marca character varying(120) NOT NULL,
    descripcion text NOT NULL,
    medida character varying(80) NOT NULL,
    posicion character varying(80) NOT NULL,
    unidad character varying(20) NOT NULL,
    precio_costo numeric(12,2),
    precio_venta numeric(12,2),
    created timestamp with time zone NOT NULL,
    codigo_barra character varying(100),
    stock integer NOT NULL,
    cod_prov character varying(100),
    marca_veh character varying(100),
    origen_repuesto character varying(100),
    tipo_de_motor text,
    carroceria character varying(100),
    cilindrada character varying(50),
    combustible character varying(50),
    nro_valvulas integer,
    otro_especial character varying(200)
);


ALTER TABLE public.car_repuesto OWNER TO maxgonpe;

--
-- Name: car_repuesto_id_seq; Type: SEQUENCE; Schema: public; Owner: maxgonpe
--

ALTER TABLE public.car_repuesto ALTER COLUMN id ADD GENERATED BY DEFAULT AS IDENTITY (
    SEQUENCE NAME public.car_repuesto_id_seq
    START WITH 1
    INCREMENT BY 1
    NO MINVALUE
    NO MAXVALUE
    CACHE 1
);


--
-- Name: car_repuestoaplicacion; Type: TABLE; Schema: public; Owner: maxgonpe
--

CREATE TABLE public.car_repuestoaplicacion (
    id bigint NOT NULL,
    posicion character varying(80) NOT NULL,
    repuesto_id bigint NOT NULL,
    version_id bigint NOT NULL,
    carroceria character varying(100),
    motor character varying(100),
    cilindrada character varying(50),
    combustible character varying(50),
    nro_valvulas integer,
    otro_especial character varying(200)
);


ALTER TABLE public.car_repuestoaplicacion OWNER TO maxgonpe;

--
-- Name: car_repuestoaplicacion_id_seq; Type: SEQUENCE; Schema: public; Owner: maxgonpe
--

ALTER TABLE public.car_repuestoaplicacion ALTER COLUMN id ADD GENERATED BY DEFAULT AS IDENTITY (
    SEQUENCE NAME public.car_repuestoaplicacion_id_seq
    START WITH 1
    INCREMENT BY 1
    NO MINVALUE
    NO MAXVALUE
    CACHE 1
);


--
-- Name: car_repuestoenstock; Type: TABLE; Schema: public; Owner: maxgonpe
--

CREATE TABLE public.car_repuestoenstock (
    id bigint NOT NULL,
    deposito character varying(80) NOT NULL,
    proveedor character varying(120) NOT NULL,
    stock integer NOT NULL,
    reservado integer NOT NULL,
    precio_compra numeric(12,2),
    precio_venta numeric(12,2),
    ultima_actualizacion timestamp with time zone NOT NULL,
    repuesto_id bigint NOT NULL
);


ALTER TABLE public.car_repuestoenstock OWNER TO maxgonpe;

--
-- Name: car_repuestoenstock_id_seq; Type: SEQUENCE; Schema: public; Owner: maxgonpe
--

ALTER TABLE public.car_repuestoenstock ALTER COLUMN id ADD GENERATED BY DEFAULT AS IDENTITY (
    SEQUENCE NAME public.car_repuestoenstock_id_seq
    START WITH 1
    INCREMENT BY 1
    NO MINVALUE
    NO MAXVALUE
    CACHE 1
);


--
-- Name: car_repuestoexterno; Type: TABLE; Schema: public; Owner: maxgonpe
--

CREATE TABLE public.car_repuestoexterno (
    id bigint NOT NULL,
    nombre character varying(255) NOT NULL,
    proveedor character varying(50) NOT NULL,
    proveedor_nombre character varying(100),
    codigo_proveedor character varying(100),
    precio_referencial numeric(10,0) NOT NULL,
    url_producto character varying(500),
    descripcion text,
    marca character varying(100),
    fecha_creacion timestamp with time zone NOT NULL,
    fecha_actualizacion timestamp with time zone NOT NULL,
    activo boolean NOT NULL,
    veces_usado integer NOT NULL,
    creado_por_id integer
);


ALTER TABLE public.car_repuestoexterno OWNER TO maxgonpe;

--
-- Name: car_repuestoexterno_id_seq; Type: SEQUENCE; Schema: public; Owner: maxgonpe
--

ALTER TABLE public.car_repuestoexterno ALTER COLUMN id ADD GENERATED BY DEFAULT AS IDENTITY (
    SEQUENCE NAME public.car_repuestoexterno_id_seq
    START WITH 1
    INCREMENT BY 1
    NO MINVALUE
    NO MAXVALUE
    CACHE 1
);


--
-- Name: car_repuestoexterno_vehiculos_compatibles; Type: TABLE; Schema: public; Owner: maxgonpe
--

CREATE TABLE public.car_repuestoexterno_vehiculos_compatibles (
    id bigint NOT NULL,
    repuestoexterno_id bigint NOT NULL,
    vehiculo_id bigint NOT NULL
);


ALTER TABLE public.car_repuestoexterno_vehiculos_compatibles OWNER TO maxgonpe;

--
-- Name: car_repuestoexterno_vehiculos_compatibles_id_seq; Type: SEQUENCE; Schema: public; Owner: maxgonpe
--

ALTER TABLE public.car_repuestoexterno_vehiculos_compatibles ALTER COLUMN id ADD GENERATED BY DEFAULT AS IDENTITY (
    SEQUENCE NAME public.car_repuestoexterno_vehiculos_compatibles_id_seq
    START WITH 1
    INCREMENT BY 1
    NO MINVALUE
    NO MAXVALUE
    CACHE 1
);


--
-- Name: car_resumentrabajo; Type: TABLE; Schema: public; Owner: maxgonpe
--

CREATE TABLE public.car_resumentrabajo (
    id bigint NOT NULL,
    trabajo_id integer NOT NULL,
    vehiculo_placa character varying(20) NOT NULL,
    vehiculo_marca character varying(100),
    vehiculo_modelo character varying(100),
    cliente_nombre character varying(200),
    fecha_ingreso timestamp with time zone NOT NULL,
    fecha_ultimo_estado timestamp with time zone,
    fecha_entrega timestamp with time zone,
    estado_actual character varying(20) NOT NULL,
    total_acciones integer NOT NULL,
    acciones_completadas integer NOT NULL,
    repuestos_instalados integer NOT NULL,
    total_mano_obra numeric(10,2) NOT NULL,
    total_repuestos numeric(10,2) NOT NULL,
    total_general numeric(10,2) NOT NULL,
    total_abonos numeric(10,2) NOT NULL,
    porcentaje_avance integer NOT NULL,
    porcentaje_cobrado integer NOT NULL,
    dias_en_taller integer NOT NULL,
    dias_desde_entrega integer,
    mecanicos_asignados character varying(500),
    ultima_actualizacion timestamp with time zone NOT NULL,
    cantidad_repuestos integer NOT NULL
);


ALTER TABLE public.car_resumentrabajo OWNER TO maxgonpe;

--
-- Name: car_resumentrabajo_id_seq; Type: SEQUENCE; Schema: public; Owner: maxgonpe
--

ALTER TABLE public.car_resumentrabajo ALTER COLUMN id ADD GENERATED BY DEFAULT AS IDENTITY (
    SEQUENCE NAME public.car_resumentrabajo_id_seq
    START WITH 1
    INCREMENT BY 1
    NO MINVALUE
    NO MAXVALUE
    CACHE 1
);


--
-- Name: car_sesionventa; Type: TABLE; Schema: public; Owner: maxgonpe
--

CREATE TABLE public.car_sesionventa (
    id bigint NOT NULL,
    fecha_inicio timestamp with time zone NOT NULL,
    fecha_fin timestamp with time zone,
    activa boolean NOT NULL,
    total_ventas numeric(12,2) NOT NULL,
    numero_ventas integer NOT NULL,
    usuario_id integer NOT NULL,
    CONSTRAINT car_sesionventa_numero_ventas_check CHECK ((numero_ventas >= 0))
);


ALTER TABLE public.car_sesionventa OWNER TO maxgonpe;

--
-- Name: car_sesionventa_id_seq; Type: SEQUENCE; Schema: public; Owner: maxgonpe
--

ALTER TABLE public.car_sesionventa ALTER COLUMN id ADD GENERATED BY DEFAULT AS IDENTITY (
    SEQUENCE NAME public.car_sesionventa_id_seq
    START WITH 1
    INCREMENT BY 1
    NO MINVALUE
    NO MAXVALUE
    CACHE 1
);


--
-- Name: car_stockmovimiento; Type: TABLE; Schema: public; Owner: maxgonpe
--

CREATE TABLE public.car_stockmovimiento (
    id bigint NOT NULL,
    tipo character varying(20) NOT NULL,
    cantidad integer NOT NULL,
    motivo character varying(200) NOT NULL,
    referencia character varying(120) NOT NULL,
    fecha timestamp with time zone NOT NULL,
    repuesto_stock_id bigint NOT NULL,
    usuario_id integer
);


ALTER TABLE public.car_stockmovimiento OWNER TO maxgonpe;

--
-- Name: car_stockmovimiento_id_seq; Type: SEQUENCE; Schema: public; Owner: maxgonpe
--

ALTER TABLE public.car_stockmovimiento ALTER COLUMN id ADD GENERATED BY DEFAULT AS IDENTITY (
    SEQUENCE NAME public.car_stockmovimiento_id_seq
    START WITH 1
    INCREMENT BY 1
    NO MINVALUE
    NO MAXVALUE
    CACHE 1
);


--
-- Name: car_trabajo; Type: TABLE; Schema: public; Owner: maxgonpe
--

CREATE TABLE public.car_trabajo (
    id bigint NOT NULL,
    fecha_inicio timestamp with time zone NOT NULL,
    fecha_fin timestamp with time zone,
    estado character varying(20) NOT NULL,
    observaciones text,
    diagnostico_id bigint NOT NULL,
    vehiculo_id bigint NOT NULL,
    lectura_kilometraje_actual integer,
    visible boolean NOT NULL
);


ALTER TABLE public.car_trabajo OWNER TO maxgonpe;

--
-- Name: car_trabajo_componentes; Type: TABLE; Schema: public; Owner: maxgonpe
--

CREATE TABLE public.car_trabajo_componentes (
    id bigint NOT NULL,
    trabajo_id bigint NOT NULL,
    componente_id bigint NOT NULL
);


ALTER TABLE public.car_trabajo_componentes OWNER TO maxgonpe;

--
-- Name: car_trabajo_componentes_id_seq; Type: SEQUENCE; Schema: public; Owner: maxgonpe
--

ALTER TABLE public.car_trabajo_componentes ALTER COLUMN id ADD GENERATED BY DEFAULT AS IDENTITY (
    SEQUENCE NAME public.car_trabajo_componentes_id_seq
    START WITH 1
    INCREMENT BY 1
    NO MINVALUE
    NO MAXVALUE
    CACHE 1
);


--
-- Name: car_trabajo_id_seq; Type: SEQUENCE; Schema: public; Owner: maxgonpe
--

ALTER TABLE public.car_trabajo ALTER COLUMN id ADD GENERATED BY DEFAULT AS IDENTITY (
    SEQUENCE NAME public.car_trabajo_id_seq
    START WITH 1
    INCREMENT BY 1
    NO MINVALUE
    NO MAXVALUE
    CACHE 1
);


--
-- Name: car_trabajo_mecanicos; Type: TABLE; Schema: public; Owner: maxgonpe
--

CREATE TABLE public.car_trabajo_mecanicos (
    id bigint NOT NULL,
    trabajo_id bigint NOT NULL,
    mecanico_id bigint NOT NULL
);


ALTER TABLE public.car_trabajo_mecanicos OWNER TO maxgonpe;

--
-- Name: car_trabajo_mecanicos_id_seq; Type: SEQUENCE; Schema: public; Owner: maxgonpe
--

ALTER TABLE public.car_trabajo_mecanicos ALTER COLUMN id ADD GENERATED BY DEFAULT AS IDENTITY (
    SEQUENCE NAME public.car_trabajo_mecanicos_id_seq
    START WITH 1
    INCREMENT BY 1
    NO MINVALUE
    NO MAXVALUE
    CACHE 1
);


--
-- Name: car_trabajoabono; Type: TABLE; Schema: public; Owner: maxgonpe
--

CREATE TABLE public.car_trabajoabono (
    id bigint NOT NULL,
    fecha timestamp with time zone NOT NULL,
    monto numeric(12,2) NOT NULL,
    metodo_pago character varying(20) NOT NULL,
    descripcion text,
    trabajo_id bigint NOT NULL,
    usuario_id integer
);


ALTER TABLE public.car_trabajoabono OWNER TO maxgonpe;

--
-- Name: car_trabajoabono_id_seq; Type: SEQUENCE; Schema: public; Owner: maxgonpe
--

ALTER TABLE public.car_trabajoabono ALTER COLUMN id ADD GENERATED BY DEFAULT AS IDENTITY (
    SEQUENCE NAME public.car_trabajoabono_id_seq
    START WITH 1
    INCREMENT BY 1
    NO MINVALUE
    NO MAXVALUE
    CACHE 1
);


--
-- Name: car_trabajoaccion; Type: TABLE; Schema: public; Owner: maxgonpe
--

CREATE TABLE public.car_trabajoaccion (
    id bigint NOT NULL,
    precio_mano_obra numeric(10,2) NOT NULL,
    accion_id bigint NOT NULL,
    componente_id bigint NOT NULL,
    trabajo_id bigint NOT NULL,
    completado boolean NOT NULL,
    fecha timestamp with time zone,
    cantidad integer NOT NULL
);


ALTER TABLE public.car_trabajoaccion OWNER TO maxgonpe;

--
-- Name: car_trabajoaccion_id_seq; Type: SEQUENCE; Schema: public; Owner: maxgonpe
--

ALTER TABLE public.car_trabajoaccion ALTER COLUMN id ADD GENERATED BY DEFAULT AS IDENTITY (
    SEQUENCE NAME public.car_trabajoaccion_id_seq
    START WITH 1
    INCREMENT BY 1
    NO MINVALUE
    NO MAXVALUE
    CACHE 1
);


--
-- Name: car_trabajoadicional; Type: TABLE; Schema: public; Owner: maxgonpe
--

CREATE TABLE public.car_trabajoadicional (
    id bigint NOT NULL,
    concepto text NOT NULL,
    monto numeric(12,2) NOT NULL,
    fecha timestamp with time zone NOT NULL,
    trabajo_id bigint NOT NULL,
    usuario_id integer,
    descuento boolean NOT NULL
);


ALTER TABLE public.car_trabajoadicional OWNER TO maxgonpe;

--
-- Name: car_trabajoadicional_id_seq; Type: SEQUENCE; Schema: public; Owner: maxgonpe
--

ALTER TABLE public.car_trabajoadicional ALTER COLUMN id ADD GENERATED BY DEFAULT AS IDENTITY (
    SEQUENCE NAME public.car_trabajoadicional_id_seq
    START WITH 1
    INCREMENT BY 1
    NO MINVALUE
    NO MAXVALUE
    CACHE 1
);


--
-- Name: car_trabajofoto; Type: TABLE; Schema: public; Owner: maxgonpe
--

CREATE TABLE public.car_trabajofoto (
    id bigint NOT NULL,
    imagen character varying(100) NOT NULL,
    descripcion character varying(255),
    fecha timestamp with time zone NOT NULL,
    trabajo_id bigint NOT NULL
);


ALTER TABLE public.car_trabajofoto OWNER TO maxgonpe;

--
-- Name: car_trabajofoto_id_seq; Type: SEQUENCE; Schema: public; Owner: maxgonpe
--

ALTER TABLE public.car_trabajofoto ALTER COLUMN id ADD GENERATED BY DEFAULT AS IDENTITY (
    SEQUENCE NAME public.car_trabajofoto_id_seq
    START WITH 1
    INCREMENT BY 1
    NO MINVALUE
    NO MAXVALUE
    CACHE 1
);


--
-- Name: car_trabajorepuesto; Type: TABLE; Schema: public; Owner: maxgonpe
--

CREATE TABLE public.car_trabajorepuesto (
    id bigint NOT NULL,
    cantidad integer NOT NULL,
    precio_unitario numeric(12,2) NOT NULL,
    subtotal numeric(14,2) NOT NULL,
    repuesto_id bigint,
    trabajo_id bigint NOT NULL,
    componente_id bigint,
    completado boolean NOT NULL,
    fecha timestamp with time zone,
    repuesto_externo_id bigint
);


ALTER TABLE public.car_trabajorepuesto OWNER TO maxgonpe;

--
-- Name: car_trabajorepuesto_id_seq; Type: SEQUENCE; Schema: public; Owner: maxgonpe
--

ALTER TABLE public.car_trabajorepuesto ALTER COLUMN id ADD GENERATED BY DEFAULT AS IDENTITY (
    SEQUENCE NAME public.car_trabajorepuesto_id_seq
    START WITH 1
    INCREMENT BY 1
    NO MINVALUE
    NO MAXVALUE
    CACHE 1
);


--
-- Name: car_vehiculo; Type: TABLE; Schema: public; Owner: maxgonpe
--

CREATE TABLE public.car_vehiculo (
    id bigint NOT NULL,
    marca character varying(50) NOT NULL,
    modelo character varying(50) NOT NULL,
    anio integer NOT NULL,
    vin character varying(50),
    placa character varying(10) NOT NULL,
    descripcion_motor character varying(100),
    cliente_id character varying(12) NOT NULL,
    CONSTRAINT car_vehiculo_anio_check CHECK ((anio >= 0))
);


ALTER TABLE public.car_vehiculo OWNER TO maxgonpe;

--
-- Name: car_vehiculo_id_seq; Type: SEQUENCE; Schema: public; Owner: maxgonpe
--

ALTER TABLE public.car_vehiculo ALTER COLUMN id ADD GENERATED BY DEFAULT AS IDENTITY (
    SEQUENCE NAME public.car_vehiculo_id_seq
    START WITH 1
    INCREMENT BY 1
    NO MINVALUE
    NO MAXVALUE
    CACHE 1
);


--
-- Name: car_vehiculoversion; Type: TABLE; Schema: public; Owner: maxgonpe
--

CREATE TABLE public.car_vehiculoversion (
    id bigint NOT NULL,
    marca character varying(80) NOT NULL,
    modelo character varying(120) NOT NULL,
    anio_desde integer NOT NULL,
    anio_hasta integer NOT NULL,
    carroceria character varying(100),
    motor character varying(100),
    cilindrada character varying(50),
    combustible character varying(50),
    nro_valvulas integer,
    otro_especial character varying(200)
);


ALTER TABLE public.car_vehiculoversion OWNER TO maxgonpe;

--
-- Name: car_vehiculoversion_id_seq; Type: SEQUENCE; Schema: public; Owner: maxgonpe
--

ALTER TABLE public.car_vehiculoversion ALTER COLUMN id ADD GENERATED BY DEFAULT AS IDENTITY (
    SEQUENCE NAME public.car_vehiculoversion_id_seq
    START WITH 1
    INCREMENT BY 1
    NO MINVALUE
    NO MAXVALUE
    CACHE 1
);


--
-- Name: car_venta; Type: TABLE; Schema: public; Owner: maxgonpe
--

CREATE TABLE public.car_venta (
    id bigint NOT NULL,
    fecha timestamp with time zone NOT NULL,
    total numeric(12,2) NOT NULL,
    pagado boolean NOT NULL,
    metodo_pago character varying(20) NOT NULL,
    cliente_id character varying(12),
    usuario_id integer
);


ALTER TABLE public.car_venta OWNER TO maxgonpe;

--
-- Name: car_venta_id_seq; Type: SEQUENCE; Schema: public; Owner: maxgonpe
--

ALTER TABLE public.car_venta ALTER COLUMN id ADD GENERATED BY DEFAULT AS IDENTITY (
    SEQUENCE NAME public.car_venta_id_seq
    START WITH 1
    INCREMENT BY 1
    NO MINVALUE
    NO MAXVALUE
    CACHE 1
);


--
-- Name: car_ventaitem; Type: TABLE; Schema: public; Owner: maxgonpe
--

CREATE TABLE public.car_ventaitem (
    id bigint NOT NULL,
    cantidad integer NOT NULL,
    precio_unitario numeric(12,2) NOT NULL,
    subtotal numeric(12,2) NOT NULL,
    repuesto_stock_id bigint NOT NULL,
    venta_id bigint NOT NULL,
    CONSTRAINT car_ventaitem_cantidad_check CHECK ((cantidad >= 0))
);


ALTER TABLE public.car_ventaitem OWNER TO maxgonpe;

--
-- Name: car_ventaitem_id_seq; Type: SEQUENCE; Schema: public; Owner: maxgonpe
--

ALTER TABLE public.car_ventaitem ALTER COLUMN id ADD GENERATED BY DEFAULT AS IDENTITY (
    SEQUENCE NAME public.car_ventaitem_id_seq
    START WITH 1
    INCREMENT BY 1
    NO MINVALUE
    NO MAXVALUE
    CACHE 1
);


--
-- Name: car_ventapos; Type: TABLE; Schema: public; Owner: maxgonpe
--

CREATE TABLE public.car_ventapos (
    id bigint NOT NULL,
    fecha timestamp with time zone NOT NULL,
    subtotal numeric(12,2) NOT NULL,
    descuento numeric(12,2) NOT NULL,
    total numeric(12,2) NOT NULL,
    metodo_pago character varying(20) NOT NULL,
    pagado boolean NOT NULL,
    observaciones text NOT NULL,
    cliente_id character varying(12),
    sesion_id bigint NOT NULL,
    usuario_id integer NOT NULL
);


ALTER TABLE public.car_ventapos OWNER TO maxgonpe;

--
-- Name: car_ventapos_id_seq; Type: SEQUENCE; Schema: public; Owner: maxgonpe
--

ALTER TABLE public.car_ventapos ALTER COLUMN id ADD GENERATED BY DEFAULT AS IDENTITY (
    SEQUENCE NAME public.car_ventapos_id_seq
    START WITH 1
    INCREMENT BY 1
    NO MINVALUE
    NO MAXVALUE
    CACHE 1
);


--
-- Name: car_ventapositem; Type: TABLE; Schema: public; Owner: maxgonpe
--

CREATE TABLE public.car_ventapositem (
    id bigint NOT NULL,
    cantidad integer NOT NULL,
    precio_unitario numeric(12,2) NOT NULL,
    subtotal numeric(12,2) NOT NULL,
    repuesto_id bigint NOT NULL,
    venta_id bigint NOT NULL,
    CONSTRAINT car_ventapositem_cantidad_check CHECK ((cantidad >= 0))
);


ALTER TABLE public.car_ventapositem OWNER TO maxgonpe;

--
-- Name: car_ventapositem_id_seq; Type: SEQUENCE; Schema: public; Owner: maxgonpe
--

ALTER TABLE public.car_ventapositem ALTER COLUMN id ADD GENERATED BY DEFAULT AS IDENTITY (
    SEQUENCE NAME public.car_ventapositem_id_seq
    START WITH 1
    INCREMENT BY 1
    NO MINVALUE
    NO MAXVALUE
    CACHE 1
);


--
-- Name: django_admin_log; Type: TABLE; Schema: public; Owner: maxgonpe
--

CREATE TABLE public.django_admin_log (
    id integer NOT NULL,
    action_time timestamp with time zone NOT NULL,
    object_id text,
    object_repr character varying(200) NOT NULL,
    action_flag smallint NOT NULL,
    change_message text NOT NULL,
    content_type_id integer,
    user_id integer NOT NULL,
    CONSTRAINT django_admin_log_action_flag_check CHECK ((action_flag >= 0))
);


ALTER TABLE public.django_admin_log OWNER TO maxgonpe;

--
-- Name: django_admin_log_id_seq; Type: SEQUENCE; Schema: public; Owner: maxgonpe
--

ALTER TABLE public.django_admin_log ALTER COLUMN id ADD GENERATED BY DEFAULT AS IDENTITY (
    SEQUENCE NAME public.django_admin_log_id_seq
    START WITH 1
    INCREMENT BY 1
    NO MINVALUE
    NO MAXVALUE
    CACHE 1
);


--
-- Name: django_content_type; Type: TABLE; Schema: public; Owner: maxgonpe
--

CREATE TABLE public.django_content_type (
    id integer NOT NULL,
    app_label character varying(100) NOT NULL,
    model character varying(100) NOT NULL
);


ALTER TABLE public.django_content_type OWNER TO maxgonpe;

--
-- Name: django_content_type_id_seq; Type: SEQUENCE; Schema: public; Owner: maxgonpe
--

ALTER TABLE public.django_content_type ALTER COLUMN id ADD GENERATED BY DEFAULT AS IDENTITY (
    SEQUENCE NAME public.django_content_type_id_seq
    START WITH 1
    INCREMENT BY 1
    NO MINVALUE
    NO MAXVALUE
    CACHE 1
);


--
-- Name: django_migrations; Type: TABLE; Schema: public; Owner: maxgonpe
--

CREATE TABLE public.django_migrations (
    id bigint NOT NULL,
    app character varying(255) NOT NULL,
    name character varying(255) NOT NULL,
    applied timestamp with time zone NOT NULL
);


ALTER TABLE public.django_migrations OWNER TO maxgonpe;

--
-- Name: django_migrations_id_seq; Type: SEQUENCE; Schema: public; Owner: maxgonpe
--

ALTER TABLE public.django_migrations ALTER COLUMN id ADD GENERATED BY DEFAULT AS IDENTITY (
    SEQUENCE NAME public.django_migrations_id_seq
    START WITH 1
    INCREMENT BY 1
    NO MINVALUE
    NO MAXVALUE
    CACHE 1
);


--
-- Name: django_session; Type: TABLE; Schema: public; Owner: maxgonpe
--

CREATE TABLE public.django_session (
    session_key character varying(40) NOT NULL,
    session_data text NOT NULL,
    expire_date timestamp with time zone NOT NULL
);


ALTER TABLE public.django_session OWNER TO maxgonpe;

--
-- Data for Name: auth_group; Type: TABLE DATA; Schema: public; Owner: maxgonpe
--



--
-- Data for Name: auth_group_permissions; Type: TABLE DATA; Schema: public; Owner: maxgonpe
--



--
-- Data for Name: auth_permission; Type: TABLE DATA; Schema: public; Owner: maxgonpe
--

INSERT INTO public.auth_permission VALUES (1, 'Can add log entry', 1, 'add_logentry');
INSERT INTO public.auth_permission VALUES (2, 'Can change log entry', 1, 'change_logentry');
INSERT INTO public.auth_permission VALUES (3, 'Can delete log entry', 1, 'delete_logentry');
INSERT INTO public.auth_permission VALUES (4, 'Can view log entry', 1, 'view_logentry');
INSERT INTO public.auth_permission VALUES (5, 'Can add permission', 2, 'add_permission');
INSERT INTO public.auth_permission VALUES (6, 'Can change permission', 2, 'change_permission');
INSERT INTO public.auth_permission VALUES (7, 'Can delete permission', 2, 'delete_permission');
INSERT INTO public.auth_permission VALUES (8, 'Can view permission', 2, 'view_permission');
INSERT INTO public.auth_permission VALUES (9, 'Can add group', 3, 'add_group');
INSERT INTO public.auth_permission VALUES (10, 'Can change group', 3, 'change_group');
INSERT INTO public.auth_permission VALUES (11, 'Can delete group', 3, 'delete_group');
INSERT INTO public.auth_permission VALUES (12, 'Can view group', 3, 'view_group');
INSERT INTO public.auth_permission VALUES (13, 'Can add user', 4, 'add_user');
INSERT INTO public.auth_permission VALUES (14, 'Can change user', 4, 'change_user');
INSERT INTO public.auth_permission VALUES (15, 'Can delete user', 4, 'delete_user');
INSERT INTO public.auth_permission VALUES (16, 'Can view user', 4, 'view_user');
INSERT INTO public.auth_permission VALUES (17, 'Can add content type', 5, 'add_contenttype');
INSERT INTO public.auth_permission VALUES (18, 'Can change content type', 5, 'change_contenttype');
INSERT INTO public.auth_permission VALUES (19, 'Can delete content type', 5, 'delete_contenttype');
INSERT INTO public.auth_permission VALUES (20, 'Can view content type', 5, 'view_contenttype');
INSERT INTO public.auth_permission VALUES (21, 'Can add session', 6, 'add_session');
INSERT INTO public.auth_permission VALUES (22, 'Can change session', 6, 'change_session');
INSERT INTO public.auth_permission VALUES (23, 'Can delete session', 6, 'delete_session');
INSERT INTO public.auth_permission VALUES (24, 'Can view session', 6, 'view_session');
INSERT INTO public.auth_permission VALUES (113, 'Can add cliente', 32, 'add_cliente');
INSERT INTO public.auth_permission VALUES (114, 'Can change cliente', 32, 'change_cliente');
INSERT INTO public.auth_permission VALUES (115, 'Can delete cliente', 32, 'delete_cliente');
INSERT INTO public.auth_permission VALUES (116, 'Can view cliente', 32, 'view_cliente');
INSERT INTO public.auth_permission VALUES (117, 'Can add componente', 33, 'add_componente');
INSERT INTO public.auth_permission VALUES (118, 'Can change componente', 33, 'change_componente');
INSERT INTO public.auth_permission VALUES (119, 'Can delete componente', 33, 'delete_componente');
INSERT INTO public.auth_permission VALUES (120, 'Can view componente', 33, 'view_componente');
INSERT INTO public.auth_permission VALUES (121, 'Can add diagnostico', 34, 'add_diagnostico');
INSERT INTO public.auth_permission VALUES (122, 'Can change diagnostico', 34, 'change_diagnostico');
INSERT INTO public.auth_permission VALUES (123, 'Can delete diagnostico', 34, 'delete_diagnostico');
INSERT INTO public.auth_permission VALUES (124, 'Can view diagnostico', 34, 'view_diagnostico');
INSERT INTO public.auth_permission VALUES (125, 'Can add reparacion', 35, 'add_reparacion');
INSERT INTO public.auth_permission VALUES (126, 'Can change reparacion', 35, 'change_reparacion');
INSERT INTO public.auth_permission VALUES (127, 'Can delete reparacion', 35, 'delete_reparacion');
INSERT INTO public.auth_permission VALUES (128, 'Can view reparacion', 35, 'view_reparacion');
INSERT INTO public.auth_permission VALUES (129, 'Can add vehiculo', 36, 'add_vehiculo');
INSERT INTO public.auth_permission VALUES (130, 'Can change vehiculo', 36, 'change_vehiculo');
INSERT INTO public.auth_permission VALUES (131, 'Can delete vehiculo', 36, 'delete_vehiculo');
INSERT INTO public.auth_permission VALUES (132, 'Can view vehiculo', 36, 'view_vehiculo');
INSERT INTO public.auth_permission VALUES (133, 'Can add accion', 37, 'add_accion');
INSERT INTO public.auth_permission VALUES (134, 'Can change accion', 37, 'change_accion');
INSERT INTO public.auth_permission VALUES (135, 'Can delete accion', 37, 'delete_accion');
INSERT INTO public.auth_permission VALUES (136, 'Can view accion', 37, 'view_accion');
INSERT INTO public.auth_permission VALUES (137, 'Can add diagnostico componente accion', 38, 'add_diagnosticocomponenteaccion');
INSERT INTO public.auth_permission VALUES (138, 'Can change diagnostico componente accion', 38, 'change_diagnosticocomponenteaccion');
INSERT INTO public.auth_permission VALUES (139, 'Can delete diagnostico componente accion', 38, 'delete_diagnosticocomponenteaccion');
INSERT INTO public.auth_permission VALUES (140, 'Can view diagnostico componente accion', 38, 'view_diagnosticocomponenteaccion');
INSERT INTO public.auth_permission VALUES (141, 'Can add componente accion', 39, 'add_componenteaccion');
INSERT INTO public.auth_permission VALUES (142, 'Can change componente accion', 39, 'change_componenteaccion');
INSERT INTO public.auth_permission VALUES (143, 'Can delete componente accion', 39, 'delete_componenteaccion');
INSERT INTO public.auth_permission VALUES (144, 'Can view componente accion', 39, 'view_componenteaccion');
INSERT INTO public.auth_permission VALUES (145, 'Can add repuesto', 40, 'add_repuesto');
INSERT INTO public.auth_permission VALUES (146, 'Can change repuesto', 40, 'change_repuesto');
INSERT INTO public.auth_permission VALUES (147, 'Can delete repuesto', 40, 'delete_repuesto');
INSERT INTO public.auth_permission VALUES (148, 'Can view repuesto', 40, 'view_repuesto');
INSERT INTO public.auth_permission VALUES (149, 'Can add repuesto en stock', 41, 'add_repuestoenstock');
INSERT INTO public.auth_permission VALUES (150, 'Can change repuesto en stock', 41, 'change_repuestoenstock');
INSERT INTO public.auth_permission VALUES (151, 'Can delete repuesto en stock', 41, 'delete_repuestoenstock');
INSERT INTO public.auth_permission VALUES (152, 'Can view repuesto en stock', 41, 'view_repuestoenstock');
INSERT INTO public.auth_permission VALUES (153, 'Can add diagnostico repuesto', 42, 'add_diagnosticorepuesto');
INSERT INTO public.auth_permission VALUES (154, 'Can change diagnostico repuesto', 42, 'change_diagnosticorepuesto');
INSERT INTO public.auth_permission VALUES (155, 'Can delete diagnostico repuesto', 42, 'delete_diagnosticorepuesto');
INSERT INTO public.auth_permission VALUES (156, 'Can view diagnostico repuesto', 42, 'view_diagnosticorepuesto');
INSERT INTO public.auth_permission VALUES (157, 'Can add stock movimiento', 43, 'add_stockmovimiento');
INSERT INTO public.auth_permission VALUES (158, 'Can change stock movimiento', 43, 'change_stockmovimiento');
INSERT INTO public.auth_permission VALUES (159, 'Can delete stock movimiento', 43, 'delete_stockmovimiento');
INSERT INTO public.auth_permission VALUES (160, 'Can view stock movimiento', 43, 'view_stockmovimiento');
INSERT INTO public.auth_permission VALUES (161, 'Can add vehiculo version', 44, 'add_vehiculoversion');
INSERT INTO public.auth_permission VALUES (162, 'Can change vehiculo version', 44, 'change_vehiculoversion');
INSERT INTO public.auth_permission VALUES (163, 'Can delete vehiculo version', 44, 'delete_vehiculoversion');
INSERT INTO public.auth_permission VALUES (164, 'Can view vehiculo version', 44, 'view_vehiculoversion');
INSERT INTO public.auth_permission VALUES (165, 'Can add componente repuesto', 45, 'add_componenterepuesto');
INSERT INTO public.auth_permission VALUES (166, 'Can change componente repuesto', 45, 'change_componenterepuesto');
INSERT INTO public.auth_permission VALUES (167, 'Can delete componente repuesto', 45, 'delete_componenterepuesto');
INSERT INTO public.auth_permission VALUES (168, 'Can view componente repuesto', 45, 'view_componenterepuesto');
INSERT INTO public.auth_permission VALUES (169, 'Can add repuesto aplicacion', 46, 'add_repuestoaplicacion');
INSERT INTO public.auth_permission VALUES (170, 'Can change repuesto aplicacion', 46, 'change_repuestoaplicacion');
INSERT INTO public.auth_permission VALUES (171, 'Can delete repuesto aplicacion', 46, 'delete_repuestoaplicacion');
INSERT INTO public.auth_permission VALUES (172, 'Can view repuesto aplicacion', 46, 'view_repuestoaplicacion');
INSERT INTO public.auth_permission VALUES (173, 'Can add trabajo', 47, 'add_trabajo');
INSERT INTO public.auth_permission VALUES (174, 'Can change trabajo', 47, 'change_trabajo');
INSERT INTO public.auth_permission VALUES (175, 'Can delete trabajo', 47, 'delete_trabajo');
INSERT INTO public.auth_permission VALUES (176, 'Can view trabajo', 47, 'view_trabajo');
INSERT INTO public.auth_permission VALUES (177, 'Can add trabajo accion', 48, 'add_trabajoaccion');
INSERT INTO public.auth_permission VALUES (178, 'Can change trabajo accion', 48, 'change_trabajoaccion');
INSERT INTO public.auth_permission VALUES (179, 'Can delete trabajo accion', 48, 'delete_trabajoaccion');
INSERT INTO public.auth_permission VALUES (180, 'Can view trabajo accion', 48, 'view_trabajoaccion');
INSERT INTO public.auth_permission VALUES (181, 'Can add trabajo repuesto', 49, 'add_trabajorepuesto');
INSERT INTO public.auth_permission VALUES (182, 'Can change trabajo repuesto', 49, 'change_trabajorepuesto');
INSERT INTO public.auth_permission VALUES (183, 'Can delete trabajo repuesto', 49, 'delete_trabajorepuesto');
INSERT INTO public.auth_permission VALUES (184, 'Can view trabajo repuesto', 49, 'view_trabajorepuesto');
INSERT INTO public.auth_permission VALUES (185, 'Can add mecanico', 50, 'add_mecanico');
INSERT INTO public.auth_permission VALUES (186, 'Can change mecanico', 50, 'change_mecanico');
INSERT INTO public.auth_permission VALUES (187, 'Can delete mecanico', 50, 'delete_mecanico');
INSERT INTO public.auth_permission VALUES (188, 'Can view mecanico', 50, 'view_mecanico');
INSERT INTO public.auth_permission VALUES (189, 'Can add trabajo foto', 51, 'add_trabajofoto');
INSERT INTO public.auth_permission VALUES (190, 'Can change trabajo foto', 51, 'change_trabajofoto');
INSERT INTO public.auth_permission VALUES (191, 'Can delete trabajo foto', 51, 'delete_trabajofoto');
INSERT INTO public.auth_permission VALUES (192, 'Can view trabajo foto', 51, 'view_trabajofoto');
INSERT INTO public.auth_permission VALUES (193, 'Can add venta', 52, 'add_venta');
INSERT INTO public.auth_permission VALUES (194, 'Can change venta', 52, 'change_venta');
INSERT INTO public.auth_permission VALUES (195, 'Can delete venta', 52, 'delete_venta');
INSERT INTO public.auth_permission VALUES (196, 'Can view venta', 52, 'view_venta');
INSERT INTO public.auth_permission VALUES (197, 'Can add venta item', 53, 'add_ventaitem');
INSERT INTO public.auth_permission VALUES (198, 'Can change venta item', 53, 'change_ventaitem');
INSERT INTO public.auth_permission VALUES (199, 'Can delete venta item', 53, 'delete_ventaitem');
INSERT INTO public.auth_permission VALUES (200, 'Can view venta item', 53, 'view_ventaitem');
INSERT INTO public.auth_permission VALUES (201, 'Can add prefijo repuesto', 54, 'add_prefijorepuesto');
INSERT INTO public.auth_permission VALUES (202, 'Can change prefijo repuesto', 54, 'change_prefijorepuesto');
INSERT INTO public.auth_permission VALUES (203, 'Can delete prefijo repuesto', 54, 'delete_prefijorepuesto');
INSERT INTO public.auth_permission VALUES (204, 'Can view prefijo repuesto', 54, 'view_prefijorepuesto');
INSERT INTO public.auth_permission VALUES (205, 'Can add Configuracin POS', 55, 'add_configuracionpos');
INSERT INTO public.auth_permission VALUES (206, 'Can change Configuracin POS', 55, 'change_configuracionpos');
INSERT INTO public.auth_permission VALUES (207, 'Can delete Configuracin POS', 55, 'delete_configuracionpos');
INSERT INTO public.auth_permission VALUES (208, 'Can view Configuracin POS', 55, 'view_configuracionpos');
INSERT INTO public.auth_permission VALUES (209, 'Can add sesion venta', 56, 'add_sesionventa');
INSERT INTO public.auth_permission VALUES (210, 'Can change sesion venta', 56, 'change_sesionventa');
INSERT INTO public.auth_permission VALUES (211, 'Can delete sesion venta', 56, 'delete_sesionventa');
INSERT INTO public.auth_permission VALUES (212, 'Can view sesion venta', 56, 'view_sesionventa');
INSERT INTO public.auth_permission VALUES (213, 'Can add carrito item', 57, 'add_carritoitem');
INSERT INTO public.auth_permission VALUES (214, 'Can change carrito item', 57, 'change_carritoitem');
INSERT INTO public.auth_permission VALUES (215, 'Can delete carrito item', 57, 'delete_carritoitem');
INSERT INTO public.auth_permission VALUES (216, 'Can view carrito item', 57, 'view_carritoitem');
INSERT INTO public.auth_permission VALUES (217, 'Can add venta pos', 58, 'add_ventapos');
INSERT INTO public.auth_permission VALUES (218, 'Can change venta pos', 58, 'change_ventapos');
INSERT INTO public.auth_permission VALUES (219, 'Can delete venta pos', 58, 'delete_ventapos');
INSERT INTO public.auth_permission VALUES (220, 'Can view venta pos', 58, 'view_ventapos');
INSERT INTO public.auth_permission VALUES (221, 'Can add venta pos item', 59, 'add_ventapositem');
INSERT INTO public.auth_permission VALUES (222, 'Can change venta pos item', 59, 'change_ventapositem');
INSERT INTO public.auth_permission VALUES (223, 'Can delete venta pos item', 59, 'delete_ventapositem');
INSERT INTO public.auth_permission VALUES (224, 'Can view venta pos item', 59, 'view_ventapositem');
INSERT INTO public.auth_permission VALUES (225, 'Can add cotizacion', 60, 'add_cotizacion');
INSERT INTO public.auth_permission VALUES (226, 'Can change cotizacion', 60, 'change_cotizacion');
INSERT INTO public.auth_permission VALUES (227, 'Can delete cotizacion', 60, 'delete_cotizacion');
INSERT INTO public.auth_permission VALUES (228, 'Can view cotizacion', 60, 'view_cotizacion');
INSERT INTO public.auth_permission VALUES (229, 'Can add cotizacion item', 61, 'add_cotizacionitem');
INSERT INTO public.auth_permission VALUES (230, 'Can change cotizacion item', 61, 'change_cotizacionitem');
INSERT INTO public.auth_permission VALUES (231, 'Can delete cotizacion item', 61, 'delete_cotizacionitem');
INSERT INTO public.auth_permission VALUES (232, 'Can view cotizacion item', 61, 'view_cotizacionitem');
INSERT INTO public.auth_permission VALUES (233, 'Can add Administracin del Taller', 62, 'add_administraciontaller');
INSERT INTO public.auth_permission VALUES (234, 'Can change Administracin del Taller', 62, 'change_administraciontaller');
INSERT INTO public.auth_permission VALUES (235, 'Can delete Administracin del Taller', 62, 'delete_administraciontaller');
INSERT INTO public.auth_permission VALUES (236, 'Can view Administracin del Taller', 62, 'view_administraciontaller');
INSERT INTO public.auth_permission VALUES (237, 'Can add Cliente del Taller', 63, 'add_cliente_taller');
INSERT INTO public.auth_permission VALUES (238, 'Can change Cliente del Taller', 63, 'change_cliente_taller');
INSERT INTO public.auth_permission VALUES (239, 'Can delete Cliente del Taller', 63, 'delete_cliente_taller');
INSERT INTO public.auth_permission VALUES (240, 'Can view Cliente del Taller', 63, 'view_cliente_taller');
INSERT INTO public.auth_permission VALUES (241, 'Can add Compra', 64, 'add_compra');
INSERT INTO public.auth_permission VALUES (242, 'Can change Compra', 64, 'change_compra');
INSERT INTO public.auth_permission VALUES (243, 'Can delete Compra', 64, 'delete_compra');
INSERT INTO public.auth_permission VALUES (244, 'Can view Compra', 64, 'view_compra');
INSERT INTO public.auth_permission VALUES (245, 'Can add Item de Compra', 65, 'add_compraitem');
INSERT INTO public.auth_permission VALUES (246, 'Can change Item de Compra', 65, 'change_compraitem');
INSERT INTO public.auth_permission VALUES (247, 'Can delete Item de Compra', 65, 'delete_compraitem');
INSERT INTO public.auth_permission VALUES (248, 'Can view Item de Compra', 65, 'view_compraitem');
INSERT INTO public.auth_permission VALUES (249, 'Can add Abono de Trabajo', 66, 'add_trabajoabono');
INSERT INTO public.auth_permission VALUES (250, 'Can change Abono de Trabajo', 66, 'change_trabajoabono');
INSERT INTO public.auth_permission VALUES (251, 'Can delete Abono de Trabajo', 66, 'delete_trabajoabono');
INSERT INTO public.auth_permission VALUES (252, 'Can view Abono de Trabajo', 66, 'view_trabajoabono');
INSERT INTO public.auth_permission VALUES (253, 'Can add Repuesto Externo', 67, 'add_repuestoexterno');
INSERT INTO public.auth_permission VALUES (254, 'Can change Repuesto Externo', 67, 'change_repuestoexterno');
INSERT INTO public.auth_permission VALUES (255, 'Can delete Repuesto Externo', 67, 'delete_repuestoexterno');
INSERT INTO public.auth_permission VALUES (256, 'Can view Repuesto Externo', 67, 'view_repuestoexterno');
INSERT INTO public.auth_permission VALUES (257, 'Can add Registro de Evento', 68, 'add_registroevento');
INSERT INTO public.auth_permission VALUES (258, 'Can change Registro de Evento', 68, 'change_registroevento');
INSERT INTO public.auth_permission VALUES (259, 'Can delete Registro de Evento', 68, 'delete_registroevento');
INSERT INTO public.auth_permission VALUES (260, 'Can view Registro de Evento', 68, 'view_registroevento');
INSERT INTO public.auth_permission VALUES (261, 'Can add Resumen de Trabajo', 69, 'add_resumentrabajo');
INSERT INTO public.auth_permission VALUES (262, 'Can change Resumen de Trabajo', 69, 'change_resumentrabajo');
INSERT INTO public.auth_permission VALUES (263, 'Can delete Resumen de Trabajo', 69, 'delete_resumentrabajo');
INSERT INTO public.auth_permission VALUES (264, 'Can view Resumen de Trabajo', 69, 'view_resumentrabajo');
INSERT INTO public.auth_permission VALUES (265, 'Can add Concepto Adicional', 70, 'add_trabajoadicional');
INSERT INTO public.auth_permission VALUES (266, 'Can change Concepto Adicional', 70, 'change_trabajoadicional');
INSERT INTO public.auth_permission VALUES (267, 'Can delete Concepto Adicional', 70, 'delete_trabajoadicional');
INSERT INTO public.auth_permission VALUES (268, 'Can view Concepto Adicional', 70, 'view_trabajoadicional');
INSERT INTO public.auth_permission VALUES (269, 'Can add Bono Generado', 71, 'add_bonogenerado');
INSERT INTO public.auth_permission VALUES (270, 'Can change Bono Generado', 71, 'change_bonogenerado');
INSERT INTO public.auth_permission VALUES (271, 'Can delete Bono Generado', 71, 'delete_bonogenerado');
INSERT INTO public.auth_permission VALUES (272, 'Can view Bono Generado', 71, 'view_bonogenerado');
INSERT INTO public.auth_permission VALUES (273, 'Can add Configuracin de Bono por Mecnico', 72, 'add_configuracionbonomecanico');
INSERT INTO public.auth_permission VALUES (274, 'Can change Configuracin de Bono por Mecnico', 72, 'change_configuracionbonomecanico');
INSERT INTO public.auth_permission VALUES (275, 'Can delete Configuracin de Bono por Mecnico', 72, 'delete_configuracionbonomecanico');
INSERT INTO public.auth_permission VALUES (276, 'Can view Configuracin de Bono por Mecnico', 72, 'view_configuracionbonomecanico');
INSERT INTO public.auth_permission VALUES (277, 'Can add Excepcin de Bono por Trabajo', 73, 'add_excepcionbonotrabajo');
INSERT INTO public.auth_permission VALUES (278, 'Can change Excepcin de Bono por Trabajo', 73, 'change_excepcionbonotrabajo');
INSERT INTO public.auth_permission VALUES (279, 'Can delete Excepcin de Bono por Trabajo', 73, 'delete_excepcionbonotrabajo');
INSERT INTO public.auth_permission VALUES (280, 'Can view Excepcin de Bono por Trabajo', 73, 'view_excepcionbonotrabajo');
INSERT INTO public.auth_permission VALUES (281, 'Can add Pago a Mecnico', 74, 'add_pagomecanico');
INSERT INTO public.auth_permission VALUES (282, 'Can change Pago a Mecnico', 74, 'change_pagomecanico');
INSERT INTO public.auth_permission VALUES (283, 'Can delete Pago a Mecnico', 74, 'delete_pagomecanico');
INSERT INTO public.auth_permission VALUES (284, 'Can view Pago a Mecnico', 74, 'view_pagomecanico');


--
-- Data for Name: auth_user; Type: TABLE DATA; Schema: public; Owner: maxgonpe
--

INSERT INTO public.auth_user VALUES (5, 'pbkdf2_sha256$1000000$cIIGV3JvncdDhMnTLceWYA$6kmWiiN9wVqyUSNcXSJSR1BY1jzv3rKln65TdLWKT2g=', '2025-10-09 15:23:40.494875+00', false, 'roberto', 'Roberto', 'Villarroel', 'rrobv@gmail.com', false, true, '2025-10-08 17:00:14+00');
INSERT INTO public.auth_user VALUES (8, 'pbkdf2_sha256$1000000$nt9TflH77JqqECLIE4G3iY$U81a2RZ+PWCRhB34ZfXCDadfmz/h3m55p6xEuX3yv6g=', '2025-11-05 12:33:59.151513+00', false, 'carlos', 'Carlos', 'Arancibia', 'carlos1meneses888@gmail.com', false, true, '2025-10-22 12:19:01.626155+00');
INSERT INTO public.auth_user VALUES (3, 'pbkdf2_sha256$1000000$C0u0ZtM7AqkQoyAKde1DL8$gGCNV97V1CHFb3Lk5ObA3YEJsdwk2jGdJ2C1HoBtdp8=', '2025-10-13 18:14:02.626991+00', false, 'camilo', 'Camilo', 'Condell', 'solucargb@gmail.com', false, true, '2025-10-04 00:33:36+00');
INSERT INTO public.auth_user VALUES (4, 'pbkdf2_sha256$1000000$IvyvPtxZVLCQgoliZzpFXm$djkR07O6DUVItUZOGey3uBKqj0ZpclikMoYm5vTaXks=', '2025-11-06 20:10:42.154246+00', false, 'benjamin', 'Bejamin', 'Mondaca', 'benja.bm20@gmail.com', false, true, '2025-10-08 16:15:16+00');
INSERT INTO public.auth_user VALUES (1, 'pbkdf2_sha256$1000000$s0Ept7Zn7abz34W5aNiOpQ$uoMVpWiuiEDkC/mUB5LwzNU/4DUj2UEVhTaEWICtyQ8=', '2025-12-11 22:26:00.953941+00', true, 'maxgonpe', 'Max', 'Gonzalez', 'maxgonpe@gmail.com', true, true, '2025-09-30 09:53:16+00');


--
-- Data for Name: auth_user_groups; Type: TABLE DATA; Schema: public; Owner: maxgonpe
--



--
-- Data for Name: auth_user_user_permissions; Type: TABLE DATA; Schema: public; Owner: maxgonpe
--



--
-- Data for Name: car_accion; Type: TABLE DATA; Schema: public; Owner: maxgonpe
--

INSERT INTO public.car_accion VALUES (1, 'Revisar');
INSERT INTO public.car_accion VALUES (2, 'Limpiar');
INSERT INTO public.car_accion VALUES (7, 'Diagnstico simple');
INSERT INTO public.car_accion VALUES (8, 'Diagnstico medio');
INSERT INTO public.car_accion VALUES (9, 'Diagnstico completo');
INSERT INTO public.car_accion VALUES (10, 'Diagnstico exhaustivo');
INSERT INTO public.car_accion VALUES (11, 'Escner simple');
INSERT INTO public.car_accion VALUES (12, 'Escner medio');
INSERT INTO public.car_accion VALUES (13, 'Escner completo');
INSERT INTO public.car_accion VALUES (30, 'Cambio simple');
INSERT INTO public.car_accion VALUES (31, 'Cambio medio');
INSERT INTO public.car_accion VALUES (32, 'Cambio difcil');
INSERT INTO public.car_accion VALUES (33, 'Cambio exhaustivo');
INSERT INTO public.car_accion VALUES (34, 'Lavado simple');
INSERT INTO public.car_accion VALUES (35, 'Lavado completo');
INSERT INTO public.car_accion VALUES (36, 'Lavado full detalle');


--
-- Data for Name: car_administraciontaller; Type: TABLE DATA; Schema: public; Owner: maxgonpe
--

INSERT INTO public.car_administraciontaller VALUES (1, 'SolutionCar', 'Condell 10 - La Ligua', '+56988922953', 'solucargb@gmail.com', '7777', 'logos/Logo2_MMwVCYS.png', '', 'logos/Logo1.png', '', 60, 5, 1, false, 90, 'piedra', true, false, true, '2025-10-08 01:56:25.939276+00', '2025-10-29 21:34:15.642142+00', 1);


--
-- Data for Name: car_bonogenerado; Type: TABLE DATA; Schema: public; Owner: maxgonpe
--

INSERT INTO public.car_bonogenerado VALUES (1, 500000.00, 'fijo', NULL, 40000.00, '2025-12-02 15:31:04.810416+00', false, NULL, 'Bono generado automticamente al entregar el trabajo #51', 8, 51);
INSERT INTO public.car_bonogenerado VALUES (2, 36000.00, 'porcentaje', 40.00, 90000.00, '2025-12-03 16:44:43.786922+00', false, NULL, 'Bono generado automticamente al entregar el trabajo #50', 2, 50);
INSERT INTO public.car_bonogenerado VALUES (3, 232000.00, 'porcentaje', 40.00, 580000.00, '2025-12-06 12:48:38.518934+00', false, NULL, 'Bono generado automticamente al entregar el trabajo #46', 2, 46);
INSERT INTO public.car_bonogenerado VALUES (4, 66000.00, 'porcentaje', 40.00, 165000.00, '2025-12-06 13:15:01.527203+00', false, NULL, 'Bono generado automticamente al entregar el trabajo #42', 2, 42);


--
-- Data for Name: car_carritoitem; Type: TABLE DATA; Schema: public; Owner: maxgonpe
--

INSERT INTO public.car_carritoitem VALUES (98, 1, 57000.00, 57000.00, '2025-11-17 13:30:08.762038+00', 6, 20);


--
-- Data for Name: car_cliente; Type: TABLE DATA; Schema: public; Owner: maxgonpe
--



--
-- Data for Name: car_cliente_taller; Type: TABLE DATA; Schema: public; Owner: maxgonpe
--

INSERT INTO public.car_cliente_taller VALUES ('68869293', 'Hernan Ramirez', '+56998570551', NULL, '', '2025-11-25 12:08:13.619877+00', true);
INSERT INTO public.car_cliente_taller VALUES ('255593145', 'ngel Tejeda', '+56932153434', NULL, '', '2025-11-25 19:30:52.232966+00', true);
INSERT INTO public.car_cliente_taller VALUES ('100067544', 'Sandra vila', '+56954725992', NULL, '', '2025-12-01 18:13:17.47575+00', true);
INSERT INTO public.car_cliente_taller VALUES ('97785325', 'Alexis Chavarria', '+56979541116', '1@gmail.com', '1', '2025-11-06 12:28:35.279288+00', true);
INSERT INTO public.car_cliente_taller VALUES ('143481328', 'Andrs Diaz', '+56987380499', NULL, '', '2025-11-07 20:57:05.22989+00', true);
INSERT INTO public.car_cliente_taller VALUES ('167010369', 'Johana Martnez Reinoso', '+56940510850', NULL, '', '2025-12-02 12:38:34.983938+00', true);
INSERT INTO public.car_cliente_taller VALUES ('125982328', 'Claudia Barraza', '+56944913955', NULL, '', '2025-11-06 20:43:54.118583+00', true);
INSERT INTO public.car_cliente_taller VALUES ('169892881', 'Diego Ahumada', '+56931383795', NULL, '', '2025-11-04 21:29:16.077183+00', true);
INSERT INTO public.car_cliente_taller VALUES ('171192404', 'Gabriel Castillo', '+56932917790', NULL, '', '2025-10-28 13:02:05.685574+00', true);
INSERT INTO public.car_cliente_taller VALUES ('135383767', 'Gonzalo Moreno Urbina', '56984713802', 'gmgonzalom@gmail.com', '', '2025-10-27 16:39:15.886986+00', true);
INSERT INTO public.car_cliente_taller VALUES ('131743793', 'Hortencia Oyanedel valos', '+56975858852', NULL, '', '2025-10-28 13:05:51.879789+00', true);
INSERT INTO public.car_cliente_taller VALUES ('96680465', 'Jos Jarpa', '+56997276837', NULL, '', '2025-10-29 19:50:52.571729+00', true);
INSERT INTO public.car_cliente_taller VALUES ('114864870', 'Juan Gonzalez Marambio', '+56962825651', NULL, '', '2025-10-28 17:45:41.946844+00', true);
INSERT INTO public.car_cliente_taller VALUES ('128168192', 'Leonardo Araya', '+56933991656', NULL, '', '2025-10-29 19:52:30.858151+00', true);
INSERT INTO public.car_cliente_taller VALUES ('47305578', 'Leonor Chacon', '941835273', 'leonorch@gmail.com', 'eeee', '2025-11-07 20:46:29.53142+00', true);
INSERT INTO public.car_cliente_taller VALUES ('179939517', 'Melissa tapia', '+56985569960', NULL, '', '2025-10-28 13:09:03.716535+00', true);
INSERT INTO public.car_cliente_taller VALUES ('191288602', 'Pia Vicencio', '+56956462180', NULL, '', '2025-10-23 13:05:37.318765+00', true);
INSERT INTO public.car_cliente_taller VALUES ('82632131', 'prueba del sistema', '+56954418265', 'maxgonpe@gmail.com', 'direccion anonima', '2025-10-10 23:33:22.131801+00', true);
INSERT INTO public.car_cliente_taller VALUES ('171477026', 'Rhem lvaro Mellado Mella', '+56934243627', NULL, '', '2025-10-30 14:10:40.944059+00', true);
INSERT INTO public.car_cliente_taller VALUES ('167011918', 'Richard Cortz', '+56942199625', NULL, '', '2025-11-04 21:01:40.789712+00', true);
INSERT INTO public.car_cliente_taller VALUES ('119425492', 'Sergio serey', '+56988698099', NULL, '', '2025-10-23 13:06:22.497207+00', true);
INSERT INTO public.car_cliente_taller VALUES ('117208354', 'Walter Vicencio', '+56964173295', NULL, '', '2025-11-07 15:22:31.7873+00', true);
INSERT INTO public.car_cliente_taller VALUES ('197268484', 'Camilo Urrutia', '+56988922953', NULL, '', '2025-11-10 13:50:58.288512+00', true);
INSERT INTO public.car_cliente_taller VALUES ('76503753', 'Arturo Fernndez', '+56995054185', NULL, '', '2025-11-10 19:54:28.488627+00', true);
INSERT INTO public.car_cliente_taller VALUES ('150573602', 'Carolina Lpez', '+56966864839', NULL, '', '2025-11-10 20:23:04.469051+00', true);
INSERT INTO public.car_cliente_taller VALUES ('47459915', 'Hctor Humaa Sepulveda', '+56931387228', NULL, '', '2025-11-11 12:09:46.457765+00', true);
INSERT INTO public.car_cliente_taller VALUES ('128211551', 'Rosa Tapia', '+56977048073', NULL, '', '2025-11-12 12:43:40.23366+00', true);
INSERT INTO public.car_cliente_taller VALUES ('204615969', 'ngela Oyanedel', '+56952132985', NULL, '', '2025-11-13 12:32:52.769637+00', true);
INSERT INTO public.car_cliente_taller VALUES ('179644614', 'Daniela Arancibia', '+56954196245', NULL, '', '2025-11-13 19:55:35.786861+00', true);
INSERT INTO public.car_cliente_taller VALUES ('101293742', 'Juan Carlos Bravo', '+56930087514', NULL, '', '2025-11-14 18:34:38.374497+00', true);
INSERT INTO public.car_cliente_taller VALUES ('79954764', 'Alejandro Aguirre', '+56987326950', NULL, '', '2025-11-17 11:48:18.252893+00', true);
INSERT INTO public.car_cliente_taller VALUES ('126831412', 'Vctor Onetto', '+56984891653', NULL, '', '2025-11-17 12:52:07.288989+00', true);
INSERT INTO public.car_cliente_taller VALUES ('112609911', 'Rodrigo Osses', '+56996233460', NULL, '', '2025-11-20 15:59:11.58276+00', true);
INSERT INTO public.car_cliente_taller VALUES ('168902670', 'Bastin Vergara Bustamante', '+56945755279', NULL, '', '2025-11-21 19:41:25.719613+00', true);
INSERT INTO public.car_cliente_taller VALUES ('100452081', 'Josefina Jimnez Olivares', '+56946861933', NULL, '', '2025-11-24 17:29:39.345304+00', true);
INSERT INTO public.car_cliente_taller VALUES ('158224054', 'Francisco Castro', '+56991452860', NULL, '', '2025-12-02 16:37:13.032804+00', true);
INSERT INTO public.car_cliente_taller VALUES ('129477768', 'Nilson Zamora', '+56942116601', NULL, '', '2025-12-02 20:15:13.101125+00', true);
INSERT INTO public.car_cliente_taller VALUES ('71037878', 'Elas Valle Gonzlez', '+56989053862', NULL, '', '2025-12-04 18:22:47.116395+00', true);
INSERT INTO public.car_cliente_taller VALUES ('104343848', 'Miguel Vargas Vega', '+56974500767', NULL, '', '2025-12-05 16:10:56.250666+00', true);
INSERT INTO public.car_cliente_taller VALUES ('205309020', 'Jaime Quiroz Fuigeroa', '+56937778121', NULL, '', '2025-12-10 15:57:51.741332+00', true);


--
-- Data for Name: car_componente; Type: TABLE DATA; Schema: public; Owner: maxgonpe
--

INSERT INTO public.car_componente VALUES (58, 'c3w', 'luces-c3w', true, 7);
INSERT INTO public.car_componente VALUES (5, 'motor', 'motor', true, NULL);
INSERT INTO public.car_componente VALUES (6, 'bomba de agua', 'motor-bomba-de-agua', true, 5);
INSERT INTO public.car_componente VALUES (7, 'luces', 'luces', true, NULL);
INSERT INTO public.car_componente VALUES (8, 'revisin', 'revision', true, NULL);
INSERT INTO public.car_componente VALUES (9, 'problema / fallo', 'revision-problema-fallo', true, 8);
INSERT INTO public.car_componente VALUES (10, 'mantencin', 'mantencion', true, NULL);
INSERT INTO public.car_componente VALUES (2, 'sistema de direccin', 'sistema-de-direccion', true, NULL);
INSERT INTO public.car_componente VALUES (20, 'terminal de direccin', 'sistema-de-direccion-terminal-de-direccion', true, 2);
INSERT INTO public.car_componente VALUES (21, 'axial de direccin', 'sistema-de-direccion-axial-de-direccion', true, 2);
INSERT INTO public.car_componente VALUES (23, 'sistema refrigeracin', 'sistema-refrigeracion', true, NULL);
INSERT INTO public.car_componente VALUES (24, 'depsito de agua', 'sistema-refrigeracion-deposito-de-agua', true, 23);
INSERT INTO public.car_componente VALUES (25, 'manguera radiador', 'sistema-refrigeracion-manguera-radiador', true, 23);
INSERT INTO public.car_componente VALUES (26, 'tapa depsito', 'sistema-refrigeracion-tapa-deposito', true, 23);
INSERT INTO public.car_componente VALUES (27, 'correa accesorios', 'distribucion-correa-accesorios', true, 28);
INSERT INTO public.car_componente VALUES (29, 'radiador motor', 'sistema-refrigeracion-radiador-motor', true, 23);
INSERT INTO public.car_componente VALUES (30, 'radiador calefaccin', 'sistema-refrigeracion-radiador-calefaccion', true, 23);
INSERT INTO public.car_componente VALUES (31, 'radiador ac', 'sistema-refrigeracion-radiador-ac', true, 23);
INSERT INTO public.car_componente VALUES (32, 'tensor o gua de accesorios', 'distribucion-tensor-o-guia-de-accesorios', true, 28);
INSERT INTO public.car_componente VALUES (11, 'cambio de aceite motor', 'mantencion-cambio-de-aceite-motor', true, 10);
INSERT INTO public.car_componente VALUES (14, 'cambio de aceite transmisin mecnica', 'mantencion-cambio-de-aceite-transmision-mecanica', true, 10);
INSERT INTO public.car_componente VALUES (17, 'cambio de aceite transmisin automtica', 'mantencion-cambio-de-aceite-transmision-automatica', true, 10);
INSERT INTO public.car_componente VALUES (33, 'transmisin', 'transmision', true, NULL);
INSERT INTO public.car_componente VALUES (34, 'kit de embrague', 'transmision-kit-de-embrague', true, 33);
INSERT INTO public.car_componente VALUES (35, 'homocinticas', 'transmision-homocineticas', true, 33);
INSERT INTO public.car_componente VALUES (36, 'eje palier', 'transmision-eje-palier', true, 33);
INSERT INTO public.car_componente VALUES (37, 'tricetas', 'transmision-tricetas', true, 33);
INSERT INTO public.car_componente VALUES (38, 'retenes palier', 'transmision-retenes-palier', true, 33);
INSERT INTO public.car_componente VALUES (39, 'diferencial', 'transmision-diferencial', true, 33);
INSERT INTO public.car_componente VALUES (40, 'cardan', 'transmision-cardan', true, 33);
INSERT INTO public.car_componente VALUES (41, 'crucetas', 'transmision-crucetas', true, 33);
INSERT INTO public.car_componente VALUES (43, 'h1', 'luces-h1', true, 7);
INSERT INTO public.car_componente VALUES (44, 'h3', 'luces-h3', true, 7);
INSERT INTO public.car_componente VALUES (45, 'h8', 'luces-h8', true, 7);
INSERT INTO public.car_componente VALUES (46, 'h11', 'luces-h11', true, 7);
INSERT INTO public.car_componente VALUES (47, 'hb3', 'luces-hb3', true, 7);
INSERT INTO public.car_componente VALUES (48, 'hb4', 'luces-hb4', true, 7);
INSERT INTO public.car_componente VALUES (49, 't5', 'luces-t5', true, 7);
INSERT INTO public.car_componente VALUES (50, 't10', 'luces-t10', true, 7);
INSERT INTO public.car_componente VALUES (51, 't15', 'luces-t15', true, 7);
INSERT INTO public.car_componente VALUES (52, 't20', 'luces-t20', true, 7);
INSERT INTO public.car_componente VALUES (53, 't20 2c', 'luces-t20-2c', true, 7);
INSERT INTO public.car_componente VALUES (54, 'p21', 'luces-p21', true, 7);
INSERT INTO public.car_componente VALUES (55, 'p21/5', 'luces-p215', true, 7);
INSERT INTO public.car_componente VALUES (56, 'p21/4', 'luces-p214', true, 7);
INSERT INTO public.car_componente VALUES (57, 'p27 2c', 'luces-p27-2c', true, 7);
INSERT INTO public.car_componente VALUES (59, 'c5w', 'luces-c5w', true, 7);
INSERT INTO public.car_componente VALUES (60, 'c10w', 'luces-c10w', true, 7);
INSERT INTO public.car_componente VALUES (61, 'r5w', 'luces-r5w', true, 7);
INSERT INTO public.car_componente VALUES (62, 'h13', 'luces-h13', true, 7);
INSERT INTO public.car_componente VALUES (63, 'conector', 'luces-conector', true, 7);
INSERT INTO public.car_componente VALUES (64, 'base termostato', 'sistema-refrigeracion-base-termostato', true, 23);
INSERT INTO public.car_componente VALUES (65, 'sensor', 'motor-sensor', true, 5);
INSERT INTO public.car_componente VALUES (66, 'piola de embrague', 'transmision-piola-de-embrague', true, 33);
INSERT INTO public.car_componente VALUES (67, 'cilindro de embrague', 'transmision-cilindro-de-embrague', true, 33);
INSERT INTO public.car_componente VALUES (68, 'bomba de embrague', 'transmision-bomba-de-embrague', true, 33);
INSERT INTO public.car_componente VALUES (69, 'bomba de direccin', 'sistema-de-direccion-bomba-de-direccion', true, 2);
INSERT INTO public.car_componente VALUES (70, 'cremallera de direccin', 'sistema-de-direccion-cremallera-de-direccion', true, 2);
INSERT INTO public.car_componente VALUES (71, 'depsito de direccin', 'sistema-de-direccion-deposito-de-direccion', true, 2);
INSERT INTO public.car_componente VALUES (73, 'sistema elctrico', 'sistema-electrico', true, NULL);
INSERT INTO public.car_componente VALUES (74, 'alternador', 'sistema-electrico-alternador', true, 73);
INSERT INTO public.car_componente VALUES (76, 'fusilera interna', 'sistema-electrico-fusilera-interna', true, 73);
INSERT INTO public.car_componente VALUES (77, 'fusilera externa', 'sistema-electrico-fusilera-externa', true, 73);
INSERT INTO public.car_componente VALUES (78, 'computadora', 'sistema-electrico-computadora', true, 73);
INSERT INTO public.car_componente VALUES (79, 'tablero/torpedo', 'tablerotorpedo', true, NULL);
INSERT INTO public.car_componente VALUES (80, 'cluster', 'tablerotorpedo-cluster', true, 79);
INSERT INTO public.car_componente VALUES (81, 'mandos aire', 'tablerotorpedo-mandos-aire', true, 79);
INSERT INTO public.car_componente VALUES (82, 'radio', 'tablerotorpedo-radio', true, 79);
INSERT INTO public.car_componente VALUES (83, 'pantalla', 'tablerotorpedo-pantalla', true, 79);
INSERT INTO public.car_componente VALUES (72, 'sistema suspensin', 'sistema-suspension', true, NULL);
INSERT INTO public.car_componente VALUES (85, 'rodamiento de maza trasero', 'transmision-rodamiento-de-maza-trasero', true, 33);
INSERT INTO public.car_componente VALUES (84, 'rodamiento de maza delantero', 'transmision-rodamiento-de-maza-delantero', true, 33);
INSERT INTO public.car_componente VALUES (88, 'bandeja delantera superior', 'sistema-suspension-bandeja-delantera-superior', true, 72);
INSERT INTO public.car_componente VALUES (89, 'bandeja delantera inferior', 'sistema-suspension-bandeja-delantera-inferior', true, 72);
INSERT INTO public.car_componente VALUES (90, 'bandeja trasera superior', 'sistema-suspension-bandeja-trasera-superior', true, 72);
INSERT INTO public.car_componente VALUES (91, 'bandeja trasera inferior', 'sistema-suspension-bandeja-trasera-inferior', true, 72);
INSERT INTO public.car_componente VALUES (92, 'bieleta delantera', 'sistema-suspension-bieleta-delantera', true, 72);
INSERT INTO public.car_componente VALUES (93, 'bieleta trasera', 'sistema-suspension-bieleta-trasera', true, 72);
INSERT INTO public.car_componente VALUES (94, 'barra estabilizadora delantera', 'sistema-suspension-barra-estabilizadora-delantera', true, 72);
INSERT INTO public.car_componente VALUES (95, 'barra estabilizadora trasera', 'sistema-suspension-barra-estabilizadora-trasera', true, 72);
INSERT INTO public.car_componente VALUES (96, 'transmisin mecnica', 'transmision-transmision-mecanica', true, 33);
INSERT INTO public.car_componente VALUES (97, 'transmisin automtica', 'transmision-transmision-automatica', true, 33);
INSERT INTO public.car_componente VALUES (98, 'rtula superior', 'sistema-suspension-rotula-superior', true, 72);
INSERT INTO public.car_componente VALUES (87, 'amortiguador botella/bombn', 'sistema-suspension-amortiguador-botellabombin', true, 72);
INSERT INTO public.car_componente VALUES (4, 'h4', 'luces-h4', true, 7);
INSERT INTO public.car_componente VALUES (3, 'h7', 'luces-h7', true, 7);
INSERT INTO public.car_componente VALUES (28, 'distribucin/correas', 'distribucioncorreas', true, NULL);
INSERT INTO public.car_componente VALUES (42, 'eje trasero', 'transmision-eje-trasero', true, 33);
INSERT INTO public.car_componente VALUES (99, 'rtula inferior', 'sistema-suspension-rotula-inferior', true, 72);
INSERT INTO public.car_componente VALUES (100, 'maza delantera', 'transmision-maza-delantera', true, 33);
INSERT INTO public.car_componente VALUES (101, 'maza trasera', 'transmision-maza-trasera', true, 33);
INSERT INTO public.car_componente VALUES (102, 'muon delantero', 'sistema-suspension-munon-delantero', true, 72);
INSERT INTO public.car_componente VALUES (103, 'muon trasero', 'sistema-suspension-munon-trasero', true, 72);
INSERT INTO public.car_componente VALUES (104, 'barra tensora delantera', 'sistema-suspension-barra-tensora-delantera', true, 72);
INSERT INTO public.car_componente VALUES (105, 'barra tensora trasera', 'sistema-suspension-barra-tensora-trasera', true, 72);
INSERT INTO public.car_componente VALUES (106, 'batera', 'sistema-electrico-bateria', true, 73);
INSERT INTO public.car_componente VALUES (107, 'bornes batera', 'sistema-electrico-bornes-bateria', true, 73);
INSERT INTO public.car_componente VALUES (108, 'terminal elctrico', 'sistema-electrico-terminal-electrico', true, 73);
INSERT INTO public.car_componente VALUES (110, 'encendido', 'encendido', true, NULL);
INSERT INTO public.car_componente VALUES (111, 'cables de buja', 'encendido-cables-de-bujia', true, 110);
INSERT INTO public.car_componente VALUES (112, 'bujas', 'encendido-bujias', true, 110);
INSERT INTO public.car_componente VALUES (113, 'bobina', 'encendido-bobina', true, 110);
INSERT INTO public.car_componente VALUES (114, 'inyector bencina', 'encendido-inyector-bencina', true, 110);
INSERT INTO public.car_componente VALUES (116, 'inyector diesel', 'encendido-inyector-diesel', true, 110);
INSERT INTO public.car_componente VALUES (117, 'buja incandescente', 'encendido-bujia-incandescente', true, 110);
INSERT INTO public.car_componente VALUES (115, 'conector buja incandescente', 'encendido-conector-bujia-incandescente', true, 110);
INSERT INTO public.car_componente VALUES (119, 'escner', 'revision-escaner', true, 8);
INSERT INTO public.car_componente VALUES (121, 'termostato', 'sistema-refrigeracion-termostato', true, 23);
INSERT INTO public.car_componente VALUES (22, 'termostato', 'motor-termostato', false, 5);
INSERT INTO public.car_componente VALUES (122, 'soporte motor distribucin', 'motor-soporte-motor-distribucion', true, 5);
INSERT INTO public.car_componente VALUES (123, 'soporte motor caja', 'motor-soporte-motor-caja', true, 5);
INSERT INTO public.car_componente VALUES (124, 'soporte motor central', 'motor-soporte-motor-central', true, 5);
INSERT INTO public.car_componente VALUES (125, 'ptico (foco delantero)', 'luces-optico-foco-delantero', true, 7);
INSERT INTO public.car_componente VALUES (126, 'farol (foco trasero)', 'luces-farol-foco-trasero', true, 7);
INSERT INTO public.car_componente VALUES (86, 'amortiguador mcpherson', 'sistema-suspension-amortiguador-mcpherson', true, 72);
INSERT INTO public.car_componente VALUES (127, 'culata bencinero', 'motor-culata-bencinero', true, 5);
INSERT INTO public.car_componente VALUES (128, 'culata diesel', 'motor-culata-diesel', true, 5);
INSERT INTO public.car_componente VALUES (129, 'lavado automvil', 'mantencion-lavado-automovil', true, 10);
INSERT INTO public.car_componente VALUES (130, 'lavado comioneta', 'mantencion-lavado-comioneta', true, 10);
INSERT INTO public.car_componente VALUES (131, 'manguera calefaccin', 'sistema-refrigeracion-manguera-calefaccion', true, 23);
INSERT INTO public.car_componente VALUES (132, 'kit distribucin', 'distribucion-kit-distribucion', true, 28);
INSERT INTO public.car_componente VALUES (133, 'kit distribucin cadena', 'distribucioncorreas-kit-distribucion-cadena', true, 28);
INSERT INTO public.car_componente VALUES (134, 'turbo', 'motor-turbo', true, 5);
INSERT INTO public.car_componente VALUES (135, 'tapa de vlvulas', 'motor-tapa-de-valvulas', true, 5);
INSERT INTO public.car_componente VALUES (136, 'frenos', 'frenos', true, NULL);
INSERT INTO public.car_componente VALUES (137, 'pastillas de freno', 'frenos-pastillas-de-freno', true, 136);
INSERT INTO public.car_componente VALUES (138, 'balatas de freno', 'frenos-balatas-de-freno', true, 136);
INSERT INTO public.car_componente VALUES (139, 'discos de freno', 'frenos-discos-de-freno', true, 136);
INSERT INTO public.car_componente VALUES (140, 'tambores de freno', 'frenos-tambores-de-freno', true, 136);
INSERT INTO public.car_componente VALUES (141, 'bomba combustible', 'encendido-bomba-combustible', true, 110);
INSERT INTO public.car_componente VALUES (142, 'mltiple adm/esc', 'motor-multiple-admesc', true, 5);
INSERT INTO public.car_componente VALUES (143, 'piola freno de mano', 'frenos-piola-freno-de-mano', true, 136);
INSERT INTO public.car_componente VALUES (144, 'motor de partida', 'encendido-motor-de-partida', true, 110);
INSERT INTO public.car_componente VALUES (145, 'flexible/caeria', 'sistema-de-direccion-flexiblecaneria', true, 2);
INSERT INTO public.car_componente VALUES (146, 'cuerpo de aceleracin', 'encendido-cuerpo-de-aceleracion', true, 110);


--
-- Data for Name: car_componenteaccion; Type: TABLE DATA; Schema: public; Owner: maxgonpe
--

INSERT INTO public.car_componenteaccion VALUES (14, 15000.00, 7, 9);
INSERT INTO public.car_componenteaccion VALUES (15, 25000.00, 8, 9);
INSERT INTO public.car_componenteaccion VALUES (16, 40000.00, 9, 9);
INSERT INTO public.car_componenteaccion VALUES (17, 70000.00, 10, 9);
INSERT INTO public.car_componenteaccion VALUES (42, 2000.00, 30, 4);
INSERT INTO public.car_componenteaccion VALUES (43, 5000.00, 31, 4);
INSERT INTO public.car_componenteaccion VALUES (44, 10000.00, 32, 4);
INSERT INTO public.car_componenteaccion VALUES (45, 2000.00, 30, 3);
INSERT INTO public.car_componenteaccion VALUES (46, 5000.00, 31, 3);
INSERT INTO public.car_componenteaccion VALUES (47, 10000.00, 32, 3);
INSERT INTO public.car_componenteaccion VALUES (48, 15000.00, 30, 27);
INSERT INTO public.car_componenteaccion VALUES (49, 30000.00, 31, 27);
INSERT INTO public.car_componenteaccion VALUES (50, 80000.00, 32, 27);
INSERT INTO public.car_componenteaccion VALUES (51, 20000.00, 30, 11);
INSERT INTO public.car_componenteaccion VALUES (52, 35000.00, 31, 11);
INSERT INTO public.car_componenteaccion VALUES (53, 50000.00, 32, 11);
INSERT INTO public.car_componenteaccion VALUES (54, 160000.00, 32, 17);
INSERT INTO public.car_componenteaccion VALUES (55, 120000.00, 31, 17);
INSERT INTO public.car_componenteaccion VALUES (56, 80000.00, 30, 17);
INSERT INTO public.car_componenteaccion VALUES (57, 70000.00, 32, 14);
INSERT INTO public.car_componenteaccion VALUES (58, 50000.00, 31, 14);
INSERT INTO public.car_componenteaccion VALUES (59, 30000.00, 30, 14);
INSERT INTO public.car_componenteaccion VALUES (60, 350000.00, 32, 6);
INSERT INTO public.car_componenteaccion VALUES (61, 120000.00, 31, 6);
INSERT INTO public.car_componenteaccion VALUES (62, 50000.00, 30, 6);
INSERT INTO public.car_componenteaccion VALUES (63, 80000.00, 32, 22);
INSERT INTO public.car_componenteaccion VALUES (64, 40000.00, 31, 22);
INSERT INTO public.car_componenteaccion VALUES (65, 15000.00, 30, 22);
INSERT INTO public.car_componenteaccion VALUES (66, 80000.00, 32, 25);
INSERT INTO public.car_componenteaccion VALUES (67, 40000.00, 31, 25);
INSERT INTO public.car_componenteaccion VALUES (68, 15000.00, 30, 25);
INSERT INTO public.car_componenteaccion VALUES (69, 40000.00, 30, 29);
INSERT INTO public.car_componenteaccion VALUES (70, 80000.00, 31, 29);
INSERT INTO public.car_componenteaccion VALUES (71, 180000.00, 32, 29);
INSERT INTO public.car_componenteaccion VALUES (72, 15000.00, 30, 32);
INSERT INTO public.car_componenteaccion VALUES (73, 30000.00, 31, 32);
INSERT INTO public.car_componenteaccion VALUES (74, 80000.00, 32, 32);
INSERT INTO public.car_componenteaccion VALUES (75, 140000.00, 30, 34);
INSERT INTO public.car_componenteaccion VALUES (76, 250000.00, 31, 34);
INSERT INTO public.car_componenteaccion VALUES (77, 400000.00, 32, 34);
INSERT INTO public.car_componenteaccion VALUES (78, 700000.00, 33, 34);
INSERT INTO public.car_componenteaccion VALUES (79, 35000.00, 30, 35);
INSERT INTO public.car_componenteaccion VALUES (80, 60000.00, 31, 35);
INSERT INTO public.car_componenteaccion VALUES (81, 100000.00, 32, 35);
INSERT INTO public.car_componenteaccion VALUES (82, 60000.00, 30, 41);
INSERT INTO public.car_componenteaccion VALUES (83, 80000.00, 31, 41);
INSERT INTO public.car_componenteaccion VALUES (84, 120000.00, 32, 41);
INSERT INTO public.car_componenteaccion VALUES (85, 20000.00, 30, 40);
INSERT INTO public.car_componenteaccion VALUES (86, 40000.00, 31, 40);
INSERT INTO public.car_componenteaccion VALUES (87, 70000.00, 32, 40);
INSERT INTO public.car_componenteaccion VALUES (88, 30000.00, 30, 36);
INSERT INTO public.car_componenteaccion VALUES (89, 50000.00, 31, 36);
INSERT INTO public.car_componenteaccion VALUES (90, 80000.00, 32, 36);
INSERT INTO public.car_componenteaccion VALUES (91, 60000.00, 30, 38);
INSERT INTO public.car_componenteaccion VALUES (92, 90000.00, 31, 38);
INSERT INTO public.car_componenteaccion VALUES (93, 120000.00, 32, 38);
INSERT INTO public.car_componenteaccion VALUES (94, 35000.00, 30, 37);
INSERT INTO public.car_componenteaccion VALUES (95, 60000.00, 31, 37);
INSERT INTO public.car_componenteaccion VALUES (96, 100000.00, 32, 37);
INSERT INTO public.car_componenteaccion VALUES (97, 150000.00, 30, 39);
INSERT INTO public.car_componenteaccion VALUES (98, 250000.00, 31, 39);
INSERT INTO public.car_componenteaccion VALUES (99, 400000.00, 32, 39);
INSERT INTO public.car_componenteaccion VALUES (100, 60000.00, 30, 42);
INSERT INTO public.car_componenteaccion VALUES (101, 90000.00, 31, 42);
INSERT INTO public.car_componenteaccion VALUES (102, 120000.00, 32, 42);
INSERT INTO public.car_componenteaccion VALUES (103, 5000.00, 30, 63);
INSERT INTO public.car_componenteaccion VALUES (104, 15000.00, 31, 63);
INSERT INTO public.car_componenteaccion VALUES (105, 30000.00, 32, 63);
INSERT INTO public.car_componenteaccion VALUES (106, 70000.00, 33, 63);
INSERT INTO public.car_componenteaccion VALUES (107, 10000.00, 30, 24);
INSERT INTO public.car_componenteaccion VALUES (108, 25000.00, 31, 24);
INSERT INTO public.car_componenteaccion VALUES (109, 50000.00, 32, 24);
INSERT INTO public.car_componenteaccion VALUES (110, 2000.00, 30, 50);
INSERT INTO public.car_componenteaccion VALUES (111, 5000.00, 31, 50);
INSERT INTO public.car_componenteaccion VALUES (112, 10000.00, 32, 50);
INSERT INTO public.car_componenteaccion VALUES (113, 2000.00, 30, 54);
INSERT INTO public.car_componenteaccion VALUES (114, 5000.00, 31, 54);
INSERT INTO public.car_componenteaccion VALUES (115, 10000.00, 32, 54);
INSERT INTO public.car_componenteaccion VALUES (116, 2000.00, 30, 55);
INSERT INTO public.car_componenteaccion VALUES (117, 5000.00, 31, 55);
INSERT INTO public.car_componenteaccion VALUES (118, 10000.00, 32, 55);
INSERT INTO public.car_componenteaccion VALUES (119, 2000.00, 30, 56);
INSERT INTO public.car_componenteaccion VALUES (120, 5000.00, 31, 56);
INSERT INTO public.car_componenteaccion VALUES (121, 10000.00, 32, 56);
INSERT INTO public.car_componenteaccion VALUES (122, 25000.00, 30, 64);
INSERT INTO public.car_componenteaccion VALUES (123, 40000.00, 31, 64);
INSERT INTO public.car_componenteaccion VALUES (124, 70000.00, 32, 64);
INSERT INTO public.car_componenteaccion VALUES (125, 15000.00, 30, 66);
INSERT INTO public.car_componenteaccion VALUES (126, 30000.00, 31, 66);
INSERT INTO public.car_componenteaccion VALUES (127, 50000.00, 32, 66);
INSERT INTO public.car_componenteaccion VALUES (128, 25000.00, 30, 67);
INSERT INTO public.car_componenteaccion VALUES (129, 40000.00, 31, 67);
INSERT INTO public.car_componenteaccion VALUES (130, 60000.00, 32, 67);
INSERT INTO public.car_componenteaccion VALUES (131, 40000.00, 30, 68);
INSERT INTO public.car_componenteaccion VALUES (132, 70000.00, 31, 68);
INSERT INTO public.car_componenteaccion VALUES (133, 100000.00, 32, 68);
INSERT INTO public.car_componenteaccion VALUES (134, 2000.00, 30, 43);
INSERT INTO public.car_componenteaccion VALUES (135, 5000.00, 31, 43);
INSERT INTO public.car_componenteaccion VALUES (136, 10000.00, 32, 43);
INSERT INTO public.car_componenteaccion VALUES (137, 2000.00, 30, 44);
INSERT INTO public.car_componenteaccion VALUES (138, 5000.00, 31, 44);
INSERT INTO public.car_componenteaccion VALUES (139, 10000.00, 32, 44);
INSERT INTO public.car_componenteaccion VALUES (140, 2000.00, 30, 45);
INSERT INTO public.car_componenteaccion VALUES (141, 5000.00, 31, 45);
INSERT INTO public.car_componenteaccion VALUES (142, 10000.00, 32, 45);
INSERT INTO public.car_componenteaccion VALUES (143, 2000.00, 30, 46);
INSERT INTO public.car_componenteaccion VALUES (144, 5000.00, 31, 46);
INSERT INTO public.car_componenteaccion VALUES (145, 10000.00, 32, 46);
INSERT INTO public.car_componenteaccion VALUES (146, 2000.00, 30, 62);
INSERT INTO public.car_componenteaccion VALUES (147, 5000.00, 31, 62);
INSERT INTO public.car_componenteaccion VALUES (148, 10000.00, 32, 62);
INSERT INTO public.car_componenteaccion VALUES (149, 2000.00, 30, 47);
INSERT INTO public.car_componenteaccion VALUES (150, 5000.00, 31, 47);
INSERT INTO public.car_componenteaccion VALUES (151, 10000.00, 32, 47);
INSERT INTO public.car_componenteaccion VALUES (152, 2000.00, 30, 48);
INSERT INTO public.car_componenteaccion VALUES (153, 5000.00, 31, 48);
INSERT INTO public.car_componenteaccion VALUES (154, 10000.00, 32, 48);
INSERT INTO public.car_componenteaccion VALUES (155, 2000.00, 30, 57);
INSERT INTO public.car_componenteaccion VALUES (156, 5000.00, 31, 57);
INSERT INTO public.car_componenteaccion VALUES (157, 10000.00, 32, 57);
INSERT INTO public.car_componenteaccion VALUES (158, 2000.00, 30, 61);
INSERT INTO public.car_componenteaccion VALUES (159, 5000.00, 31, 61);
INSERT INTO public.car_componenteaccion VALUES (160, 10000.00, 32, 61);
INSERT INTO public.car_componenteaccion VALUES (161, 2000.00, 30, 51);
INSERT INTO public.car_componenteaccion VALUES (162, 5000.00, 31, 51);
INSERT INTO public.car_componenteaccion VALUES (163, 10000.00, 32, 51);
INSERT INTO public.car_componenteaccion VALUES (164, 2000.00, 30, 52);
INSERT INTO public.car_componenteaccion VALUES (165, 5000.00, 31, 52);
INSERT INTO public.car_componenteaccion VALUES (166, 10000.00, 32, 52);
INSERT INTO public.car_componenteaccion VALUES (167, 2000.00, 30, 53);
INSERT INTO public.car_componenteaccion VALUES (168, 5000.00, 31, 53);
INSERT INTO public.car_componenteaccion VALUES (169, 10000.00, 32, 53);
INSERT INTO public.car_componenteaccion VALUES (170, 2000.00, 30, 49);
INSERT INTO public.car_componenteaccion VALUES (171, 5000.00, 31, 49);
INSERT INTO public.car_componenteaccion VALUES (172, 10000.00, 32, 49);
INSERT INTO public.car_componenteaccion VALUES (173, 5000.00, 30, 65);
INSERT INTO public.car_componenteaccion VALUES (174, 15000.00, 31, 65);
INSERT INTO public.car_componenteaccion VALUES (175, 30000.00, 32, 65);
INSERT INTO public.car_componenteaccion VALUES (176, 60000.00, 33, 65);
INSERT INTO public.car_componenteaccion VALUES (177, 30000.00, 30, 69);
INSERT INTO public.car_componenteaccion VALUES (178, 50000.00, 31, 69);
INSERT INTO public.car_componenteaccion VALUES (179, 120000.00, 32, 69);
INSERT INTO public.car_componenteaccion VALUES (180, 80000.00, 30, 70);
INSERT INTO public.car_componenteaccion VALUES (181, 130000.00, 31, 70);
INSERT INTO public.car_componenteaccion VALUES (182, 200000.00, 32, 70);
INSERT INTO public.car_componenteaccion VALUES (183, 35000.00, 30, 84);
INSERT INTO public.car_componenteaccion VALUES (184, 50000.00, 31, 84);
INSERT INTO public.car_componenteaccion VALUES (185, 35000.00, 30, 85);
INSERT INTO public.car_componenteaccion VALUES (186, 50000.00, 31, 85);
INSERT INTO public.car_componenteaccion VALUES (187, 80000.00, 32, 85);
INSERT INTO public.car_componenteaccion VALUES (188, 5000.00, 30, 106);
INSERT INTO public.car_componenteaccion VALUES (189, 15000.00, 31, 106);
INSERT INTO public.car_componenteaccion VALUES (190, 30000.00, 32, 106);
INSERT INTO public.car_componenteaccion VALUES (191, 5000.00, 30, 107);
INSERT INTO public.car_componenteaccion VALUES (192, 15000.00, 31, 107);
INSERT INTO public.car_componenteaccion VALUES (193, 30000.00, 32, 107);
INSERT INTO public.car_componenteaccion VALUES (194, 5000.00, 30, 108);
INSERT INTO public.car_componenteaccion VALUES (195, 15000.00, 31, 108);
INSERT INTO public.car_componenteaccion VALUES (196, 30000.00, 32, 108);
INSERT INTO public.car_componenteaccion VALUES (197, 15000.00, 30, 111);
INSERT INTO public.car_componenteaccion VALUES (198, 25000.00, 31, 111);
INSERT INTO public.car_componenteaccion VALUES (199, 40000.00, 32, 111);
INSERT INTO public.car_componenteaccion VALUES (204, 80000.00, 31, 117);
INSERT INTO public.car_componenteaccion VALUES (203, 50000.00, 30, 117);
INSERT INTO public.car_componenteaccion VALUES (205, 130000.00, 32, 117);
INSERT INTO public.car_componenteaccion VALUES (206, 15000.00, 30, 113);
INSERT INTO public.car_componenteaccion VALUES (207, 30000.00, 31, 113);
INSERT INTO public.car_componenteaccion VALUES (208, 80000.00, 32, 113);
INSERT INTO public.car_componenteaccion VALUES (209, 15000.00, 30, 115);
INSERT INTO public.car_componenteaccion VALUES (210, 30000.00, 31, 115);
INSERT INTO public.car_componenteaccion VALUES (211, 50000.00, 32, 115);
INSERT INTO public.car_componenteaccion VALUES (212, 20000.00, 30, 114);
INSERT INTO public.car_componenteaccion VALUES (213, 40000.00, 31, 114);
INSERT INTO public.car_componenteaccion VALUES (214, 80000.00, 32, 114);
INSERT INTO public.car_componenteaccion VALUES (215, 160000.00, 30, 116);
INSERT INTO public.car_componenteaccion VALUES (216, 250000.00, 31, 116);
INSERT INTO public.car_componenteaccion VALUES (217, 400000.00, 32, 116);
INSERT INTO public.car_componenteaccion VALUES (218, 20000.00, 30, 122);
INSERT INTO public.car_componenteaccion VALUES (219, 40000.00, 31, 122);
INSERT INTO public.car_componenteaccion VALUES (220, 80000.00, 32, 122);
INSERT INTO public.car_componenteaccion VALUES (221, 20000.00, 30, 123);
INSERT INTO public.car_componenteaccion VALUES (222, 40000.00, 31, 123);
INSERT INTO public.car_componenteaccion VALUES (223, 80000.00, 32, 123);
INSERT INTO public.car_componenteaccion VALUES (224, 20000.00, 30, 124);
INSERT INTO public.car_componenteaccion VALUES (225, 40000.00, 31, 124);
INSERT INTO public.car_componenteaccion VALUES (226, 80000.00, 32, 124);
INSERT INTO public.car_componenteaccion VALUES (227, 30000.00, 30, 125);
INSERT INTO public.car_componenteaccion VALUES (228, 50000.00, 31, 125);
INSERT INTO public.car_componenteaccion VALUES (229, 80000.00, 32, 125);
INSERT INTO public.car_componenteaccion VALUES (230, 15000.00, 30, 126);
INSERT INTO public.car_componenteaccion VALUES (231, 30000.00, 31, 126);
INSERT INTO public.car_componenteaccion VALUES (232, 60000.00, 32, 126);
INSERT INTO public.car_componenteaccion VALUES (233, 10000.00, 30, 92);
INSERT INTO public.car_componenteaccion VALUES (234, 20000.00, 31, 92);
INSERT INTO public.car_componenteaccion VALUES (235, 40000.00, 32, 92);
INSERT INTO public.car_componenteaccion VALUES (236, 10000.00, 30, 93);
INSERT INTO public.car_componenteaccion VALUES (237, 20000.00, 31, 93);
INSERT INTO public.car_componenteaccion VALUES (238, 40000.00, 32, 93);
INSERT INTO public.car_componenteaccion VALUES (239, 40000.00, 30, 88);
INSERT INTO public.car_componenteaccion VALUES (240, 70000.00, 31, 88);
INSERT INTO public.car_componenteaccion VALUES (241, 100000.00, 32, 88);
INSERT INTO public.car_componenteaccion VALUES (242, 30000.00, 30, 89);
INSERT INTO public.car_componenteaccion VALUES (243, 60000.00, 31, 89);
INSERT INTO public.car_componenteaccion VALUES (244, 100000.00, 32, 89);
INSERT INTO public.car_componenteaccion VALUES (245, 30000.00, 30, 91);
INSERT INTO public.car_componenteaccion VALUES (246, 60000.00, 31, 91);
INSERT INTO public.car_componenteaccion VALUES (247, 100000.00, 32, 91);
INSERT INTO public.car_componenteaccion VALUES (248, 40000.00, 30, 90);
INSERT INTO public.car_componenteaccion VALUES (249, 70000.00, 31, 90);
INSERT INTO public.car_componenteaccion VALUES (250, 100000.00, 32, 90);
INSERT INTO public.car_componenteaccion VALUES (251, 30000.00, 30, 94);
INSERT INTO public.car_componenteaccion VALUES (252, 70000.00, 31, 94);
INSERT INTO public.car_componenteaccion VALUES (253, 120000.00, 32, 94);
INSERT INTO public.car_componenteaccion VALUES (254, 30000.00, 30, 95);
INSERT INTO public.car_componenteaccion VALUES (255, 70000.00, 31, 95);
INSERT INTO public.car_componenteaccion VALUES (256, 120000.00, 32, 95);
INSERT INTO public.car_componenteaccion VALUES (257, 35000.00, 30, 86);
INSERT INTO public.car_componenteaccion VALUES (258, 60000.00, 31, 86);
INSERT INTO public.car_componenteaccion VALUES (259, 100000.00, 32, 86);
INSERT INTO public.car_componenteaccion VALUES (260, 25000.00, 30, 87);
INSERT INTO public.car_componenteaccion VALUES (261, 45000.00, 31, 87);
INSERT INTO public.car_componenteaccion VALUES (262, 70000.00, 32, 87);
INSERT INTO public.car_componenteaccion VALUES (263, 25000.00, 11, 119);
INSERT INTO public.car_componenteaccion VALUES (264, 40000.00, 12, 119);
INSERT INTO public.car_componenteaccion VALUES (265, 80000.00, 13, 119);
INSERT INTO public.car_componenteaccion VALUES (266, 200000.00, 30, 127);
INSERT INTO public.car_componenteaccion VALUES (267, 350000.00, 31, 127);
INSERT INTO public.car_componenteaccion VALUES (268, 600000.00, 32, 127);
INSERT INTO public.car_componenteaccion VALUES (269, 1000000.00, 33, 127);
INSERT INTO public.car_componenteaccion VALUES (270, 350000.00, 30, 128);
INSERT INTO public.car_componenteaccion VALUES (272, 950000.00, 32, 128);
INSERT INTO public.car_componenteaccion VALUES (271, 580000.00, 31, 128);
INSERT INTO public.car_componenteaccion VALUES (273, 1500000.00, 33, 128);
INSERT INTO public.car_componenteaccion VALUES (274, 25000.00, 34, 129);
INSERT INTO public.car_componenteaccion VALUES (275, 45000.00, 35, 129);
INSERT INTO public.car_componenteaccion VALUES (276, 80000.00, 36, 129);
INSERT INTO public.car_componenteaccion VALUES (277, 30000.00, 34, 130);
INSERT INTO public.car_componenteaccion VALUES (278, 55000.00, 35, 130);
INSERT INTO public.car_componenteaccion VALUES (279, 100000.00, 36, 130);
INSERT INTO public.car_componenteaccion VALUES (280, 15000.00, 30, 131);
INSERT INTO public.car_componenteaccion VALUES (281, 40000.00, 31, 131);
INSERT INTO public.car_componenteaccion VALUES (282, 70000.00, 32, 131);
INSERT INTO public.car_componenteaccion VALUES (283, 100000.00, 33, 131);
INSERT INTO public.car_componenteaccion VALUES (284, 90000.00, 30, 132);
INSERT INTO public.car_componenteaccion VALUES (285, 130000.00, 31, 132);
INSERT INTO public.car_componenteaccion VALUES (286, 200000.00, 32, 132);
INSERT INTO public.car_componenteaccion VALUES (287, 150000.00, 30, 133);
INSERT INTO public.car_componenteaccion VALUES (288, 250000.00, 31, 133);
INSERT INTO public.car_componenteaccion VALUES (289, 400000.00, 32, 133);
INSERT INTO public.car_componenteaccion VALUES (290, 600000.00, 33, 133);
INSERT INTO public.car_componenteaccion VALUES (291, 15000.00, 30, 20);
INSERT INTO public.car_componenteaccion VALUES (292, 25000.00, 31, 20);
INSERT INTO public.car_componenteaccion VALUES (293, 40000.00, 32, 20);
INSERT INTO public.car_componenteaccion VALUES (294, 25000.00, 30, 21);
INSERT INTO public.car_componenteaccion VALUES (295, 40000.00, 31, 21);
INSERT INTO public.car_componenteaccion VALUES (296, 70000.00, 32, 21);
INSERT INTO public.car_componenteaccion VALUES (297, 170000.00, 30, 97);
INSERT INTO public.car_componenteaccion VALUES (298, 300000.00, 31, 97);
INSERT INTO public.car_componenteaccion VALUES (299, 480000.00, 32, 97);
INSERT INTO public.car_componenteaccion VALUES (300, 700000.00, 33, 97);
INSERT INTO public.car_componenteaccion VALUES (301, 140000.00, 30, 96);
INSERT INTO public.car_componenteaccion VALUES (302, 270000.00, 31, 96);
INSERT INTO public.car_componenteaccion VALUES (303, 420000.00, 32, 96);
INSERT INTO public.car_componenteaccion VALUES (304, 630000.00, 33, 96);
INSERT INTO public.car_componenteaccion VALUES (305, 90000.00, 30, 134);
INSERT INTO public.car_componenteaccion VALUES (306, 150000.00, 31, 134);
INSERT INTO public.car_componenteaccion VALUES (307, 250000.00, 32, 134);
INSERT INTO public.car_componenteaccion VALUES (308, 400000.00, 33, 134);
INSERT INTO public.car_componenteaccion VALUES (309, 20000.00, 30, 135);
INSERT INTO public.car_componenteaccion VALUES (310, 35000.00, 31, 135);
INSERT INTO public.car_componenteaccion VALUES (311, 60000.00, 32, 135);
INSERT INTO public.car_componenteaccion VALUES (312, 100000.00, 33, 135);
INSERT INTO public.car_componenteaccion VALUES (313, 50000.00, 30, 139);
INSERT INTO public.car_componenteaccion VALUES (314, 70000.00, 31, 139);
INSERT INTO public.car_componenteaccion VALUES (315, 100000.00, 32, 139);
INSERT INTO public.car_componenteaccion VALUES (316, 20000.00, 30, 137);
INSERT INTO public.car_componenteaccion VALUES (317, 30000.00, 31, 137);
INSERT INTO public.car_componenteaccion VALUES (318, 50000.00, 32, 137);
INSERT INTO public.car_componenteaccion VALUES (319, 60000.00, 30, 138);
INSERT INTO public.car_componenteaccion VALUES (320, 80000.00, 31, 138);
INSERT INTO public.car_componenteaccion VALUES (321, 120000.00, 32, 138);
INSERT INTO public.car_componenteaccion VALUES (322, 30000.00, 30, 140);
INSERT INTO public.car_componenteaccion VALUES (323, 50000.00, 31, 140);
INSERT INTO public.car_componenteaccion VALUES (324, 80000.00, 32, 140);
INSERT INTO public.car_componenteaccion VALUES (325, 30000.00, 30, 141);
INSERT INTO public.car_componenteaccion VALUES (326, 50000.00, 31, 141);
INSERT INTO public.car_componenteaccion VALUES (327, 80000.00, 32, 141);
INSERT INTO public.car_componenteaccion VALUES (328, 150000.00, 33, 141);
INSERT INTO public.car_componenteaccion VALUES (329, 40000.00, 30, 142);
INSERT INTO public.car_componenteaccion VALUES (330, 70000.00, 31, 142);
INSERT INTO public.car_componenteaccion VALUES (331, 120000.00, 32, 142);
INSERT INTO public.car_componenteaccion VALUES (332, 200000.00, 33, 142);
INSERT INTO public.car_componenteaccion VALUES (333, 15000.00, 30, 143);
INSERT INTO public.car_componenteaccion VALUES (334, 30000.00, 31, 143);
INSERT INTO public.car_componenteaccion VALUES (335, 60000.00, 32, 143);
INSERT INTO public.car_componenteaccion VALUES (336, 40000.00, 30, 144);
INSERT INTO public.car_componenteaccion VALUES (337, 70000.00, 31, 144);
INSERT INTO public.car_componenteaccion VALUES (338, 120000.00, 32, 144);
INSERT INTO public.car_componenteaccion VALUES (339, 200000.00, 33, 144);
INSERT INTO public.car_componenteaccion VALUES (340, 25000.00, 30, 145);
INSERT INTO public.car_componenteaccion VALUES (341, 40000.00, 31, 145);
INSERT INTO public.car_componenteaccion VALUES (342, 65000.00, 32, 145);
INSERT INTO public.car_componenteaccion VALUES (343, 100000.00, 33, 145);
INSERT INTO public.car_componenteaccion VALUES (344, 30000.00, 30, 112);
INSERT INTO public.car_componenteaccion VALUES (345, 50000.00, 31, 112);
INSERT INTO public.car_componenteaccion VALUES (346, 80000.00, 32, 112);
INSERT INTO public.car_componenteaccion VALUES (347, 150000.00, 33, 112);
INSERT INTO public.car_componenteaccion VALUES (348, 20000.00, 30, 146);
INSERT INTO public.car_componenteaccion VALUES (349, 50000.00, 31, 146);
INSERT INTO public.car_componenteaccion VALUES (350, 90000.00, 32, 146);
INSERT INTO public.car_componenteaccion VALUES (351, 150000.00, 33, 146);


--
-- Data for Name: car_componenterepuesto; Type: TABLE DATA; Schema: public; Owner: maxgonpe
--

INSERT INTO public.car_componenterepuesto VALUES (1, 'manual', 4, 150);
INSERT INTO public.car_componenterepuesto VALUES (2, 'Relacin automtica (puntuacin: 0.65)', 6, 78);
INSERT INTO public.car_componenterepuesto VALUES (3, 'Relacin automtica (puntuacin: 0.65)', 6, 79);
INSERT INTO public.car_componenterepuesto VALUES (4, 'Relacin automtica (puntuacin: 0.65)', 6, 80);
INSERT INTO public.car_componenterepuesto VALUES (5, 'Relacin automtica (puntuacin: 0.65)', 6, 81);
INSERT INTO public.car_componenterepuesto VALUES (6, 'Relacin automtica (puntuacin: 0.65)', 6, 82);
INSERT INTO public.car_componenterepuesto VALUES (7, 'Relacin automtica (puntuacin: 0.65)', 6, 83);
INSERT INTO public.car_componenterepuesto VALUES (8, 'Relacin automtica (puntuacin: 0.65)', 6, 85);
INSERT INTO public.car_componenterepuesto VALUES (9, 'Relacin automtica (puntuacin: 0.65)', 6, 86);
INSERT INTO public.car_componenterepuesto VALUES (10, 'Relacin automtica (puntuacin: 0.65)', 6, 87);
INSERT INTO public.car_componenterepuesto VALUES (11, 'Relacin automtica (puntuacin: 0.65)', 6, 88);
INSERT INTO public.car_componenterepuesto VALUES (12, 'Relacin automtica (puntuacin: 0.65)', 6, 89);
INSERT INTO public.car_componenterepuesto VALUES (13, 'Relacin automtica (puntuacin: 0.65)', 6, 92);
INSERT INTO public.car_componenterepuesto VALUES (14, 'Relacin automtica (puntuacin: 0.65)', 6, 114);
INSERT INTO public.car_componenterepuesto VALUES (15, 'Relacin automtica (puntuacin: 0.65)', 6, 93);
INSERT INTO public.car_componenterepuesto VALUES (16, 'Relacin automtica (puntuacin: 0.65)', 6, 94);
INSERT INTO public.car_componenterepuesto VALUES (17, 'Relacin automtica (puntuacin: 0.65)', 6, 96);
INSERT INTO public.car_componenterepuesto VALUES (18, 'Relacin automtica (puntuacin: 0.65)', 6, 97);
INSERT INTO public.car_componenterepuesto VALUES (19, 'Relacin automtica (puntuacin: 0.65)', 6, 98);
INSERT INTO public.car_componenterepuesto VALUES (20, 'Relacin automtica (puntuacin: 0.65)', 6, 99);
INSERT INTO public.car_componenterepuesto VALUES (21, 'Relacin automtica (puntuacin: 0.65)', 6, 100);
INSERT INTO public.car_componenterepuesto VALUES (22, 'Relacin automtica (puntuacin: 0.65)', 6, 102);
INSERT INTO public.car_componenterepuesto VALUES (23, 'Relacin automtica (puntuacin: 0.65)', 6, 103);
INSERT INTO public.car_componenterepuesto VALUES (24, 'Relacin automtica (puntuacin: 0.65)', 6, 105);
INSERT INTO public.car_componenterepuesto VALUES (25, 'Relacin automtica (puntuacin: 0.65)', 6, 106);
INSERT INTO public.car_componenterepuesto VALUES (26, 'Relacin automtica (puntuacin: 0.65)', 6, 107);
INSERT INTO public.car_componenterepuesto VALUES (27, 'Relacin automtica (puntuacin: 0.65)', 6, 108);
INSERT INTO public.car_componenterepuesto VALUES (28, 'Relacin automtica (puntuacin: 0.65)', 6, 109);
INSERT INTO public.car_componenterepuesto VALUES (29, 'Relacin automtica (puntuacin: 0.65)', 6, 91);
INSERT INTO public.car_componenterepuesto VALUES (30, 'Relacin automtica (puntuacin: 0.65)', 6, 115);
INSERT INTO public.car_componenterepuesto VALUES (31, 'Relacin automtica (puntuacin: 0.65)', 4, 112);
INSERT INTO public.car_componenterepuesto VALUES (32, 'Relacin automtica (puntuacin: 0.65)', 6, 110);
INSERT INTO public.car_componenterepuesto VALUES (33, 'Relacin automtica (puntuacin: 0.65)', 6, 111);
INSERT INTO public.car_componenterepuesto VALUES (34, 'Relacin automtica (puntuacin: 0.65)', 6, 101);
INSERT INTO public.car_componenterepuesto VALUES (35, 'Relacin automtica (puntuacin: 0.65)', 6, 116);
INSERT INTO public.car_componenterepuesto VALUES (36, 'Relacin automtica (puntuacin: 0.65)', 6, 117);
INSERT INTO public.car_componenterepuesto VALUES (37, 'Relacin automtica (puntuacin: 0.65)', 6, 118);
INSERT INTO public.car_componenterepuesto VALUES (38, 'Relacin automtica (puntuacin: 0.65)', 6, 119);
INSERT INTO public.car_componenterepuesto VALUES (39, 'Relacin automtica (puntuacin: 0.65)', 6, 120);
INSERT INTO public.car_componenterepuesto VALUES (40, 'Relacin automtica (puntuacin: 0.65)', 6, 121);
INSERT INTO public.car_componenterepuesto VALUES (41, 'Relacin automtica (puntuacin: 0.65)', 6, 122);
INSERT INTO public.car_componenterepuesto VALUES (42, 'Relacin automtica (puntuacin: 0.65)', 3, 113);
INSERT INTO public.car_componenterepuesto VALUES (43, 'Relacin automtica (puntuacin: 0.62)', 4, 151);
INSERT INTO public.car_componenterepuesto VALUES (44, 'Relacin automtica (puntuacin: 0.60)', 4, 158);
INSERT INTO public.car_componenterepuesto VALUES (45, 'Relacin automtica (puntuacin: 0.62)', 4, 152);
INSERT INTO public.car_componenterepuesto VALUES (46, 'Relacin automtica (puntuacin: 0.62)', 4, 149);
INSERT INTO public.car_componenterepuesto VALUES (47, 'Relacin automtica (puntuacin: 0.62)', 4, 148);
INSERT INTO public.car_componenterepuesto VALUES (48, 'Relacin automtica (puntuacin: 0.65)', 6, 123);
INSERT INTO public.car_componenterepuesto VALUES (49, 'Relacin automtica (puntuacin: 0.65)', 6, 90);
INSERT INTO public.car_componenterepuesto VALUES (50, 'Relacin automtica (puntuacin: 0.85)', 20, 1);
INSERT INTO public.car_componenterepuesto VALUES (51, 'Relacin automtica (puntuacin: 0.65)', 6, 84);
INSERT INTO public.car_componenterepuesto VALUES (52, 'Relacin automtica (puntuacin: 0.65)', 6, 95);
INSERT INTO public.car_componenterepuesto VALUES (53, 'Relacin automtica (puntuacin: 0.65)', 6, 104);
INSERT INTO public.car_componenterepuesto VALUES (54, 'Relacin automtica (puntuacin: 0.62)', 3, 112);
INSERT INTO public.car_componenterepuesto VALUES (55, 'Relacin automtica (puntuacin: 0.62)', 4, 113);
INSERT INTO public.car_componenterepuesto VALUES (56, 'Relacin automtica (puntuacin: 0.62)', 3, 151);
INSERT INTO public.car_componenterepuesto VALUES (57, 'Relacin automtica (puntuacin: 0.62)', 3, 152);
INSERT INTO public.car_componenterepuesto VALUES (58, 'Relacin automtica (puntuacin: 0.62)', 3, 149);
INSERT INTO public.car_componenterepuesto VALUES (59, 'Relacin automtica (puntuacin: 0.62)', 3, 148);
INSERT INTO public.car_componenterepuesto VALUES (60, 'Relacin automtica (puntuacin: 0.24)', 70, 29);
INSERT INTO public.car_componenterepuesto VALUES (61, 'Relacin automtica (puntuacin: 0.58)', 11, 14);
INSERT INTO public.car_componenterepuesto VALUES (62, 'Relacin automtica (puntuacin: 0.24)', 70, 24);
INSERT INTO public.car_componenterepuesto VALUES (63, 'Relacin automtica (puntuacin: 0.24)', 70, 26);
INSERT INTO public.car_componenterepuesto VALUES (64, 'Relacin automtica (puntuacin: 0.20)', 93, 7);
INSERT INTO public.car_componenterepuesto VALUES (65, 'Relacin automtica (puntuacin: 0.57)', 11, 4);
INSERT INTO public.car_componenterepuesto VALUES (66, 'Relacin automtica (puntuacin: 0.58)', 11, 6);
INSERT INTO public.car_componenterepuesto VALUES (67, 'Relacin automtica (puntuacin: 0.28)', 32, 19);
INSERT INTO public.car_componenterepuesto VALUES (68, 'Relacin automtica (puntuacin: 0.27)', 76, 9);
INSERT INTO public.car_componenterepuesto VALUES (69, 'Relacin automtica (puntuacin: 0.58)', 11, 11);
INSERT INTO public.car_componenterepuesto VALUES (70, 'Relacin automtica (puntuacin: 0.58)', 11, 13);
INSERT INTO public.car_componenterepuesto VALUES (71, 'Relacin automtica (puntuacin: 0.57)', 11, 12);
INSERT INTO public.car_componenterepuesto VALUES (72, 'Relacin automtica (puntuacin: 0.58)', 11, 15);
INSERT INTO public.car_componenterepuesto VALUES (73, 'Relacin automtica (puntuacin: 0.53)', 11, 16);
INSERT INTO public.car_componenterepuesto VALUES (74, 'Relacin automtica (puntuacin: 0.51)', 11, 183);
INSERT INTO public.car_componenterepuesto VALUES (75, 'Relacin automtica (puntuacin: 0.57)', 11, 17);
INSERT INTO public.car_componenterepuesto VALUES (76, 'Relacin automtica (puntuacin: 0.32)', 85, 20);
INSERT INTO public.car_componenterepuesto VALUES (77, 'Relacin automtica (puntuacin: 0.36)', 79, 21);
INSERT INTO public.car_componenterepuesto VALUES (78, 'Relacin automtica (puntuacin: 0.24)', 70, 23);
INSERT INTO public.car_componenterepuesto VALUES (79, 'Relacin automtica (puntuacin: 0.24)', 70, 27);
INSERT INTO public.car_componenterepuesto VALUES (80, 'Relacin automtica (puntuacin: 0.24)', 70, 30);
INSERT INTO public.car_componenterepuesto VALUES (81, 'Relacin automtica (puntuacin: 0.24)', 70, 31);
INSERT INTO public.car_componenterepuesto VALUES (82, 'Relacin automtica (puntuacin: 0.24)', 70, 32);
INSERT INTO public.car_componenterepuesto VALUES (83, 'Relacin automtica (puntuacin: 0.44)', 11, 186);
INSERT INTO public.car_componenterepuesto VALUES (84, 'Relacin automtica (puntuacin: 0.58)', 11, 5);
INSERT INTO public.car_componenterepuesto VALUES (85, 'Relacin automtica (puntuacin: 0.53)', 11, 3);
INSERT INTO public.car_componenterepuesto VALUES (86, 'Relacin automtica (puntuacin: 0.26)', 76, 8);
INSERT INTO public.car_componenterepuesto VALUES (87, 'Relacin automtica (puntuacin: 0.65)', 92, 191);
INSERT INTO public.car_componenterepuesto VALUES (88, 'Relacin automtica (puntuacin: 0.25)', 66, 56);
INSERT INTO public.car_componenterepuesto VALUES (89, 'Relacin automtica (puntuacin: 0.24)', 70, 34);
INSERT INTO public.car_componenterepuesto VALUES (90, 'Relacin automtica (puntuacin: 0.24)', 70, 35);
INSERT INTO public.car_componenterepuesto VALUES (91, 'Relacin automtica (puntuacin: 0.24)', 70, 36);
INSERT INTO public.car_componenterepuesto VALUES (92, 'Relacin automtica (puntuacin: 0.24)', 70, 28);
INSERT INTO public.car_componenterepuesto VALUES (93, 'Relacin automtica (puntuacin: 0.24)', 70, 38);
INSERT INTO public.car_componenterepuesto VALUES (94, 'Relacin automtica (puntuacin: 0.24)', 70, 39);
INSERT INTO public.car_componenterepuesto VALUES (95, 'Relacin automtica (puntuacin: 0.24)', 70, 40);
INSERT INTO public.car_componenterepuesto VALUES (96, 'Relacin automtica (puntuacin: 0.24)', 70, 41);
INSERT INTO public.car_componenterepuesto VALUES (97, 'Relacin automtica (puntuacin: 0.24)', 70, 42);
INSERT INTO public.car_componenterepuesto VALUES (98, 'Relacin automtica (puntuacin: 0.24)', 70, 43);
INSERT INTO public.car_componenterepuesto VALUES (99, 'Relacin automtica (puntuacin: 0.25)', 66, 45);
INSERT INTO public.car_componenterepuesto VALUES (100, 'Relacin automtica (puntuacin: 0.25)', 66, 44);
INSERT INTO public.car_componenterepuesto VALUES (101, 'Relacin automtica (puntuacin: 0.25)', 66, 48);
INSERT INTO public.car_componenterepuesto VALUES (102, 'Relacin automtica (puntuacin: 0.25)', 66, 49);
INSERT INTO public.car_componenterepuesto VALUES (103, 'Relacin automtica (puntuacin: 0.25)', 66, 50);
INSERT INTO public.car_componenterepuesto VALUES (104, 'Relacin automtica (puntuacin: 0.25)', 66, 51);
INSERT INTO public.car_componenterepuesto VALUES (105, 'Relacin automtica (puntuacin: 0.25)', 66, 54);
INSERT INTO public.car_componenterepuesto VALUES (106, 'Relacin automtica (puntuacin: 0.25)', 66, 55);
INSERT INTO public.car_componenterepuesto VALUES (107, 'Relacin automtica (puntuacin: 0.25)', 66, 57);
INSERT INTO public.car_componenterepuesto VALUES (108, 'Relacin automtica (puntuacin: 0.25)', 66, 59);
INSERT INTO public.car_componenterepuesto VALUES (109, 'Relacin automtica (puntuacin: 0.25)', 66, 46);
INSERT INTO public.car_componenterepuesto VALUES (110, 'Relacin automtica (puntuacin: 0.25)', 66, 53);
INSERT INTO public.car_componenterepuesto VALUES (111, 'Relacin automtica (puntuacin: 0.18)', 97, 184);
INSERT INTO public.car_componenterepuesto VALUES (112, 'Relacin automtica (puntuacin: 0.75)', 34, 187);
INSERT INTO public.car_componenterepuesto VALUES (113, 'Relacin automtica (puntuacin: 0.21)', 107, 73);
INSERT INTO public.car_componenterepuesto VALUES (114, 'Relacin automtica (puntuacin: 0.25)', 66, 61);
INSERT INTO public.car_componenterepuesto VALUES (115, 'Relacin automtica (puntuacin: 0.25)', 66, 63);
INSERT INTO public.car_componenterepuesto VALUES (116, 'Relacin automtica (puntuacin: 0.21)', 107, 66);
INSERT INTO public.car_componenterepuesto VALUES (117, 'Relacin automtica (puntuacin: 0.21)', 107, 67);
INSERT INTO public.car_componenterepuesto VALUES (118, 'Relacin automtica (puntuacin: 0.21)', 107, 68);
INSERT INTO public.car_componenterepuesto VALUES (119, 'Relacin automtica (puntuacin: 0.21)', 107, 64);
INSERT INTO public.car_componenterepuesto VALUES (120, 'Relacin automtica (puntuacin: 0.21)', 107, 71);
INSERT INTO public.car_componenterepuesto VALUES (121, 'Relacin automtica (puntuacin: 0.21)', 107, 74);
INSERT INTO public.car_componenterepuesto VALUES (122, 'Relacin automtica (puntuacin: 0.43)', 69, 188);
INSERT INTO public.car_componenterepuesto VALUES (123, 'Relacin automtica (puntuacin: 0.21)', 107, 76);
INSERT INTO public.car_componenterepuesto VALUES (124, 'Relacin automtica (puntuacin: 0.21)', 107, 77);
INSERT INTO public.car_componenterepuesto VALUES (125, 'Relacin automtica (puntuacin: 0.45)', 68, 78);
INSERT INTO public.car_componenterepuesto VALUES (126, 'Relacin automtica (puntuacin: 0.45)', 68, 79);
INSERT INTO public.car_componenterepuesto VALUES (127, 'Relacin automtica (puntuacin: 0.45)', 68, 80);
INSERT INTO public.car_componenterepuesto VALUES (128, 'Relacin automtica (puntuacin: 0.28)', 86, 165);
INSERT INTO public.car_componenterepuesto VALUES (129, 'Relacin automtica (puntuacin: 0.45)', 68, 81);
INSERT INTO public.car_componenterepuesto VALUES (130, 'Relacin automtica (puntuacin: 0.45)', 68, 82);
INSERT INTO public.car_componenterepuesto VALUES (131, 'Relacin automtica (puntuacin: 0.45)', 68, 83);
INSERT INTO public.car_componenterepuesto VALUES (132, 'Relacin automtica (puntuacin: 0.45)', 68, 85);
INSERT INTO public.car_componenterepuesto VALUES (133, 'Relacin automtica (puntuacin: 0.45)', 68, 86);
INSERT INTO public.car_componenterepuesto VALUES (134, 'Relacin automtica (puntuacin: 0.45)', 68, 87);
INSERT INTO public.car_componenterepuesto VALUES (135, 'Relacin automtica (puntuacin: 0.45)', 68, 88);
INSERT INTO public.car_componenterepuesto VALUES (136, 'Relacin automtica (puntuacin: 0.45)', 68, 89);
INSERT INTO public.car_componenterepuesto VALUES (137, 'Relacin automtica (puntuacin: 0.21)', 107, 65);
INSERT INTO public.car_componenterepuesto VALUES (138, 'Relacin automtica (puntuacin: 0.21)', 107, 69);
INSERT INTO public.car_componenterepuesto VALUES (139, 'Relacin automtica (puntuacin: 0.65)', 4, 179);
INSERT INTO public.car_componenterepuesto VALUES (140, 'Relacin automtica (puntuacin: 0.45)', 68, 92);
INSERT INTO public.car_componenterepuesto VALUES (141, 'Relacin automtica (puntuacin: 0.45)', 68, 114);
INSERT INTO public.car_componenterepuesto VALUES (142, 'Relacin automtica (puntuacin: 0.45)', 68, 93);
INSERT INTO public.car_componenterepuesto VALUES (143, 'Relacin automtica (puntuacin: 0.45)', 68, 94);
INSERT INTO public.car_componenterepuesto VALUES (144, 'Relacin automtica (puntuacin: 0.45)', 68, 96);
INSERT INTO public.car_componenterepuesto VALUES (145, 'Relacin automtica (puntuacin: 0.45)', 68, 97);
INSERT INTO public.car_componenterepuesto VALUES (146, 'Relacin automtica (puntuacin: 0.45)', 68, 98);
INSERT INTO public.car_componenterepuesto VALUES (147, 'Relacin automtica (puntuacin: 0.45)', 68, 99);
INSERT INTO public.car_componenterepuesto VALUES (148, 'Relacin automtica (puntuacin: 0.45)', 68, 100);
INSERT INTO public.car_componenterepuesto VALUES (149, 'Relacin automtica (puntuacin: 0.45)', 68, 102);
INSERT INTO public.car_componenterepuesto VALUES (150, 'Relacin automtica (puntuacin: 0.45)', 68, 103);
INSERT INTO public.car_componenterepuesto VALUES (151, 'Relacin automtica (puntuacin: 0.45)', 68, 105);
INSERT INTO public.car_componenterepuesto VALUES (152, 'Relacin automtica (puntuacin: 0.45)', 68, 106);
INSERT INTO public.car_componenterepuesto VALUES (153, 'Relacin automtica (puntuacin: 0.45)', 68, 107);
INSERT INTO public.car_componenterepuesto VALUES (154, 'Relacin automtica (puntuacin: 0.45)', 68, 108);
INSERT INTO public.car_componenterepuesto VALUES (155, 'Relacin automtica (puntuacin: 0.45)', 68, 109);
INSERT INTO public.car_componenterepuesto VALUES (156, 'Relacin automtica (puntuacin: 0.45)', 68, 91);
INSERT INTO public.car_componenterepuesto VALUES (157, 'Relacin automtica (puntuacin: 0.60)', 4, 180);
INSERT INTO public.car_componenterepuesto VALUES (158, 'Relacin automtica (puntuacin: 0.45)', 68, 115);
INSERT INTO public.car_componenterepuesto VALUES (159, 'Relacin automtica (puntuacin: 0.21)', 83, 112);
INSERT INTO public.car_componenterepuesto VALUES (160, 'Relacin automtica (puntuacin: 0.45)', 68, 110);
INSERT INTO public.car_componenterepuesto VALUES (161, 'Relacin automtica (puntuacin: 0.45)', 68, 111);
INSERT INTO public.car_componenterepuesto VALUES (162, 'Relacin automtica (puntuacin: 0.45)', 68, 101);
INSERT INTO public.car_componenterepuesto VALUES (163, 'Relacin automtica (puntuacin: 0.45)', 68, 116);
INSERT INTO public.car_componenterepuesto VALUES (164, 'Relacin automtica (puntuacin: 0.45)', 68, 117);
INSERT INTO public.car_componenterepuesto VALUES (165, 'Relacin automtica (puntuacin: 0.45)', 68, 118);
INSERT INTO public.car_componenterepuesto VALUES (166, 'Relacin automtica (puntuacin: 0.45)', 68, 119);
INSERT INTO public.car_componenterepuesto VALUES (167, 'Relacin automtica (puntuacin: 0.45)', 68, 120);
INSERT INTO public.car_componenterepuesto VALUES (168, 'Relacin automtica (puntuacin: 0.45)', 68, 121);
INSERT INTO public.car_componenterepuesto VALUES (169, 'Relacin automtica (puntuacin: 0.45)', 68, 122);
INSERT INTO public.car_componenterepuesto VALUES (170, 'Relacin automtica (puntuacin: 0.16)', 83, 113);
INSERT INTO public.car_componenterepuesto VALUES (171, 'Relacin automtica (puntuacin: 0.54)', 4, 146);
INSERT INTO public.car_componenterepuesto VALUES (172, 'Relacin automtica (puntuacin: 0.21)', 83, 151);
INSERT INTO public.car_componenterepuesto VALUES (173, 'Relacin automtica (puntuacin: 0.28)', 86, 162);
INSERT INTO public.car_componenterepuesto VALUES (174, 'Relacin automtica (puntuacin: 0.28)', 86, 161);
INSERT INTO public.car_componenterepuesto VALUES (175, 'Relacin automtica (puntuacin: 0.27)', 66, 160);
INSERT INTO public.car_componenterepuesto VALUES (176, 'Relacin automtica (puntuacin: 0.58)', 4, 159);
INSERT INTO public.car_componenterepuesto VALUES (177, 'Relacin automtica (puntuacin: 0.57)', 3, 158);
INSERT INTO public.car_componenterepuesto VALUES (178, 'Relacin automtica (puntuacin: 0.54)', 4, 157);
INSERT INTO public.car_componenterepuesto VALUES (179, 'Relacin automtica (puntuacin: 0.57)', 4, 156);
INSERT INTO public.car_componenterepuesto VALUES (180, 'Relacin automtica (puntuacin: 0.56)', 3, 155);
INSERT INTO public.car_componenterepuesto VALUES (181, 'Relacin automtica (puntuacin: 0.57)', 4, 154);
INSERT INTO public.car_componenterepuesto VALUES (182, 'Relacin automtica (puntuacin: 0.57)', 4, 153);
INSERT INTO public.car_componenterepuesto VALUES (183, 'Relacin automtica (puntuacin: 0.21)', 83, 152);
INSERT INTO public.car_componenterepuesto VALUES (184, 'Relacin automtica (puntuacin: 0.53)', 3, 150);
INSERT INTO public.car_componenterepuesto VALUES (185, 'Relacin automtica (puntuacin: 0.21)', 83, 149);
INSERT INTO public.car_componenterepuesto VALUES (186, 'Relacin automtica (puntuacin: 0.21)', 83, 148);
INSERT INTO public.car_componenterepuesto VALUES (187, 'Relacin automtica (puntuacin: 0.57)', 4, 147);
INSERT INTO public.car_componenterepuesto VALUES (188, 'Relacin automtica (puntuacin: 0.56)', 4, 145);
INSERT INTO public.car_componenterepuesto VALUES (189, 'Relacin automtica (puntuacin: 0.56)', 4, 144);
INSERT INTO public.car_componenterepuesto VALUES (190, 'Relacin automtica (puntuacin: 0.57)', 4, 143);
INSERT INTO public.car_componenterepuesto VALUES (191, 'Relacin automtica (puntuacin: 0.33)', 71, 142);
INSERT INTO public.car_componenterepuesto VALUES (192, 'Relacin automtica (puntuacin: 0.68)', 31, 141);
INSERT INTO public.car_componenterepuesto VALUES (193, 'Relacin automtica (puntuacin: 0.68)', 31, 140);
INSERT INTO public.car_componenterepuesto VALUES (194, 'Relacin automtica (puntuacin: 0.34)', 24, 139);
INSERT INTO public.car_componenterepuesto VALUES (195, 'Relacin automtica (puntuacin: 0.68)', 31, 138);
INSERT INTO public.car_componenterepuesto VALUES (196, 'Relacin automtica (puntuacin: 0.68)', 31, 137);
INSERT INTO public.car_componenterepuesto VALUES (197, 'Relacin automtica (puntuacin: 0.68)', 31, 136);
INSERT INTO public.car_componenterepuesto VALUES (198, 'Relacin automtica (puntuacin: 0.68)', 31, 135);
INSERT INTO public.car_componenterepuesto VALUES (199, 'Relacin automtica (puntuacin: 0.26)', 38, 134);
INSERT INTO public.car_componenterepuesto VALUES (200, 'Relacin automtica (puntuacin: 0.22)', 76, 133);
INSERT INTO public.car_componenterepuesto VALUES (201, 'Relacin automtica (puntuacin: 0.24)', 38, 132);
INSERT INTO public.car_componenterepuesto VALUES (202, 'Relacin automtica (puntuacin: 0.18)', 27, 131);
INSERT INTO public.car_componenterepuesto VALUES (203, 'Relacin automtica (puntuacin: 0.68)', 31, 130);
INSERT INTO public.car_componenterepuesto VALUES (204, 'Relacin automtica (puntuacin: 0.23)', 99, 129);
INSERT INTO public.car_componenterepuesto VALUES (205, 'Relacin automtica (puntuacin: 0.23)', 66, 128);
INSERT INTO public.car_componenterepuesto VALUES (206, 'Relacin automtica (puntuacin: 0.21)', 99, 127);
INSERT INTO public.car_componenterepuesto VALUES (207, 'Relacin automtica (puntuacin: 0.25)', 70, 126);
INSERT INTO public.car_componenterepuesto VALUES (208, 'Relacin automtica (puntuacin: 0.33)', 87, 125);
INSERT INTO public.car_componenterepuesto VALUES (209, 'Relacin automtica (puntuacin: 0.34)', 87, 124);
INSERT INTO public.car_componenterepuesto VALUES (210, 'Relacin automtica (puntuacin: 0.45)', 68, 123);
INSERT INTO public.car_componenterepuesto VALUES (211, 'Relacin automtica (puntuacin: 0.51)', 11, 181);
INSERT INTO public.car_componenterepuesto VALUES (212, 'Relacin automtica (puntuacin: 0.24)', 94, 166);
INSERT INTO public.car_componenterepuesto VALUES (213, 'Relacin automtica (puntuacin: 0.24)', 94, 172);
INSERT INTO public.car_componenterepuesto VALUES (214, 'Relacin automtica (puntuacin: 0.24)', 94, 176);
INSERT INTO public.car_componenterepuesto VALUES (215, 'Relacin automtica (puntuacin: 0.45)', 68, 90);
INSERT INTO public.car_componenterepuesto VALUES (216, 'Relacin automtica (puntuacin: 0.25)', 66, 52);
INSERT INTO public.car_componenterepuesto VALUES (217, 'Relacin automtica (puntuacin: 0.57)', 108, 1);
INSERT INTO public.car_componenterepuesto VALUES (218, 'Relacin automtica (puntuacin: 0.45)', 68, 84);
INSERT INTO public.car_componenterepuesto VALUES (219, 'Relacin automtica (puntuacin: 0.24)', 94, 175);
INSERT INTO public.car_componenterepuesto VALUES (220, 'Relacin automtica (puntuacin: 0.24)', 94, 173);
INSERT INTO public.car_componenterepuesto VALUES (221, 'Relacin automtica (puntuacin: 0.24)', 94, 174);
INSERT INTO public.car_componenterepuesto VALUES (222, 'Relacin automtica (puntuacin: 0.24)', 94, 171);
INSERT INTO public.car_componenterepuesto VALUES (223, 'Relacin automtica (puntuacin: 0.23)', 95, 170);
INSERT INTO public.car_componenterepuesto VALUES (224, 'Relacin automtica (puntuacin: 0.28)', 86, 169);
INSERT INTO public.car_componenterepuesto VALUES (225, 'Relacin automtica (puntuacin: 0.28)', 86, 168);
INSERT INTO public.car_componenterepuesto VALUES (226, 'Relacin automtica (puntuacin: 0.28)', 86, 167);
INSERT INTO public.car_componenterepuesto VALUES (227, 'Relacin automtica (puntuacin: 0.28)', 86, 164);
INSERT INTO public.car_componenterepuesto VALUES (228, 'Relacin automtica (puntuacin: 0.21)', 107, 72);
INSERT INTO public.car_componenterepuesto VALUES (229, 'Relacin automtica (puntuacin: 0.21)', 107, 75);
INSERT INTO public.car_componenterepuesto VALUES (230, 'Relacin automtica (puntuacin: 0.25)', 66, 62);
INSERT INTO public.car_componenterepuesto VALUES (231, 'Relacin automtica (puntuacin: 0.25)', 66, 60);
INSERT INTO public.car_componenterepuesto VALUES (232, 'Relacin automtica (puntuacin: 0.25)', 66, 58);
INSERT INTO public.car_componenterepuesto VALUES (233, 'Relacin automtica (puntuacin: 0.25)', 66, 47);
INSERT INTO public.car_componenterepuesto VALUES (234, 'Relacin automtica (puntuacin: 0.24)', 70, 37);
INSERT INTO public.car_componenterepuesto VALUES (235, 'Relacin automtica (puntuacin: 0.24)', 70, 33);
INSERT INTO public.car_componenterepuesto VALUES (236, 'Relacin automtica (puntuacin: 0.24)', 70, 22);
INSERT INTO public.car_componenterepuesto VALUES (237, 'Relacin automtica (puntuacin: 0.34)', 2, 18);
INSERT INTO public.car_componenterepuesto VALUES (238, 'Relacin automtica (puntuacin: 0.59)', 21, 2);
INSERT INTO public.car_componenterepuesto VALUES (239, 'Relacin automtica (puntuacin: 0.28)', 81, 182);
INSERT INTO public.car_componenterepuesto VALUES (240, 'Relacin automtica (puntuacin: 0.45)', 68, 95);
INSERT INTO public.car_componenterepuesto VALUES (241, 'Relacin automtica (puntuacin: 0.45)', 68, 104);
INSERT INTO public.car_componenterepuesto VALUES (242, 'Relacin automtica (puntuacin: 0.24)', 70, 25);
INSERT INTO public.car_componenterepuesto VALUES (243, 'Relacin automtica (puntuacin: 0.21)', 107, 70);
INSERT INTO public.car_componenterepuesto VALUES (244, 'Relacin automtica (puntuacin: 0.24)', 94, 177);
INSERT INTO public.car_componenterepuesto VALUES (245, 'Relacin automtica (puntuacin: 0.28)', 86, 163);
INSERT INTO public.car_componenterepuesto VALUES (246, 'Relacin automtica (puntuacin: 0.31)', 22, 185);
INSERT INTO public.car_componenterepuesto VALUES (247, 'Relacin automtica (puntuacin: 0.27)', 76, 10);
INSERT INTO public.car_componenterepuesto VALUES (248, 'Relacin automtica (puntuacin: 0.65)', 26, 190);
INSERT INTO public.car_componenterepuesto VALUES (249, 'Relacin automtica (puntuacin: 0.68)', 31, 189);
INSERT INTO public.car_componenterepuesto VALUES (250, 'Relacin automtica (puntuacin: 0.61)', 111, 29);
INSERT INTO public.car_componenterepuesto VALUES (251, 'Relacin automtica (puntuacin: 0.38)', 14, 14);
INSERT INTO public.car_componenterepuesto VALUES (252, 'Relacin automtica (puntuacin: 0.61)', 111, 24);
INSERT INTO public.car_componenterepuesto VALUES (253, 'Relacin automtica (puntuacin: 0.61)', 111, 26);
INSERT INTO public.car_componenterepuesto VALUES (254, 'Relacin automtica (puntuacin: 0.20)', 101, 7);
INSERT INTO public.car_componenterepuesto VALUES (255, 'Relacin automtica (puntuacin: 0.38)', 14, 4);
INSERT INTO public.car_componenterepuesto VALUES (256, 'Relacin automtica (puntuacin: 0.38)', 14, 6);
INSERT INTO public.car_componenterepuesto VALUES (258, 'Relacin automtica (puntuacin: 0.23)', 104, 9);
INSERT INTO public.car_componenterepuesto VALUES (259, 'Relacin automtica (puntuacin: 0.38)', 14, 11);
INSERT INTO public.car_componenterepuesto VALUES (260, 'Relacin automtica (puntuacin: 0.38)', 14, 13);
INSERT INTO public.car_componenterepuesto VALUES (261, 'Relacin automtica (puntuacin: 0.38)', 14, 12);
INSERT INTO public.car_componenterepuesto VALUES (262, 'Relacin automtica (puntuacin: 0.38)', 14, 15);
INSERT INTO public.car_componenterepuesto VALUES (263, 'Relacin automtica (puntuacin: 0.37)', 14, 16);
INSERT INTO public.car_componenterepuesto VALUES (264, 'Relacin automtica (puntuacin: 0.44)', 14, 183);
INSERT INTO public.car_componenterepuesto VALUES (265, 'Relacin automtica (puntuacin: 0.51)', 14, 17);
INSERT INTO public.car_componenterepuesto VALUES (267, 'Relacin automtica (puntuacin: 0.28)', 85, 21);
INSERT INTO public.car_componenterepuesto VALUES (268, 'Relacin automtica (puntuacin: 0.61)', 111, 23);
INSERT INTO public.car_componenterepuesto VALUES (269, 'Relacin automtica (puntuacin: 0.61)', 111, 27);
INSERT INTO public.car_componenterepuesto VALUES (270, 'Relacin automtica (puntuacin: 0.61)', 111, 30);
INSERT INTO public.car_componenterepuesto VALUES (271, 'Relacin automtica (puntuacin: 0.61)', 111, 31);
INSERT INTO public.car_componenterepuesto VALUES (272, 'Relacin automtica (puntuacin: 0.67)', 111, 32);
INSERT INTO public.car_componenterepuesto VALUES (273, 'Relacin automtica (puntuacin: 0.26)', 14, 186);
INSERT INTO public.car_componenterepuesto VALUES (274, 'Relacin automtica (puntuacin: 0.38)', 14, 5);
INSERT INTO public.car_componenterepuesto VALUES (275, 'Relacin automtica (puntuacin: 0.33)', 14, 3);
INSERT INTO public.car_componenterepuesto VALUES (276, 'Relacin automtica (puntuacin: 0.22)', 104, 8);
INSERT INTO public.car_componenterepuesto VALUES (277, 'Relacin automtica (puntuacin: 0.43)', 93, 191);
INSERT INTO public.car_componenterepuesto VALUES (278, 'Relacin automtica (puntuacin: 0.61)', 69, 195);
INSERT INTO public.car_componenterepuesto VALUES (280, 'Relacin automtica (puntuacin: 0.61)', 111, 34);
INSERT INTO public.car_componenterepuesto VALUES (281, 'Relacin automtica (puntuacin: 0.61)', 111, 35);
INSERT INTO public.car_componenterepuesto VALUES (282, 'Relacin automtica (puntuacin: 0.61)', 111, 36);
INSERT INTO public.car_componenterepuesto VALUES (283, 'Relacin automtica (puntuacin: 0.61)', 111, 28);
INSERT INTO public.car_componenterepuesto VALUES (284, 'Relacin automtica (puntuacin: 0.61)', 111, 38);
INSERT INTO public.car_componenterepuesto VALUES (285, 'Relacin automtica (puntuacin: 0.61)', 111, 39);
INSERT INTO public.car_componenterepuesto VALUES (286, 'Relacin automtica (puntuacin: 0.61)', 111, 40);
INSERT INTO public.car_componenterepuesto VALUES (287, 'Relacin automtica (puntuacin: 0.61)', 111, 41);
INSERT INTO public.car_componenterepuesto VALUES (288, 'Relacin automtica (puntuacin: 0.61)', 111, 42);
INSERT INTO public.car_componenterepuesto VALUES (289, 'Relacin automtica (puntuacin: 0.61)', 111, 43);
INSERT INTO public.car_componenterepuesto VALUES (303, 'Relacin automtica (puntuacin: 0.55)', 66, 187);
INSERT INTO public.car_componenterepuesto VALUES (304, 'Relacin automtica (puntuacin: 1.00)', 113, 73);
INSERT INTO public.car_componenterepuesto VALUES (307, 'Relacin automtica (puntuacin: 1.00)', 113, 66);
INSERT INTO public.car_componenterepuesto VALUES (308, 'Relacin automtica (puntuacin: 1.00)', 113, 67);
INSERT INTO public.car_componenterepuesto VALUES (309, 'Relacin automtica (puntuacin: 1.00)', 113, 68);
INSERT INTO public.car_componenterepuesto VALUES (310, 'Relacin automtica (puntuacin: 1.00)', 113, 64);
INSERT INTO public.car_componenterepuesto VALUES (311, 'Relacin automtica (puntuacin: 1.00)', 113, 71);
INSERT INTO public.car_componenterepuesto VALUES (312, 'Relacin automtica (puntuacin: 1.00)', 113, 74);
INSERT INTO public.car_componenterepuesto VALUES (313, 'Relacin automtica (puntuacin: 0.40)', 6, 188);
INSERT INTO public.car_componenterepuesto VALUES (314, 'Relacin automtica (puntuacin: 1.00)', 113, 76);
INSERT INTO public.car_componenterepuesto VALUES (315, 'Relacin automtica (puntuacin: 1.00)', 113, 77);
INSERT INTO public.car_componenterepuesto VALUES (316, 'Relacin automtica (puntuacin: 0.37)', 24, 78);
INSERT INTO public.car_componenterepuesto VALUES (317, 'Relacin automtica (puntuacin: 0.37)', 24, 79);
INSERT INTO public.car_componenterepuesto VALUES (318, 'Relacin automtica (puntuacin: 0.37)', 24, 80);
INSERT INTO public.car_componenterepuesto VALUES (319, 'Relacin automtica (puntuacin: 0.28)', 104, 165);
INSERT INTO public.car_componenterepuesto VALUES (320, 'Relacin automtica (puntuacin: 0.37)', 24, 81);
INSERT INTO public.car_componenterepuesto VALUES (321, 'Relacin automtica (puntuacin: 0.37)', 24, 82);
INSERT INTO public.car_componenterepuesto VALUES (322, 'Relacin automtica (puntuacin: 0.37)', 24, 83);
INSERT INTO public.car_componenterepuesto VALUES (323, 'Relacin automtica (puntuacin: 0.37)', 24, 85);
INSERT INTO public.car_componenterepuesto VALUES (324, 'Relacin automtica (puntuacin: 0.37)', 24, 86);
INSERT INTO public.car_componenterepuesto VALUES (325, 'Relacin automtica (puntuacin: 0.37)', 24, 87);
INSERT INTO public.car_componenterepuesto VALUES (326, 'Relacin automtica (puntuacin: 0.37)', 24, 88);
INSERT INTO public.car_componenterepuesto VALUES (327, 'Relacin automtica (puntuacin: 0.37)', 24, 89);
INSERT INTO public.car_componenterepuesto VALUES (328, 'Relacin automtica (puntuacin: 1.00)', 113, 65);
INSERT INTO public.car_componenterepuesto VALUES (329, 'Relacin automtica (puntuacin: 1.00)', 113, 69);
INSERT INTO public.car_componenterepuesto VALUES (330, 'Relacin automtica (puntuacin: 0.62)', 3, 179);
INSERT INTO public.car_componenterepuesto VALUES (331, 'Relacin automtica (puntuacin: 0.37)', 24, 92);
INSERT INTO public.car_componenterepuesto VALUES (332, 'Relacin automtica (puntuacin: 0.37)', 24, 114);
INSERT INTO public.car_componenterepuesto VALUES (333, 'Relacin automtica (puntuacin: 0.37)', 24, 93);
INSERT INTO public.car_componenterepuesto VALUES (334, 'Relacin automtica (puntuacin: 0.37)', 24, 94);
INSERT INTO public.car_componenterepuesto VALUES (335, 'Relacin automtica (puntuacin: 0.37)', 24, 96);
INSERT INTO public.car_componenterepuesto VALUES (336, 'Relacin automtica (puntuacin: 0.37)', 24, 97);
INSERT INTO public.car_componenterepuesto VALUES (337, 'Relacin automtica (puntuacin: 0.37)', 24, 98);
INSERT INTO public.car_componenterepuesto VALUES (338, 'Relacin automtica (puntuacin: 0.37)', 24, 99);
INSERT INTO public.car_componenterepuesto VALUES (339, 'Relacin automtica (puntuacin: 0.37)', 24, 100);
INSERT INTO public.car_componenterepuesto VALUES (340, 'Relacin automtica (puntuacin: 0.37)', 24, 102);
INSERT INTO public.car_componenterepuesto VALUES (341, 'Relacin automtica (puntuacin: 0.37)', 24, 103);
INSERT INTO public.car_componenterepuesto VALUES (342, 'Relacin automtica (puntuacin: 0.37)', 24, 105);
INSERT INTO public.car_componenterepuesto VALUES (343, 'Relacin automtica (puntuacin: 0.37)', 24, 106);
INSERT INTO public.car_componenterepuesto VALUES (344, 'Relacin automtica (puntuacin: 0.37)', 24, 107);
INSERT INTO public.car_componenterepuesto VALUES (345, 'Relacin automtica (puntuacin: 0.37)', 24, 108);
INSERT INTO public.car_componenterepuesto VALUES (346, 'Relacin automtica (puntuacin: 0.37)', 24, 109);
INSERT INTO public.car_componenterepuesto VALUES (347, 'Relacin automtica (puntuacin: 0.37)', 24, 91);
INSERT INTO public.car_componenterepuesto VALUES (348, 'Relacin automtica (puntuacin: 0.60)', 3, 180);
INSERT INTO public.car_componenterepuesto VALUES (349, 'Relacin automtica (puntuacin: 0.37)', 24, 115);
INSERT INTO public.car_componenterepuesto VALUES (350, 'Relacin automtica (puntuacin: 0.19)', 66, 112);
INSERT INTO public.car_componenterepuesto VALUES (351, 'Relacin automtica (puntuacin: 0.37)', 24, 110);
INSERT INTO public.car_componenterepuesto VALUES (352, 'Relacin automtica (puntuacin: 0.37)', 24, 111);
INSERT INTO public.car_componenterepuesto VALUES (353, 'Relacin automtica (puntuacin: 0.37)', 24, 101);
INSERT INTO public.car_componenterepuesto VALUES (354, 'Relacin automtica (puntuacin: 0.37)', 24, 116);
INSERT INTO public.car_componenterepuesto VALUES (355, 'Relacin automtica (puntuacin: 0.37)', 24, 117);
INSERT INTO public.car_componenterepuesto VALUES (356, 'Relacin automtica (puntuacin: 0.37)', 24, 118);
INSERT INTO public.car_componenterepuesto VALUES (357, 'Relacin automtica (puntuacin: 0.37)', 24, 119);
INSERT INTO public.car_componenterepuesto VALUES (358, 'Relacin automtica (puntuacin: 0.37)', 24, 120);
INSERT INTO public.car_componenterepuesto VALUES (359, 'Relacin automtica (puntuacin: 0.37)', 24, 121);
INSERT INTO public.car_componenterepuesto VALUES (360, 'Relacin automtica (puntuacin: 0.37)', 24, 122);
INSERT INTO public.car_componenterepuesto VALUES (361, 'Relacin automtica (puntuacin: 0.15)', 64, 113);
INSERT INTO public.car_componenterepuesto VALUES (362, 'Relacin automtica (puntuacin: 0.54)', 3, 146);
INSERT INTO public.car_componenterepuesto VALUES (363, 'Relacin automtica (puntuacin: 0.57)', 3, 147);
INSERT INTO public.car_componenterepuesto VALUES (364, 'Relacin automtica (puntuacin: 0.50)', 28, 193);
INSERT INTO public.car_componenterepuesto VALUES (365, 'Relacin automtica (puntuacin: 0.19)', 66, 151);
INSERT INTO public.car_componenterepuesto VALUES (366, 'Relacin automtica (puntuacin: 0.28)', 104, 162);
INSERT INTO public.car_componenterepuesto VALUES (367, 'Relacin automtica (puntuacin: 0.28)', 104, 161);
INSERT INTO public.car_componenterepuesto VALUES (368, 'Relacin automtica (puntuacin: 0.23)', 95, 160);
INSERT INTO public.car_componenterepuesto VALUES (369, 'Relacin automtica (puntuacin: 0.58)', 3, 159);
INSERT INTO public.car_componenterepuesto VALUES (370, 'Relacin automtica (puntuacin: 0.21)', 92, 158);
INSERT INTO public.car_componenterepuesto VALUES (371, 'Relacin automtica (puntuacin: 0.54)', 3, 157);
INSERT INTO public.car_componenterepuesto VALUES (372, 'Relacin automtica (puntuacin: 0.57)', 3, 156);
INSERT INTO public.car_componenterepuesto VALUES (373, 'Relacin automtica (puntuacin: 0.54)', 4, 155);
INSERT INTO public.car_componenterepuesto VALUES (374, 'Relacin automtica (puntuacin: 0.57)', 3, 154);
INSERT INTO public.car_componenterepuesto VALUES (375, 'Relacin automtica (puntuacin: 0.57)', 3, 153);
INSERT INTO public.car_componenterepuesto VALUES (376, 'Relacin automtica (puntuacin: 0.19)', 66, 152);
INSERT INTO public.car_componenterepuesto VALUES (377, 'Relacin automtica (puntuacin: 0.25)', 48, 150);
INSERT INTO public.car_componenterepuesto VALUES (378, 'Relacin automtica (puntuacin: 0.19)', 66, 149);
INSERT INTO public.car_componenterepuesto VALUES (379, 'Relacin automtica (puntuacin: 0.19)', 66, 148);
INSERT INTO public.car_componenterepuesto VALUES (380, 'Relacin automtica (puntuacin: 0.56)', 3, 145);
INSERT INTO public.car_componenterepuesto VALUES (381, 'Relacin automtica (puntuacin: 0.56)', 3, 144);
INSERT INTO public.car_componenterepuesto VALUES (382, 'Relacin automtica (puntuacin: 0.57)', 3, 143);
INSERT INTO public.car_componenterepuesto VALUES (383, 'Relacin automtica (puntuacin: 0.26)', 70, 142);
INSERT INTO public.car_componenterepuesto VALUES (384, 'Relacin automtica (puntuacin: 0.56)', 25, 141);
INSERT INTO public.car_componenterepuesto VALUES (385, 'Relacin automtica (puntuacin: 0.62)', 25, 140);
INSERT INTO public.car_componenterepuesto VALUES (386, 'Relacin automtica (puntuacin: 0.32)', 71, 139);
INSERT INTO public.car_componenterepuesto VALUES (387, 'Relacin automtica (puntuacin: 0.56)', 25, 138);
INSERT INTO public.car_componenterepuesto VALUES (388, 'Relacin automtica (puntuacin: 0.56)', 25, 137);
INSERT INTO public.car_componenterepuesto VALUES (389, 'Relacin automtica (puntuacin: 0.56)', 25, 136);
INSERT INTO public.car_componenterepuesto VALUES (390, 'Relacin automtica (puntuacin: 0.56)', 25, 135);
INSERT INTO public.car_componenterepuesto VALUES (391, 'Relacin automtica (puntuacin: 0.25)', 99, 134);
INSERT INTO public.car_componenterepuesto VALUES (392, 'Relacin automtica (puntuacin: 0.22)', 83, 133);
INSERT INTO public.car_componenterepuesto VALUES (393, 'Relacin automtica (puntuacin: 0.23)', 99, 132);
INSERT INTO public.car_componenterepuesto VALUES (394, 'Relacin automtica (puntuacin: 0.18)', 98, 131);
INSERT INTO public.car_componenterepuesto VALUES (395, 'Relacin automtica (puntuacin: 0.56)', 25, 130);
INSERT INTO public.car_componenterepuesto VALUES (396, 'Relacin automtica (puntuacin: 0.21)', 38, 129);
INSERT INTO public.car_componenterepuesto VALUES (397, 'Relacin automtica (puntuacin: 0.22)', 70, 128);
INSERT INTO public.car_componenterepuesto VALUES (398, 'Relacin automtica (puntuacin: 0.21)', 116, 127);
INSERT INTO public.car_componenterepuesto VALUES (399, 'Relacin automtica (puntuacin: 0.25)', 116, 126);
INSERT INTO public.car_componenterepuesto VALUES (400, 'Relacin automtica (puntuacin: 0.33)', 103, 125);
INSERT INTO public.car_componenterepuesto VALUES (401, 'Relacin automtica (puntuacin: 0.34)', 103, 124);
INSERT INTO public.car_componenterepuesto VALUES (402, 'Relacin automtica (puntuacin: 0.37)', 24, 123);
INSERT INTO public.car_componenterepuesto VALUES (403, 'Relacin automtica (puntuacin: 0.44)', 14, 181);
INSERT INTO public.car_componenterepuesto VALUES (404, 'Relacin automtica (puntuacin: 0.36)', 111, 192);
INSERT INTO public.car_componenterepuesto VALUES (405, 'Relacin automtica (puntuacin: 0.24)', 66, 166);
INSERT INTO public.car_componenterepuesto VALUES (406, 'Relacin automtica (puntuacin: 0.24)', 86, 172);
INSERT INTO public.car_componenterepuesto VALUES (407, 'Relacin automtica (puntuacin: 0.24)', 86, 176);
INSERT INTO public.car_componenterepuesto VALUES (408, 'Relacin automtica (puntuacin: 0.37)', 24, 90);
INSERT INTO public.car_componenterepuesto VALUES (410, 'Relacin automtica (puntuacin: 0.46)', 2, 1);
INSERT INTO public.car_componenterepuesto VALUES (411, 'Relacin automtica (puntuacin: 0.37)', 24, 84);
INSERT INTO public.car_componenterepuesto VALUES (412, 'Relacin automtica (puntuacin: 0.24)', 86, 175);
INSERT INTO public.car_componenterepuesto VALUES (413, 'Relacin automtica (puntuacin: 0.24)', 86, 173);
INSERT INTO public.car_componenterepuesto VALUES (414, 'Relacin automtica (puntuacin: 0.24)', 86, 174);
INSERT INTO public.car_componenterepuesto VALUES (415, 'Relacin automtica (puntuacin: 0.24)', 86, 171);
INSERT INTO public.car_componenterepuesto VALUES (416, 'Relacin automtica (puntuacin: 0.22)', 87, 170);
INSERT INTO public.car_componenterepuesto VALUES (417, 'Relacin automtica (puntuacin: 0.28)', 104, 169);
INSERT INTO public.car_componenterepuesto VALUES (418, 'Relacin automtica (puntuacin: 0.28)', 104, 168);
INSERT INTO public.car_componenterepuesto VALUES (419, 'Relacin automtica (puntuacin: 0.28)', 104, 167);
INSERT INTO public.car_componenterepuesto VALUES (420, 'Relacin automtica (puntuacin: 0.28)', 104, 164);
INSERT INTO public.car_componenterepuesto VALUES (421, 'Relacin automtica (puntuacin: 1.00)', 113, 72);
INSERT INTO public.car_componenterepuesto VALUES (422, 'Relacin automtica (puntuacin: 1.00)', 113, 75);
INSERT INTO public.car_componenterepuesto VALUES (427, 'Relacin automtica (puntuacin: 0.61)', 111, 37);
INSERT INTO public.car_componenterepuesto VALUES (428, 'Relacin automtica (puntuacin: 0.61)', 111, 33);
INSERT INTO public.car_componenterepuesto VALUES (429, 'Relacin automtica (puntuacin: 0.61)', 111, 22);
INSERT INTO public.car_componenterepuesto VALUES (430, 'Relacin automtica (puntuacin: 0.73)', 116, 18);
INSERT INTO public.car_componenterepuesto VALUES (431, 'Relacin automtica (puntuacin: 0.43)', 20, 2);
INSERT INTO public.car_componenterepuesto VALUES (432, 'Relacin automtica (puntuacin: 0.21)', 71, 182);
INSERT INTO public.car_componenterepuesto VALUES (433, 'Relacin automtica (puntuacin: 0.37)', 24, 95);
INSERT INTO public.car_componenterepuesto VALUES (434, 'Relacin automtica (puntuacin: 0.37)', 24, 104);
INSERT INTO public.car_componenterepuesto VALUES (435, 'Relacin automtica (puntuacin: 0.61)', 111, 25);
INSERT INTO public.car_componenterepuesto VALUES (436, 'Relacin automtica (puntuacin: 1.00)', 113, 70);
INSERT INTO public.car_componenterepuesto VALUES (437, 'Relacin automtica (puntuacin: 0.24)', 86, 177);
INSERT INTO public.car_componenterepuesto VALUES (438, 'Relacin automtica (puntuacin: 0.28)', 104, 163);
INSERT INTO public.car_componenterepuesto VALUES (439, 'Relacin automtica (puntuacin: 0.25)', 64, 185);
INSERT INTO public.car_componenterepuesto VALUES (440, 'Relacin automtica (puntuacin: 0.23)', 104, 10);
INSERT INTO public.car_componenterepuesto VALUES (441, 'Relacin automtica (puntuacin: 0.35)', 24, 190);
INSERT INTO public.car_componenterepuesto VALUES (442, 'Relacin automtica (puntuacin: 0.56)', 25, 189);
INSERT INTO public.car_componenterepuesto VALUES (443, 'Relacin automtica (puntuacin: 0.75)', 27, 194);
INSERT INTO public.car_componenterepuesto VALUES (444, 'Relacin automtica (puntuacin: 1.19)', 22, 196);
INSERT INTO public.car_componenterepuesto VALUES (445, 'Relacin automtica (puntuacin: 0.28)', 22, 197);
INSERT INTO public.car_componenterepuesto VALUES (446, 'Relacin automtica (puntuacin: 0.29)', 52, 198);
INSERT INTO public.car_componenterepuesto VALUES (447, 'Relacin automtica (puntuacin: 0.28)', 22, 199);
INSERT INTO public.car_componenterepuesto VALUES (449, 'Relacin automtica (puntuacin: 0.37)', 17, 14);
INSERT INTO public.car_componenterepuesto VALUES (452, 'Relacin automtica (puntuacin: 0.19)', 83, 7);
INSERT INTO public.car_componenterepuesto VALUES (453, 'Relacin automtica (puntuacin: 0.37)', 17, 4);
INSERT INTO public.car_componenterepuesto VALUES (454, 'Relacin automtica (puntuacin: 0.37)', 17, 6);
INSERT INTO public.car_componenterepuesto VALUES (455, 'Relacin automtica (puntuacin: 0.20)', 24, 19);
INSERT INTO public.car_componenterepuesto VALUES (456, 'Relacin automtica (puntuacin: 0.22)', 102, 9);
INSERT INTO public.car_componenterepuesto VALUES (457, 'Relacin automtica (puntuacin: 0.37)', 17, 11);
INSERT INTO public.car_componenterepuesto VALUES (458, 'Relacin automtica (puntuacin: 0.37)', 17, 13);
INSERT INTO public.car_componenterepuesto VALUES (459, 'Relacin automtica (puntuacin: 0.37)', 17, 12);
INSERT INTO public.car_componenterepuesto VALUES (460, 'Relacin automtica (puntuacin: 0.37)', 17, 15);
INSERT INTO public.car_componenterepuesto VALUES (461, 'Relacin automtica (puntuacin: 0.33)', 17, 16);
INSERT INTO public.car_componenterepuesto VALUES (462, 'Relacin automtica (puntuacin: 0.43)', 17, 183);
INSERT INTO public.car_componenterepuesto VALUES (463, 'Relacin automtica (puntuacin: 0.47)', 17, 17);
INSERT INTO public.car_componenterepuesto VALUES (464, 'Relacin automtica (puntuacin: 0.31)', 32, 20);
INSERT INTO public.car_componenterepuesto VALUES (465, 'Relacin automtica (puntuacin: 0.26)', 104, 21);
INSERT INTO public.car_componenterepuesto VALUES (471, 'Relacin automtica (puntuacin: 0.26)', 17, 186);
INSERT INTO public.car_componenterepuesto VALUES (472, 'Relacin automtica (puntuacin: 0.37)', 17, 5);
INSERT INTO public.car_componenterepuesto VALUES (473, 'Relacin automtica (puntuacin: 0.33)', 17, 3);
INSERT INTO public.car_componenterepuesto VALUES (474, 'Relacin automtica (puntuacin: 0.21)', 92, 8);
INSERT INTO public.car_componenterepuesto VALUES (475, 'Relacin automtica (puntuacin: 0.41)', 100, 191);
INSERT INTO public.car_componenterepuesto VALUES (476, 'Relacin automtica (puntuacin: 0.40)', 2, 195);
INSERT INTO public.car_componenterepuesto VALUES (477, 'Relacin automtica (puntuacin: 0.21)', 78, 56);
INSERT INTO public.car_componenterepuesto VALUES (488, 'Relacin automtica (puntuacin: 0.21)', 78, 45);
INSERT INTO public.car_componenterepuesto VALUES (489, 'Relacin automtica (puntuacin: 0.21)', 78, 44);
INSERT INTO public.car_componenterepuesto VALUES (490, 'Relacin automtica (puntuacin: 0.21)', 78, 48);
INSERT INTO public.car_componenterepuesto VALUES (491, 'Relacin automtica (puntuacin: 0.21)', 78, 49);
INSERT INTO public.car_componenterepuesto VALUES (492, 'Relacin automtica (puntuacin: 0.21)', 78, 50);
INSERT INTO public.car_componenterepuesto VALUES (493, 'Relacin automtica (puntuacin: 0.21)', 78, 51);
INSERT INTO public.car_componenterepuesto VALUES (494, 'Relacin automtica (puntuacin: 0.21)', 78, 54);
INSERT INTO public.car_componenterepuesto VALUES (495, 'Relacin automtica (puntuacin: 0.21)', 78, 55);
INSERT INTO public.car_componenterepuesto VALUES (496, 'Relacin automtica (puntuacin: 0.21)', 78, 57);
INSERT INTO public.car_componenterepuesto VALUES (497, 'Relacin automtica (puntuacin: 0.21)', 78, 59);
INSERT INTO public.car_componenterepuesto VALUES (498, 'Relacin automtica (puntuacin: 0.21)', 78, 46);
INSERT INTO public.car_componenterepuesto VALUES (499, 'Relacin automtica (puntuacin: 0.21)', 78, 53);
INSERT INTO public.car_componenterepuesto VALUES (500, 'Relacin automtica (puntuacin: 0.22)', 111, 184);
INSERT INTO public.car_componenterepuesto VALUES (501, 'Relacin automtica (puntuacin: 0.53)', 68, 187);
INSERT INTO public.car_componenterepuesto VALUES (503, 'Relacin automtica (puntuacin: 0.21)', 78, 61);
INSERT INTO public.car_componenterepuesto VALUES (504, 'Relacin automtica (puntuacin: 0.21)', 78, 63);
INSERT INTO public.car_componenterepuesto VALUES (511, 'Relacin automtica (puntuacin: 0.39)', 68, 188);
INSERT INTO public.car_componenterepuesto VALUES (514, 'Relacin automtica (puntuacin: 0.36)', 69, 78);
INSERT INTO public.car_componenterepuesto VALUES (515, 'Relacin automtica (puntuacin: 0.36)', 69, 79);
INSERT INTO public.car_componenterepuesto VALUES (516, 'Relacin automtica (puntuacin: 0.36)', 69, 80);
INSERT INTO public.car_componenterepuesto VALUES (517, 'Relacin automtica (puntuacin: 0.25)', 66, 165);
INSERT INTO public.car_componenterepuesto VALUES (518, 'Relacin automtica (puntuacin: 0.36)', 69, 81);
INSERT INTO public.car_componenterepuesto VALUES (519, 'Relacin automtica (puntuacin: 0.36)', 69, 82);
INSERT INTO public.car_componenterepuesto VALUES (520, 'Relacin automtica (puntuacin: 0.36)', 69, 83);
INSERT INTO public.car_componenterepuesto VALUES (521, 'Relacin automtica (puntuacin: 0.36)', 69, 85);
INSERT INTO public.car_componenterepuesto VALUES (522, 'Relacin automtica (puntuacin: 0.36)', 69, 86);
INSERT INTO public.car_componenterepuesto VALUES (523, 'Relacin automtica (puntuacin: 0.36)', 69, 87);
INSERT INTO public.car_componenterepuesto VALUES (524, 'Relacin automtica (puntuacin: 0.36)', 69, 88);
INSERT INTO public.car_componenterepuesto VALUES (525, 'Relacin automtica (puntuacin: 0.36)', 69, 89);
INSERT INTO public.car_componenterepuesto VALUES (528, 'Relacin automtica (puntuacin: 0.16)', 83, 179);
INSERT INTO public.car_componenterepuesto VALUES (529, 'Relacin automtica (puntuacin: 0.36)', 69, 92);
INSERT INTO public.car_componenterepuesto VALUES (530, 'Relacin automtica (puntuacin: 0.36)', 69, 114);
INSERT INTO public.car_componenterepuesto VALUES (531, 'Relacin automtica (puntuacin: 0.36)', 69, 93);
INSERT INTO public.car_componenterepuesto VALUES (532, 'Relacin automtica (puntuacin: 0.36)', 69, 94);
INSERT INTO public.car_componenterepuesto VALUES (533, 'Relacin automtica (puntuacin: 0.36)', 69, 96);
INSERT INTO public.car_componenterepuesto VALUES (534, 'Relacin automtica (puntuacin: 0.36)', 69, 97);
INSERT INTO public.car_componenterepuesto VALUES (535, 'Relacin automtica (puntuacin: 0.36)', 69, 98);
INSERT INTO public.car_componenterepuesto VALUES (536, 'Relacin automtica (puntuacin: 0.36)', 69, 99);
INSERT INTO public.car_componenterepuesto VALUES (537, 'Relacin automtica (puntuacin: 0.36)', 69, 100);
INSERT INTO public.car_componenterepuesto VALUES (538, 'Relacin automtica (puntuacin: 0.36)', 69, 102);
INSERT INTO public.car_componenterepuesto VALUES (539, 'Relacin automtica (puntuacin: 0.36)', 69, 103);
INSERT INTO public.car_componenterepuesto VALUES (540, 'Relacin automtica (puntuacin: 0.36)', 69, 105);
INSERT INTO public.car_componenterepuesto VALUES (541, 'Relacin automtica (puntuacin: 0.36)', 69, 106);
INSERT INTO public.car_componenterepuesto VALUES (542, 'Relacin automtica (puntuacin: 0.36)', 69, 107);
INSERT INTO public.car_componenterepuesto VALUES (543, 'Relacin automtica (puntuacin: 0.36)', 69, 108);
INSERT INTO public.car_componenterepuesto VALUES (544, 'Relacin automtica (puntuacin: 0.36)', 69, 109);
INSERT INTO public.car_componenterepuesto VALUES (545, 'Relacin automtica (puntuacin: 0.36)', 69, 91);
INSERT INTO public.car_componenterepuesto VALUES (546, 'Relacin automtica (puntuacin: 0.40)', 46, 180);
INSERT INTO public.car_componenterepuesto VALUES (547, 'Relacin automtica (puntuacin: 0.36)', 69, 115);
INSERT INTO public.car_componenterepuesto VALUES (548, 'Relacin automtica (puntuacin: 0.18)', 92, 112);
INSERT INTO public.car_componenterepuesto VALUES (549, 'Relacin automtica (puntuacin: 0.36)', 69, 110);
INSERT INTO public.car_componenterepuesto VALUES (550, 'Relacin automtica (puntuacin: 0.36)', 69, 111);
INSERT INTO public.car_componenterepuesto VALUES (551, 'Relacin automtica (puntuacin: 0.36)', 69, 101);
INSERT INTO public.car_componenterepuesto VALUES (552, 'Relacin automtica (puntuacin: 0.36)', 69, 116);
INSERT INTO public.car_componenterepuesto VALUES (553, 'Relacin automtica (puntuacin: 0.36)', 69, 117);
INSERT INTO public.car_componenterepuesto VALUES (554, 'Relacin automtica (puntuacin: 0.36)', 69, 118);
INSERT INTO public.car_componenterepuesto VALUES (555, 'Relacin automtica (puntuacin: 0.36)', 69, 119);
INSERT INTO public.car_componenterepuesto VALUES (556, 'Relacin automtica (puntuacin: 0.36)', 69, 120);
INSERT INTO public.car_componenterepuesto VALUES (557, 'Relacin automtica (puntuacin: 0.36)', 69, 121);
INSERT INTO public.car_componenterepuesto VALUES (558, 'Relacin automtica (puntuacin: 0.36)', 69, 122);
INSERT INTO public.car_componenterepuesto VALUES (559, 'Relacin automtica (puntuacin: 0.15)', 93, 113);
INSERT INTO public.car_componenterepuesto VALUES (560, 'Relacin automtica (puntuacin: 0.44)', 55, 146);
INSERT INTO public.car_componenterepuesto VALUES (561, 'Relacin automtica (puntuacin: 0.40)', 50, 147);
INSERT INTO public.car_componenterepuesto VALUES (562, 'Relacin automtica (puntuacin: 0.33)', 38, 193);
INSERT INTO public.car_componenterepuesto VALUES (563, 'Relacin automtica (puntuacin: 0.18)', 92, 151);
INSERT INTO public.car_componenterepuesto VALUES (564, 'Relacin automtica (puntuacin: 0.25)', 66, 162);
INSERT INTO public.car_componenterepuesto VALUES (565, 'Relacin automtica (puntuacin: 0.25)', 66, 161);
INSERT INTO public.car_componenterepuesto VALUES (566, 'Relacin automtica (puntuacin: 0.23)', 86, 160);
INSERT INTO public.car_componenterepuesto VALUES (567, 'Relacin automtica (puntuacin: 0.21)', 92, 159);
INSERT INTO public.car_componenterepuesto VALUES (568, 'Relacin automtica (puntuacin: 0.20)', 83, 158);
INSERT INTO public.car_componenterepuesto VALUES (569, 'Relacin automtica (puntuacin: 0.43)', 53, 157);
INSERT INTO public.car_componenterepuesto VALUES (570, 'Relacin automtica (puntuacin: 0.40)', 51, 156);
INSERT INTO public.car_componenterepuesto VALUES (571, 'Relacin automtica (puntuacin: 0.25)', 57, 155);
INSERT INTO public.car_componenterepuesto VALUES (572, 'Relacin automtica (puntuacin: 0.40)', 61, 154);
INSERT INTO public.car_componenterepuesto VALUES (573, 'Relacin automtica (puntuacin: 0.21)', 66, 153);
INSERT INTO public.car_componenterepuesto VALUES (574, 'Relacin automtica (puntuacin: 0.18)', 92, 152);
INSERT INTO public.car_componenterepuesto VALUES (575, 'Relacin automtica (puntuacin: 0.24)', 92, 150);
INSERT INTO public.car_componenterepuesto VALUES (576, 'Relacin automtica (puntuacin: 0.18)', 92, 149);
INSERT INTO public.car_componenterepuesto VALUES (577, 'Relacin automtica (puntuacin: 0.18)', 92, 148);
INSERT INTO public.car_componenterepuesto VALUES (578, 'Relacin automtica (puntuacin: 0.20)', 83, 145);
INSERT INTO public.car_componenterepuesto VALUES (579, 'Relacin automtica (puntuacin: 0.43)', 60, 144);
INSERT INTO public.car_componenterepuesto VALUES (580, 'Relacin automtica (puntuacin: 0.40)', 59, 143);
INSERT INTO public.car_componenterepuesto VALUES (581, 'Relacin automtica (puntuacin: 0.24)', 21, 142);
INSERT INTO public.car_componenterepuesto VALUES (582, 'Relacin automtica (puntuacin: 0.53)', 29, 141);
INSERT INTO public.car_componenterepuesto VALUES (583, 'Relacin automtica (puntuacin: 0.53)', 29, 140);
INSERT INTO public.car_componenterepuesto VALUES (584, 'Relacin automtica (puntuacin: 0.29)', 26, 139);
INSERT INTO public.car_componenterepuesto VALUES (585, 'Relacin automtica (puntuacin: 0.53)', 29, 138);
INSERT INTO public.car_componenterepuesto VALUES (586, 'Relacin automtica (puntuacin: 0.53)', 29, 137);
INSERT INTO public.car_componenterepuesto VALUES (587, 'Relacin automtica (puntuacin: 0.53)', 29, 136);
INSERT INTO public.car_componenterepuesto VALUES (588, 'Relacin automtica (puntuacin: 0.53)', 29, 135);
INSERT INTO public.car_componenterepuesto VALUES (589, 'Relacin automtica (puntuacin: 0.23)', 102, 134);
INSERT INTO public.car_componenterepuesto VALUES (590, 'Relacin automtica (puntuacin: 0.21)', 104, 133);
INSERT INTO public.car_componenterepuesto VALUES (591, 'Relacin automtica (puntuacin: 0.22)', 76, 132);
INSERT INTO public.car_componenterepuesto VALUES (592, 'Relacin automtica (puntuacin: 0.14)', 89, 131);
INSERT INTO public.car_componenterepuesto VALUES (593, 'Relacin automtica (puntuacin: 0.53)', 29, 130);
INSERT INTO public.car_componenterepuesto VALUES (594, 'Relacin automtica (puntuacin: 0.20)', 76, 129);
INSERT INTO public.car_componenterepuesto VALUES (595, 'Relacin automtica (puntuacin: 0.21)', 99, 128);
INSERT INTO public.car_componenterepuesto VALUES (596, 'Relacin automtica (puntuacin: 0.20)', 88, 127);
INSERT INTO public.car_componenterepuesto VALUES (597, 'Relacin automtica (puntuacin: 0.22)', 99, 126);
INSERT INTO public.car_componenterepuesto VALUES (598, 'Relacin automtica (puntuacin: 0.25)', 85, 125);
INSERT INTO public.car_componenterepuesto VALUES (599, 'Relacin automtica (puntuacin: 0.25)', 85, 124);
INSERT INTO public.car_componenterepuesto VALUES (600, 'Relacin automtica (puntuacin: 0.36)', 69, 123);
INSERT INTO public.car_componenterepuesto VALUES (601, 'Relacin automtica (puntuacin: 0.43)', 17, 181);
INSERT INTO public.car_componenterepuesto VALUES (603, 'Relacin automtica (puntuacin: 0.24)', 86, 166);
INSERT INTO public.car_componenterepuesto VALUES (604, 'Relacin automtica (puntuacin: 0.23)', 104, 172);
INSERT INTO public.car_componenterepuesto VALUES (605, 'Relacin automtica (puntuacin: 0.23)', 104, 176);
INSERT INTO public.car_componenterepuesto VALUES (606, 'Relacin automtica (puntuacin: 0.36)', 69, 90);
INSERT INTO public.car_componenterepuesto VALUES (607, 'Relacin automtica (puntuacin: 0.21)', 78, 52);
INSERT INTO public.car_componenterepuesto VALUES (608, 'Relacin automtica (puntuacin: 0.45)', 21, 1);
INSERT INTO public.car_componenterepuesto VALUES (609, 'Relacin automtica (puntuacin: 0.36)', 69, 84);
INSERT INTO public.car_componenterepuesto VALUES (610, 'Relacin automtica (puntuacin: 0.23)', 104, 175);
INSERT INTO public.car_componenterepuesto VALUES (611, 'Relacin automtica (puntuacin: 0.23)', 104, 173);
INSERT INTO public.car_componenterepuesto VALUES (612, 'Relacin automtica (puntuacin: 0.23)', 104, 174);
INSERT INTO public.car_componenterepuesto VALUES (613, 'Relacin automtica (puntuacin: 0.23)', 104, 171);
INSERT INTO public.car_componenterepuesto VALUES (614, 'Relacin automtica (puntuacin: 0.22)', 66, 170);
INSERT INTO public.car_componenterepuesto VALUES (615, 'Relacin automtica (puntuacin: 0.25)', 66, 169);
INSERT INTO public.car_componenterepuesto VALUES (616, 'Relacin automtica (puntuacin: 0.25)', 66, 168);
INSERT INTO public.car_componenterepuesto VALUES (617, 'Relacin automtica (puntuacin: 0.25)', 66, 167);
INSERT INTO public.car_componenterepuesto VALUES (618, 'Relacin automtica (puntuacin: 0.25)', 66, 164);
INSERT INTO public.car_componenterepuesto VALUES (621, 'Relacin automtica (puntuacin: 0.21)', 78, 62);
INSERT INTO public.car_componenterepuesto VALUES (622, 'Relacin automtica (puntuacin: 0.21)', 78, 60);
INSERT INTO public.car_componenterepuesto VALUES (623, 'Relacin automtica (puntuacin: 0.21)', 78, 58);
INSERT INTO public.car_componenterepuesto VALUES (624, 'Relacin automtica (puntuacin: 0.21)', 78, 47);
INSERT INTO public.car_componenterepuesto VALUES (628, 'Relacin automtica (puntuacin: 0.32)', 73, 18);
INSERT INTO public.car_componenterepuesto VALUES (629, 'Relacin automtica (puntuacin: 0.41)', 69, 2);
INSERT INTO public.car_componenterepuesto VALUES (630, 'Relacin automtica (puntuacin: 0.21)', 21, 182);
INSERT INTO public.car_componenterepuesto VALUES (631, 'Relacin automtica (puntuacin: 0.36)', 69, 95);
INSERT INTO public.car_componenterepuesto VALUES (632, 'Relacin automtica (puntuacin: 0.36)', 69, 104);
INSERT INTO public.car_componenterepuesto VALUES (635, 'Relacin automtica (puntuacin: 0.23)', 104, 177);
INSERT INTO public.car_componenterepuesto VALUES (636, 'Relacin automtica (puntuacin: 0.25)', 66, 163);
INSERT INTO public.car_componenterepuesto VALUES (637, 'Relacin automtica (puntuacin: 0.22)', 28, 185);
INSERT INTO public.car_componenterepuesto VALUES (638, 'Relacin automtica (puntuacin: 0.22)', 83, 10);
INSERT INTO public.car_componenterepuesto VALUES (639, 'Relacin automtica (puntuacin: 0.31)', 71, 190);
INSERT INTO public.car_componenterepuesto VALUES (640, 'Relacin automtica (puntuacin: 0.53)', 29, 189);
INSERT INTO public.car_componenterepuesto VALUES (642, 'Relacin automtica (puntuacin: 0.94)', 64, 196);
INSERT INTO public.car_componenterepuesto VALUES (644, 'Relacin automtica (puntuacin: 0.39)', 27, 199);


--
-- Data for Name: car_compra; Type: TABLE DATA; Schema: public; Owner: maxgonpe
--

INSERT INTO public.car_compra VALUES (5, 'COMP-0001', 'netgogo', '2025-10-23', '2025-10-23', 'recibida', 110550.00, 'prueba de compras con el producto demostracion1', '2025-10-23 00:45:43.945388+00', '2025-10-23 01:05:30.347823+00', 1);
INSERT INTO public.car_compra VALUES (6, 'COMP-0002', 'netgogo', '2025-10-23', '2025-10-23', 'recibida', 21080.00, 'prueba para carrocerias', '2025-10-23 01:51:11.927148+00', '2025-10-23 01:51:59.611273+00', 1);
INSERT INTO public.car_compra VALUES (7, 'COMP-0003', 'netgogo', '2025-10-23', '2025-10-23', 'recibida', 10740.00, 'pedido a santiago', '2025-10-23 23:00:59.583093+00', '2025-10-23 23:02:26.200927+00', 1);
INSERT INTO public.car_compra VALUES (8, 'COMP-0004', 'netgogo', '2025-10-24', '2025-10-24', 'recibida', 55000.00, 'compra de prueba de stock', '2025-10-24 00:29:33.941641+00', '2025-10-24 00:30:31.184332+00', 1);


--
-- Data for Name: car_compraitem; Type: TABLE DATA; Schema: public; Owner: maxgonpe
--

INSERT INTO public.car_compraitem VALUES (2, 11, 10050.00, 110550.00, true, '2025-10-23 01:05:30.334329+00', 5, 185);
INSERT INTO public.car_compraitem VALUES (3, 2, 10540.00, 21080.00, true, '2025-10-23 01:51:59.593844+00', 6, 185);
INSERT INTO public.car_compraitem VALUES (4, 1, 10740.00, 10740.00, true, '2025-10-23 23:02:26.176285+00', 7, 185);
INSERT INTO public.car_compraitem VALUES (5, 5, 11000.00, 55000.00, true, '2025-10-24 00:30:31.174258+00', 8, 185);


--
-- Data for Name: car_configuracionbonomecanico; Type: TABLE DATA; Schema: public; Owner: maxgonpe
--

INSERT INTO public.car_configuracionbonomecanico VALUES (1, true, 'porcentaje', 40.00, NULL, '2025-12-02 12:50:39.857188+00', '2025-12-02 12:50:39.857213+00', 'Porcentaje aplicado por valor mano de obra', 2);


--
-- Data for Name: car_configuracionpos; Type: TABLE DATA; Schema: public; Owner: maxgonpe
--

INSERT INTO public.car_configuracionpos VALUES (1, 'SolutionCar', 'Condell 10 - La Ligua', '56 9 88922953', '7777777', true, true, false, 30.00);


--
-- Data for Name: car_cotizacion; Type: TABLE DATA; Schema: public; Owner: maxgonpe
--

INSERT INTO public.car_cotizacion VALUES (7, '2025-10-29 22:56:04.152465+00', 37000.00, 0.00, 37000.00, 'trtettre', '2025-11-14', 'activa', NULL, 20, 1);
INSERT INTO public.car_cotizacion VALUES (8, '2025-10-29 22:58:12.173287+00', 35000.00, 0.00, 35000.00, 'ddd', '2025-11-13', 'activa', NULL, 20, 1);
INSERT INTO public.car_cotizacion VALUES (11, '2025-10-30 15:47:46.363888+00', 62000.00, 0.00, 62000.00, '', '2025-11-06', 'activa', NULL, 21, 3);
INSERT INTO public.car_cotizacion VALUES (12, '2025-11-03 19:21:11.433278+00', 90000.00, 0.00, 90000.00, '', '2025-11-10', 'activa', NULL, 20, 1);
INSERT INTO public.car_cotizacion VALUES (5, '2025-10-29 22:08:08.179573+00', 44300.00, 0.00, 44300.00, 'prueba de impresion', '2025-11-05', 'activa', NULL, 20, 1);
INSERT INTO public.car_cotizacion VALUES (6, '2025-10-29 22:24:41.269834+00', 22800.00, 0.00, 22800.00, 'dos dias mas', '2025-10-31', 'activa', NULL, 20, 1);
INSERT INTO public.car_cotizacion VALUES (9, '2025-10-29 23:03:04.422287+00', 39500.00, 0.00, 39500.00, 'gggg', '2025-11-13', 'activa', '96680465', 20, 1);
INSERT INTO public.car_cotizacion VALUES (10, '2025-10-29 23:07:00.819679+00', 67500.00, 0.00, 67500.00, 'acvfd', '2025-11-05', 'activa', '191288602', 20, 1);


--
-- Data for Name: car_cotizacionitem; Type: TABLE DATA; Schema: public; Owner: maxgonpe
--

INSERT INTO public.car_cotizacionitem VALUES (11, 1, 13000.00, 13000.00, 5, 197);
INSERT INTO public.car_cotizacionitem VALUES (12, 1, 9800.00, 9800.00, 5, 198);
INSERT INTO public.car_cotizacionitem VALUES (13, 1, 21500.00, 21500.00, 5, 199);
INSERT INTO public.car_cotizacionitem VALUES (14, 1, 13000.00, 13000.00, 6, 197);
INSERT INTO public.car_cotizacionitem VALUES (15, 1, 9800.00, 9800.00, 6, 198);
INSERT INTO public.car_cotizacionitem VALUES (16, 1, 15000.00, 15000.00, 7, 66);
INSERT INTO public.car_cotizacionitem VALUES (17, 1, 22000.00, 22000.00, 7, 133);
INSERT INTO public.car_cotizacionitem VALUES (18, 1, 5000.00, 5000.00, 8, 18);
INSERT INTO public.car_cotizacionitem VALUES (19, 1, 30000.00, 30000.00, 8, 49);
INSERT INTO public.car_cotizacionitem VALUES (20, 1, 5000.00, 5000.00, 9, 18);
INSERT INTO public.car_cotizacionitem VALUES (21, 1, 34500.00, 34500.00, 9, 80);
INSERT INTO public.car_cotizacionitem VALUES (22, 1, 40000.00, 40000.00, 10, 53);
INSERT INTO public.car_cotizacionitem VALUES (23, 1, 27500.00, 27500.00, 10, 45);
INSERT INTO public.car_cotizacionitem VALUES (24, 1, 57000.00, 57000.00, 11, 6);
INSERT INTO public.car_cotizacionitem VALUES (25, 1, 5000.00, 5000.00, 11, 7);
INSERT INTO public.car_cotizacionitem VALUES (26, 1, 90000.00, 90000.00, 12, 90);


--
-- Data for Name: car_diagnostico; Type: TABLE DATA; Schema: public; Owner: maxgonpe
--

INSERT INTO public.car_diagnostico VALUES (19, 'Prdida de fuerza y jaloneos', '2025-10-28 17:58:58.619351+00', NULL, 21, NULL, NULL, 'aprobado', false);
INSERT INTO public.car_diagnostico VALUES (25, 'Soporte motor lado caja (falta)
Cambiar eje palier lado chofer
Cambiar radiador', '2025-10-29 19:50:52.57614+00', NULL, 25, NULL, NULL, 'aprobado', false);
INSERT INTO public.car_diagnostico VALUES (26, 'Vehculo no arranca

Bomba de agua
Kit de distribucin 
Kit de empaquetaduras
Correa de accesorios
Filtros (todos)
Termostato', '2025-10-29 19:53:28.760944+00', NULL, 26, NULL, NULL, 'aprobado', false);
INSERT INTO public.car_diagnostico VALUES (30, 'Fuga refrigerante', '2025-10-30 18:15:17.292741+00', NULL, 15, NULL, NULL, 'aprobado', false);
INSERT INTO public.car_diagnostico VALUES (11, 'Fuga refrigerante', '2025-10-27 16:39:15.889462+00', NULL, 15, NULL, NULL, 'aprobado', false);
INSERT INTO public.car_diagnostico VALUES (60, 'Ruido en tren delantero', '2025-11-17 16:20:59.132962+00', NULL, 29, NULL, NULL, 'aprobado', true);
INSERT INTO public.car_diagnostico VALUES (31, 'Lavado automotriz completo', '2025-11-04 21:10:10.76533+00', NULL, 33, NULL, NULL, 'aprobado', false);
INSERT INTO public.car_diagnostico VALUES (35, 'Ruido al arrancar en frio', '2025-11-06 12:28:35.282337+00', NULL, 37, NULL, NULL, 'aprobado', false);
INSERT INTO public.car_diagnostico VALUES (45, 'kjsahkasjbc,hjjzscj', '2025-11-10 13:50:58.293512+00', NULL, 50, NULL, NULL, 'pendiente', true);
INSERT INTO public.car_diagnostico VALUES (32, 'Fuga refrigerante por manguera de calefaccin', '2025-11-04 21:29:16.078741+00', NULL, 34, NULL, NULL, 'aprobado', true);
INSERT INTO public.car_diagnostico VALUES (36, 'Ruido en rodamiento de embrague', '2025-11-06 20:44:57.112922+00', NULL, 38, NULL, NULL, 'aprobado', true);
INSERT INTO public.car_diagnostico VALUES (46, 'Ruido en tren delantero', '2025-11-10 19:54:28.492043+00', NULL, 51, NULL, NULL, 'aprobado', true);
INSERT INTO public.car_diagnostico VALUES (47, 'Ruido en tren delantero 
Amortiguadores y cazoletas malas', '2025-11-10 20:23:04.489279+00', NULL, 52, NULL, NULL, 'aprobado', true);
INSERT INTO public.car_diagnostico VALUES (48, 'Embrague resbala', '2025-11-11 12:09:46.466214+00', NULL, 53, NULL, NULL, 'aprobado', true);
INSERT INTO public.car_diagnostico VALUES (49, 'Luz quemada', '2025-11-12 11:07:56.354481+00', NULL, 50, NULL, NULL, 'pendiente', true);
INSERT INTO public.car_diagnostico VALUES (50, 'hgktguftyhjg', '2025-11-12 11:15:26.704484+00', NULL, 50, NULL, NULL, 'pendiente', true);
INSERT INTO public.car_diagnostico VALUES (59, 'Prdida de potencia

Turbo atascado', '2025-11-17 12:52:07.29487+00', NULL, 61, NULL, NULL, 'aprobado', true);
INSERT INTO public.car_diagnostico VALUES (51, 'Ruido tren delantero
Juego en cremallera de direccin 
Bieletas 
Bandejas bujes leve juego', '2025-11-12 12:45:30.832346+00', NULL, 54, NULL, NULL, 'aprobado', true);
INSERT INTO public.car_diagnostico VALUES (52, 'Cremallera direccin
Terminales de direccin
Bieletas delanteras', '2025-11-12 14:19:19.493996+00', NULL, 54, NULL, NULL, 'aprobado', true);
INSERT INTO public.car_diagnostico VALUES (53, 'Cambio amortiguadores

Bujes de barra estabilizadora en mal estado (golpe)', '2025-11-13 12:32:52.776763+00', NULL, 55, NULL, NULL, 'aprobado', true);
INSERT INTO public.car_diagnostico VALUES (54, 'Rodamientos de maza delanteros
Mazas delanteras', '2025-11-13 19:56:25.646197+00', NULL, 56, NULL, NULL, 'aprobado', true);
INSERT INTO public.car_diagnostico VALUES (13, 'Problema carga alternador', '2025-10-28 13:02:05.689873+00', NULL, 17, NULL, NULL, 'pendiente', true);
INSERT INTO public.car_diagnostico VALUES (55, 'Desmontaje y montaje caja de cambios', '2025-11-13 21:26:16.785955+00', NULL, 57, NULL, NULL, 'aprobado', true);
INSERT INTO public.car_diagnostico VALUES (56, 'Multiple de escape roto
Aire acondicionado sin carga
Compresor A/C presenta ruido
Amortiguadores delanteros malos
Balatas desgastadas', '2025-11-13 21:30:24.031177+00', NULL, 58, NULL, NULL, 'aprobado', true);
INSERT INTO public.car_diagnostico VALUES (57, 'Cambio correa distribucin', '2025-11-14 18:34:38.377644+00', NULL, 59, NULL, NULL, 'aprobado', true);
INSERT INTO public.car_diagnostico VALUES (58, 'Ruido al arrancar', '2025-11-17 11:48:18.257513+00', NULL, 60, NULL, NULL, 'aprobado', true);
INSERT INTO public.car_diagnostico VALUES (37, 'Cambio aceite motor', '2025-11-07 15:22:31.788834+00', NULL, 40, NULL, NULL, 'aprobado', true);
INSERT INTO public.car_diagnostico VALUES (70, 'Temperatura sobrepasa la media, con carga', '2025-12-02 16:37:13.039927+00', NULL, 69, NULL, NULL, 'aprobado', true);
INSERT INTO public.car_diagnostico VALUES (61, 'Correa alternador deshilachada', '2025-11-17 20:36:41.464341+00', NULL, 10, NULL, NULL, 'aprobado', true);
INSERT INTO public.car_diagnostico VALUES (62, 'Vibracin en alta velocidad
Volante inclinado a la izquierda

Neumticos traseros con deformaciones
Es necesario alinear
Leve holgura en axiales y terminales de direccin', '2025-11-20 15:59:11.589813+00', NULL, 62, NULL, NULL, 'aprobado', true);
INSERT INTO public.car_diagnostico VALUES (63, 'Embrague
Fugas
Frenos

Pendiente:
Balatas y rectificado tambores', '2025-11-21 19:41:25.724579+00', NULL, 63, NULL, NULL, 'aprobado', true);
INSERT INTO public.car_diagnostico VALUES (64, 'Correa de distribucin cortada', '2025-11-24 17:29:39.350995+00', NULL, 64, NULL, NULL, 'aprobado', true);
INSERT INTO public.car_diagnostico VALUES (65, 'Cambio aceite caja
Fuga combustible
Cojeo en ralenti', '2025-11-25 12:08:13.633561+00', NULL, 65, NULL, NULL, 'aprobado', true);
INSERT INTO public.car_diagnostico VALUES (66, 'Conector sensor de oxigeno N 2', '2025-11-25 19:30:52.240931+00', NULL, 66, NULL, NULL, 'aprobado', true);
INSERT INTO public.car_diagnostico VALUES (67, 'Fuga combustible', '2025-11-28 16:04:05.744677+00', NULL, 65, NULL, NULL, 'aprobado', true);
INSERT INTO public.car_diagnostico VALUES (12, 'Cambiar:

Base termostato y sensor de temperatura
Deposito de agua y tapa
Kit de embrague
Piola de embrague', '2025-10-27 18:35:19.502558+00', NULL, 11, NULL, NULL, 'pendiente', true);
INSERT INTO public.car_diagnostico VALUES (27, 'Ruido al pasar por baches', '2025-10-30 14:11:32.907609+00', NULL, 29, NULL, NULL, 'pendiente', true);
INSERT INTO public.car_diagnostico VALUES (34, 'Cambio bieletas delanteras', '2025-11-05 20:02:00.340269+00', NULL, 25, NULL, NULL, 'aprobado', true);
INSERT INTO public.car_diagnostico VALUES (68, 'Eje trasero izquierdo partido', '2025-12-01 18:13:17.482326+00', NULL, 67, NULL, NULL, 'aprobado', true);
INSERT INTO public.car_diagnostico VALUES (41, 'dddd', '2025-11-07 20:46:29.533472+00', NULL, 45, NULL, NULL, 'pendiente', true);
INSERT INTO public.car_diagnostico VALUES (43, 'Varios', '2025-11-07 20:57:05.233068+00', NULL, 47, NULL, NULL, 'pendiente', true);
INSERT INTO public.car_diagnostico VALUES (40, 'Soporte motor lado distribucin 
Gua correa accesorios x2
Depsito refrigerante', '2025-11-07 20:39:13.666473+00', NULL, 37, NULL, NULL, 'aprobado', true);
INSERT INTO public.car_diagnostico VALUES (69, 'No arranca', '2025-12-02 12:39:03.068305+00', NULL, 68, NULL, NULL, 'aprobado', true);
INSERT INTO public.car_diagnostico VALUES (14, 'Ruido permanente con motor en marcha
Acusa problemas en bomba de direccin', '2025-10-28 13:05:51.882386+00', NULL, 18, NULL, NULL, 'aprobado', false);
INSERT INTO public.car_diagnostico VALUES (15, 'homocinetica lado copiloto para reemplazo 
Rodamiento de masa lado copiloto presenta un leve juego
Cambiar batera 
Bornes de batera', '2025-10-28 13:09:03.726146+00', NULL, 19, NULL, NULL, 'aprobado', false);
INSERT INTO public.car_diagnostico VALUES (16, 'Problema en bomba de direccin', '2025-10-28 14:11:19.824338+00', NULL, 18, NULL, NULL, 'aprobado', false);
INSERT INTO public.car_diagnostico VALUES (71, 'Fuga hidrulico', '2025-12-02 20:15:13.157457+00', NULL, 70, NULL, NULL, 'aprobado', true);
INSERT INTO public.car_diagnostico VALUES (72, 'Piola capot', '2025-12-03 14:49:27.250765+00', NULL, 15, NULL, NULL, 'aprobado', true);
INSERT INTO public.car_diagnostico VALUES (73, 'Prdida de fuerza
Check Engine encendido

Cdigo de fallo de encendido cilindro N1', '2025-12-04 18:22:47.124529+00', NULL, 71, NULL, NULL, 'aprobado', true);
INSERT INTO public.car_diagnostico VALUES (74, 'Mantencin aceite', '2025-12-05 16:10:56.261662+00', NULL, 72, NULL, NULL, 'aprobado', true);
INSERT INTO public.car_diagnostico VALUES (75, 'Ruido al avanzar
No engrana traccin doble', '2025-12-10 15:57:51.7596+00', NULL, 73, NULL, NULL, 'aprobado', true);
INSERT INTO public.car_diagnostico VALUES (76, 'Fuga aceite 

Cigeal partido', '2025-12-11 16:38:04.832773+00', NULL, 29, NULL, NULL, 'aprobado', true);


--
-- Data for Name: car_diagnostico_componentes; Type: TABLE DATA; Schema: public; Owner: maxgonpe
--

INSERT INTO public.car_diagnostico_componentes VALUES (14, 12, 24);
INSERT INTO public.car_diagnostico_componentes VALUES (15, 12, 34);
INSERT INTO public.car_diagnostico_componentes VALUES (16, 12, 64);
INSERT INTO public.car_diagnostico_componentes VALUES (17, 16, 69);
INSERT INTO public.car_diagnostico_componentes VALUES (22, 19, 9);
INSERT INTO public.car_diagnostico_componentes VALUES (23, 19, 111);
INSERT INTO public.car_diagnostico_componentes VALUES (35, 25, 36);
INSERT INTO public.car_diagnostico_componentes VALUES (36, 25, 125);
INSERT INTO public.car_diagnostico_componentes VALUES (37, 25, 122);
INSERT INTO public.car_diagnostico_componentes VALUES (38, 25, 123);
INSERT INTO public.car_diagnostico_componentes VALUES (39, 25, 29);
INSERT INTO public.car_diagnostico_componentes VALUES (40, 27, 88);
INSERT INTO public.car_diagnostico_componentes VALUES (41, 27, 92);
INSERT INTO public.car_diagnostico_componentes VALUES (42, 30, 64);
INSERT INTO public.car_diagnostico_componentes VALUES (43, 32, 131);
INSERT INTO public.car_diagnostico_componentes VALUES (45, 34, 92);
INSERT INTO public.car_diagnostico_componentes VALUES (46, 35, 32);
INSERT INTO public.car_diagnostico_componentes VALUES (47, 35, 9);
INSERT INTO public.car_diagnostico_componentes VALUES (48, 36, 34);
INSERT INTO public.car_diagnostico_componentes VALUES (49, 37, 11);
INSERT INTO public.car_diagnostico_componentes VALUES (51, 40, 24);
INSERT INTO public.car_diagnostico_componentes VALUES (52, 40, 122);
INSERT INTO public.car_diagnostico_componentes VALUES (53, 40, 32);
INSERT INTO public.car_diagnostico_componentes VALUES (54, 43, 64);
INSERT INTO public.car_diagnostico_componentes VALUES (55, 43, 65);
INSERT INTO public.car_diagnostico_componentes VALUES (56, 46, 86);
INSERT INTO public.car_diagnostico_componentes VALUES (57, 47, 9);
INSERT INTO public.car_diagnostico_componentes VALUES (58, 48, 34);
INSERT INTO public.car_diagnostico_componentes VALUES (59, 49, 3);
INSERT INTO public.car_diagnostico_componentes VALUES (60, 50, 43);
INSERT INTO public.car_diagnostico_componentes VALUES (61, 51, 9);
INSERT INTO public.car_diagnostico_componentes VALUES (62, 52, 20);
INSERT INTO public.car_diagnostico_componentes VALUES (63, 52, 70);
INSERT INTO public.car_diagnostico_componentes VALUES (64, 52, 92);
INSERT INTO public.car_diagnostico_componentes VALUES (65, 53, 86);
INSERT INTO public.car_diagnostico_componentes VALUES (66, 54, 84);
INSERT INTO public.car_diagnostico_componentes VALUES (67, 56, 9);
INSERT INTO public.car_diagnostico_componentes VALUES (68, 57, 132);
INSERT INTO public.car_diagnostico_componentes VALUES (69, 58, 9);
INSERT INTO public.car_diagnostico_componentes VALUES (70, 60, 88);
INSERT INTO public.car_diagnostico_componentes VALUES (71, 61, 27);
INSERT INTO public.car_diagnostico_componentes VALUES (72, 62, 9);
INSERT INTO public.car_diagnostico_componentes VALUES (73, 63, 34);
INSERT INTO public.car_diagnostico_componentes VALUES (74, 63, 38);
INSERT INTO public.car_diagnostico_componentes VALUES (75, 66, 65);
INSERT INTO public.car_diagnostico_componentes VALUES (76, 68, 42);
INSERT INTO public.car_diagnostico_componentes VALUES (77, 70, 9);
INSERT INTO public.car_diagnostico_componentes VALUES (78, 74, 11);
INSERT INTO public.car_diagnostico_componentes VALUES (79, 75, 9);


--
-- Data for Name: car_diagnosticocomponenteaccion; Type: TABLE DATA; Schema: public; Owner: maxgonpe
--

INSERT INTO public.car_diagnosticocomponenteaccion VALUES (16, 40000.00, 31, 22, 11, 1);
INSERT INTO public.car_diagnosticocomponenteaccion VALUES (17, 40000.00, 31, 64, 12, 1);
INSERT INTO public.car_diagnosticocomponenteaccion VALUES (18, 10000.00, 30, 24, 12, 1);
INSERT INTO public.car_diagnosticocomponenteaccion VALUES (19, 140000.00, 30, 34, 12, 1);
INSERT INTO public.car_diagnosticocomponenteaccion VALUES (21, 15000.00, 30, 66, 12, 1);
INSERT INTO public.car_diagnosticocomponenteaccion VALUES (23, 35000.00, 30, 35, 15, 1);
INSERT INTO public.car_diagnosticocomponenteaccion VALUES (24, 25000.00, 8, 9, 15, 1);
INSERT INTO public.car_diagnosticocomponenteaccion VALUES (25, 15000.00, 7, 9, 14, 1);
INSERT INTO public.car_diagnosticocomponenteaccion VALUES (26, 50000.00, 31, 69, 16, 1);
INSERT INTO public.car_diagnosticocomponenteaccion VALUES (32, 15000.00, 30, 111, 19, 1);
INSERT INTO public.car_diagnosticocomponenteaccion VALUES (33, 15000.00, 7, 9, 19, 1);
INSERT INTO public.car_diagnosticocomponenteaccion VALUES (40, 45000.00, 30, 125, 25, 1);
INSERT INTO public.car_diagnosticocomponenteaccion VALUES (41, 20000.00, 30, 122, 25, 1);
INSERT INTO public.car_diagnosticocomponenteaccion VALUES (42, 40000.00, 30, 29, 25, 1);
INSERT INTO public.car_diagnosticocomponenteaccion VALUES (43, 40000.00, 31, 123, 25, 1);
INSERT INTO public.car_diagnosticocomponenteaccion VALUES (44, 30000.00, 30, 36, 25, 1);
INSERT INTO public.car_diagnosticocomponenteaccion VALUES (47, 40000.00, 31, 64, 30, 1);
INSERT INTO public.car_diagnosticocomponenteaccion VALUES (48, 65000.00, 32, 131, 32, 1);
INSERT INTO public.car_diagnosticocomponenteaccion VALUES (50, 350000.00, 31, 127, 26, 1);
INSERT INTO public.car_diagnosticocomponenteaccion VALUES (51, 10000.00, 30, 92, 34, 2);
INSERT INTO public.car_diagnosticocomponenteaccion VALUES (52, 15000.00, 7, 9, 35, 1);
INSERT INTO public.car_diagnosticocomponenteaccion VALUES (53, 400000.00, 32, 34, 36, 1);
INSERT INTO public.car_diagnosticocomponenteaccion VALUES (54, 20000.00, 30, 11, 37, 1);
INSERT INTO public.car_diagnosticocomponenteaccion VALUES (56, 20000.00, 30, 122, 40, 1);
INSERT INTO public.car_diagnosticocomponenteaccion VALUES (57, 10000.00, 30, 24, 40, 1);
INSERT INTO public.car_diagnosticocomponenteaccion VALUES (58, 20000.00, 30, 32, 40, 1);
INSERT INTO public.car_diagnosticocomponenteaccion VALUES (59, 60000.00, 33, 65, 43, 1);
INSERT INTO public.car_diagnosticocomponenteaccion VALUES (60, 25000.00, 30, 64, 43, 1);
INSERT INTO public.car_diagnosticocomponenteaccion VALUES (62, 25000.00, 8, 9, 46, 1);
INSERT INTO public.car_diagnosticocomponenteaccion VALUES (63, 15000.00, 7, 9, 47, 1);
INSERT INTO public.car_diagnosticocomponenteaccion VALUES (64, 140000.00, 30, 34, 48, 1);
INSERT INTO public.car_diagnosticocomponenteaccion VALUES (65, 2000.00, 30, 3, 49, 2);
INSERT INTO public.car_diagnosticocomponenteaccion VALUES (66, 2000.00, 30, 43, 50, 2);
INSERT INTO public.car_diagnosticocomponenteaccion VALUES (68, 25000.00, 8, 9, 51, 1);
INSERT INTO public.car_diagnosticocomponenteaccion VALUES (69, 130000.00, 31, 70, 52, 1);
INSERT INTO public.car_diagnosticocomponenteaccion VALUES (70, 10000.00, 30, 92, 52, 2);
INSERT INTO public.car_diagnosticocomponenteaccion VALUES (71, 35000.00, 30, 86, 53, 2);
INSERT INTO public.car_diagnosticocomponenteaccion VALUES (72, 35000.00, 30, 84, 54, 2);
INSERT INTO public.car_diagnosticocomponenteaccion VALUES (73, 15000.00, 7, 9, 56, 1);
INSERT INTO public.car_diagnosticocomponenteaccion VALUES (74, 90000.00, 30, 132, 57, 1);
INSERT INTO public.car_diagnosticocomponenteaccion VALUES (75, 15000.00, 7, 9, 58, 1);
INSERT INTO public.car_diagnosticocomponenteaccion VALUES (76, 15000.00, 7, 9, 59, 1);
INSERT INTO public.car_diagnosticocomponenteaccion VALUES (77, 70000.00, 31, 88, 60, 2);
INSERT INTO public.car_diagnosticocomponenteaccion VALUES (78, 15000.00, 30, 27, 61, 1);
INSERT INTO public.car_diagnosticocomponenteaccion VALUES (79, 25000.00, 8, 9, 62, 1);
INSERT INTO public.car_diagnosticocomponenteaccion VALUES (80, 10000.00, 30, 38, 63, 2);
INSERT INTO public.car_diagnosticocomponenteaccion VALUES (81, 140000.00, 30, 34, 63, 1);
INSERT INTO public.car_diagnosticocomponenteaccion VALUES (82, 30000.00, 32, 65, 66, 1);
INSERT INTO public.car_diagnosticocomponenteaccion VALUES (83, 60000.00, 30, 42, 68, 1);
INSERT INTO public.car_diagnosticocomponenteaccion VALUES (84, 25000.00, 8, 9, 70, 1);
INSERT INTO public.car_diagnosticocomponenteaccion VALUES (85, 30000.00, 30, 112, 73, 1);
INSERT INTO public.car_diagnosticocomponenteaccion VALUES (86, 20000.00, 30, 11, 74, 1);
INSERT INTO public.car_diagnosticocomponenteaccion VALUES (87, 25000.00, 8, 9, 75, 1);


--
-- Data for Name: car_diagnosticorepuesto; Type: TABLE DATA; Schema: public; Owner: maxgonpe
--

INSERT INTO public.car_diagnosticorepuesto VALUES (10, 1, 7000.00, 7000.00, false, '2025-10-28 14:11:52.611903+00', 16, 17, NULL, NULL);
INSERT INTO public.car_diagnosticorepuesto VALUES (13, 1, 30000.00, 30000.00, false, '2025-10-28 17:59:19.526359+00', 19, 192, NULL, NULL);
INSERT INTO public.car_diagnosticorepuesto VALUES (14, 1, 150000.00, 150000.00, false, '2025-10-28 20:25:57.487606+00', 16, 195, NULL, NULL);
INSERT INTO public.car_diagnosticorepuesto VALUES (15, 1, 35000.00, 35000.00, false, '2025-10-28 20:26:17.621047+00', 16, 194, NULL, NULL);
INSERT INTO public.car_diagnosticorepuesto VALUES (25, 1, 52000.00, 52000.00, false, '2025-10-30 18:15:17.301518+00', 30, 196, NULL, NULL);
INSERT INTO public.car_diagnosticorepuesto VALUES (26, 1, 10000.00, 10000.00, false, '2025-10-30 18:15:53.547251+00', 30, 10, NULL, NULL);
INSERT INTO public.car_diagnosticorepuesto VALUES (28, 1, 30000.00, 30000.00, false, '2025-11-07 15:22:31.798319+00', 37, 3, NULL, NULL);
INSERT INTO public.car_diagnosticorepuesto VALUES (29, 1, 7000.00, 7000.00, false, '2025-11-07 15:22:31.799787+00', 37, 181, NULL, NULL);
INSERT INTO public.car_diagnosticorepuesto VALUES (30, 2, 7000.00, 14000.00, false, '2025-11-12 11:07:56.390438+00', 49, 113, NULL, NULL);
INSERT INTO public.car_diagnosticorepuesto VALUES (31, 2, 3000.00, 6000.00, false, '2025-11-12 11:15:26.717159+00', 50, 148, NULL, NULL);
INSERT INTO public.car_diagnosticorepuesto VALUES (32, 1, 5000.00, 5000.00, false, '2025-11-14 18:34:38.393663+00', 57, 8, NULL, NULL);
INSERT INTO public.car_diagnosticorepuesto VALUES (33, 1, 65000.00, 65000.00, false, '2025-11-14 18:47:16.026641+00', 57, 233, NULL, NULL);
INSERT INTO public.car_diagnosticorepuesto VALUES (34, 1, 15000.00, 15000.00, false, '2025-12-03 14:49:27.261322+00', 72, 10, NULL, NULL);
INSERT INTO public.car_diagnosticorepuesto VALUES (35, 1, 50000.00, 50000.00, false, '2025-12-04 18:22:47.143182+00', 73, 255, NULL, NULL);
INSERT INTO public.car_diagnosticorepuesto VALUES (36, 1, 30000.00, 30000.00, false, '2025-12-05 16:10:56.284763+00', 74, 3, NULL, NULL);
INSERT INTO public.car_diagnosticorepuesto VALUES (37, 1, 6000.00, 6000.00, false, '2025-12-05 16:10:56.288057+00', 74, 213, NULL, NULL);
INSERT INTO public.car_diagnosticorepuesto VALUES (38, 1, 6000.00, 6000.00, false, '2025-12-05 16:10:56.290402+00', 74, 211, NULL, NULL);


--
-- Data for Name: car_excepcionbonotrabajo; Type: TABLE DATA; Schema: public; Owner: maxgonpe
--



--
-- Data for Name: car_mecanico; Type: TABLE DATA; Schema: public; Owner: maxgonpe
--

INSERT INTO public.car_mecanico VALUES (2, 'Jefe Mecnico', '2025-10-08', true, 4, false, true, true, false, false, false, true, false, false, true, 'mecanico');
INSERT INTO public.car_mecanico VALUES (1, 'Administrador del Sistema', '2025-10-01', true, 1, true, true, true, true, true, true, true, true, true, true, 'admin');
INSERT INTO public.car_mecanico VALUES (5, 'Gerente', '2025-10-20', true, 3, true, true, true, true, true, true, true, true, true, true, 'admin');
INSERT INTO public.car_mecanico VALUES (8, 'Mecnico', '2025-10-22', true, 8, false, true, true, false, false, false, true, false, false, true, 'mecanico');


--
-- Data for Name: car_pagomecanico; Type: TABLE DATA; Schema: public; Owner: maxgonpe
--



--
-- Data for Name: car_pagomecanico_bonos_aplicados; Type: TABLE DATA; Schema: public; Owner: maxgonpe
--



--
-- Data for Name: car_prefijorepuesto; Type: TABLE DATA; Schema: public; Owner: maxgonpe
--



--
-- Data for Name: car_registroevento; Type: TABLE DATA; Schema: public; Owner: maxgonpe
--

INSERT INTO public.car_registroevento VALUES (1, 18, 24, 14, 'foto_agregada', '2025-11-03 22:13:14.771632+00', 'TJ4952', 'CITROEN', 'XSARA SX 1.8', 'Max Gonzalez', NULL, 'trabajando', NULL, NULL, NULL, NULL, NULL, NULL, NULL, 1, 'maxgonpe', NULL, NULL, 'Foto uno', '2025-10-29 17:09:29.544522+00', NULL, 5, 50777.00, 257300.00, 308077.00, '2025-11-03 22:13:14.778547+00');
INSERT INTO public.car_registroevento VALUES (2, 15, 16, 20, 'cambio_estado', '2025-11-04 20:57:49.059524+00', 'KSBP94', 'RENAULT', 'DUSTER LIFE 1.6', 'Hortencia Oyanedel valos', 'iniciado', 'completado', NULL, NULL, NULL, NULL, NULL, NULL, NULL, 3, 'camilo', NULL, NULL, 'Estado cambiado de iniciado a completado', '2025-10-28 20:27:24.953944+00', NULL, 7, 50000.00, 192000.00, 242000.00, '2025-11-04 20:57:49.071496+00');
INSERT INTO public.car_registroevento VALUES (3, NULL, 31, 33, 'diagnostico_creado', '2025-11-04 21:10:10.76533+00', 'SHFW42', 'FIAT', 'ARGO HB 1.3', 'Richard Cortz', NULL, 'pendiente', NULL, NULL, NULL, NULL, NULL, NULL, NULL, 3, 'camilo', NULL, NULL, 'Diagnstico creado para vehculo SHFW42', NULL, NULL, NULL, 0.00, 0.00, 0.00, '2025-11-04 21:10:10.767156+00');
INSERT INTO public.car_registroevento VALUES (4, 22, 31, 33, 'diagnostico_aprobado', '2025-11-04 21:10:16.056866+00', 'SHFW42', 'FIAT', 'ARGO HB 1.3', 'Richard Cortz', 'aprobado', 'iniciado', NULL, NULL, NULL, NULL, NULL, NULL, NULL, 3, 'camilo', NULL, NULL, 'Diagnstico aprobado y convertido en trabajo #22 (aprobado 0 da(s) despus de su creacin)', '2025-11-04 21:10:16.042711+00', NULL, 0, 0.00, 0.00, 0.00, '2025-11-04 21:10:16.063321+00');
INSERT INTO public.car_registroevento VALUES (5, 22, 31, 33, 'ingreso', '2025-11-04 21:10:16.042711+00', 'SHFW42', 'FIAT', 'ARGO HB 1.3', 'Richard Cortz', NULL, 'iniciado', NULL, NULL, NULL, NULL, NULL, NULL, NULL, 3, 'camilo', NULL, NULL, 'Vehculo ingresado al sistema', '2025-11-04 21:10:16.042711+00', NULL, 0, 0.00, 0.00, 0.00, '2025-11-04 21:10:16.091874+00');
INSERT INTO public.car_registroevento VALUES (6, 22, 31, 33, 'cambio_estado', '2025-11-04 21:10:56.573062+00', 'SHFW42', 'FIAT', 'ARGO HB 1.3', 'Richard Cortz', 'iniciado', 'completado', NULL, NULL, NULL, NULL, NULL, NULL, NULL, 3, 'camilo', NULL, NULL, 'Estado cambiado de iniciado a completado', '2025-11-04 21:10:16.042711+00', NULL, 0, 45000.00, 0.00, 45000.00, '2025-11-04 21:10:56.58355+00');
INSERT INTO public.car_registroevento VALUES (7, 15, 16, 20, 'cambio_estado', '2025-11-04 21:12:04.670248+00', 'KSBP94', 'RENAULT', 'DUSTER LIFE 1.6', 'Hortencia Oyanedel valos', 'completado', 'entregado', NULL, NULL, NULL, NULL, NULL, NULL, NULL, 3, 'camilo', NULL, NULL, 'Estado cambiado de completado a entregado', '2025-10-28 20:27:24.953944+00', '2025-11-04 21:12:04.667674+00', 7, 50000.00, 192000.00, 242000.00, '2025-11-04 21:12:04.67923+00');
INSERT INTO public.car_registroevento VALUES (8, 15, 16, 20, 'entrega', '2025-11-04 21:12:04.667674+00', 'KSBP94', 'RENAULT', 'DUSTER LIFE 1.6', 'Hortencia Oyanedel valos', 'entregado', 'entregado', NULL, NULL, NULL, NULL, NULL, NULL, NULL, 3, 'camilo', NULL, NULL, 'Vehculo entregado al cliente', '2025-10-28 20:27:24.953944+00', '2025-11-04 21:12:04.667674+00', 7, 50000.00, 192000.00, 242000.00, '2025-11-04 21:12:04.712294+00');
INSERT INTO public.car_registroevento VALUES (9, 15, 16, 20, 'abono', '2025-11-04 21:12:18.123122+00', 'KSBP94', 'RENAULT', 'DUSTER LIFE 1.6', 'Hortencia Oyanedel valos', NULL, 'entregado', NULL, NULL, NULL, NULL, NULL, NULL, 142000.00, 3, 'camilo', NULL, NULL, 'Abono recibido: $142000 - Transferencia', '2025-10-28 20:27:24.953944+00', '2025-11-04 21:12:04.667674+00', 7, 50000.00, 192000.00, 242000.00, '2025-11-04 21:12:18.134479+00');
INSERT INTO public.car_registroevento VALUES (10, NULL, 32, 34, 'diagnostico_creado', '2025-11-04 21:29:16.078741+00', 'CJST88', 'CHEVROLET', 'CAPTIVA LS 2.0', 'Diego Ahumada', NULL, 'pendiente', NULL, NULL, NULL, NULL, NULL, NULL, NULL, 3, 'camilo', NULL, NULL, 'Diagnstico creado para vehculo CJST88', NULL, NULL, NULL, 0.00, 0.00, 0.00, '2025-11-04 21:29:16.080057+00');
INSERT INTO public.car_registroevento VALUES (11, 23, 32, 34, 'diagnostico_aprobado', '2025-11-04 21:29:30.471372+00', 'CJST88', 'CHEVROLET', 'CAPTIVA LS 2.0', 'Diego Ahumada', 'aprobado', 'iniciado', NULL, NULL, NULL, NULL, NULL, NULL, NULL, 3, 'camilo', NULL, NULL, 'Diagnstico aprobado y convertido en trabajo #23 (aprobado 0 da(s) despus de su creacin)', '2025-11-04 21:29:30.448197+00', NULL, 0, 65000.00, 0.00, 65000.00, '2025-11-04 21:29:30.48267+00');
INSERT INTO public.car_registroevento VALUES (12, 23, 32, 34, 'ingreso', '2025-11-04 21:29:30.448197+00', 'CJST88', 'CHEVROLET', 'CAPTIVA LS 2.0', 'Diego Ahumada', NULL, 'iniciado', NULL, NULL, NULL, NULL, NULL, NULL, NULL, 3, 'camilo', NULL, NULL, 'Vehculo ingresado al sistema', '2025-11-04 21:29:30.448197+00', NULL, 0, 65000.00, 0.00, 65000.00, '2025-11-04 21:29:30.530353+00');
INSERT INTO public.car_registroevento VALUES (13, 22, 31, 33, 'mecanico_asignado', '2025-11-04 21:29:53.690586+00', 'SHFW42', 'FIAT', 'ARGO HB 1.3', 'Richard Cortz', NULL, 'completado', NULL, NULL, NULL, NULL, NULL, NULL, NULL, 3, 'camilo', 8, 'Carlos Arancibia', 'Mecnico asignado: Carlos Arancibia', '2025-11-04 21:10:16.042711+00', NULL, 0, 45000.00, 0.00, 45000.00, '2025-11-04 21:29:53.698116+00');
INSERT INTO public.car_registroevento VALUES (14, 23, 32, 34, 'cambio_estado', '2025-11-04 21:30:19.078597+00', 'CJST88', 'CHEVROLET', 'CAPTIVA LS 2.0', 'Diego Ahumada', 'iniciado', 'trabajando', NULL, NULL, NULL, NULL, NULL, NULL, NULL, 3, 'camilo', NULL, NULL, 'Estado cambiado de iniciado a trabajando', '2025-11-04 21:30:19.078531+00', NULL, 0, 65000.00, 0.00, 65000.00, '2025-11-04 21:30:19.085828+00');
INSERT INTO public.car_registroevento VALUES (15, 23, 32, 34, 'mecanico_asignado', '2025-11-04 21:30:19.129946+00', 'CJST88', 'CHEVROLET', 'CAPTIVA LS 2.0', 'Diego Ahumada', NULL, 'trabajando', NULL, NULL, NULL, NULL, NULL, NULL, NULL, 3, 'camilo', 8, 'Carlos Arancibia', 'Mecnico asignado: Carlos Arancibia', '2025-11-04 21:30:19.078531+00', NULL, 0, 65000.00, 0.00, 65000.00, '2025-11-04 21:30:19.133739+00');
INSERT INTO public.car_registroevento VALUES (16, 23, 32, 34, 'cambio_estado', '2025-11-04 21:35:27.717666+00', 'CJST88', 'CHEVROLET', 'CAPTIVA LS 2.0', 'Diego Ahumada', 'trabajando', 'completado', NULL, NULL, NULL, NULL, NULL, NULL, NULL, 3, 'camilo', NULL, NULL, 'Estado cambiado de trabajando a completado', '2025-11-04 21:30:19.078531+00', NULL, 0, 65000.00, 0.00, 65000.00, '2025-11-04 21:35:27.7251+00');
INSERT INTO public.car_registroevento VALUES (17, 22, 31, 33, 'abono', '2025-11-04 21:36:35.436592+00', 'SHFW42', 'FIAT', 'ARGO HB 1.3', 'Richard Cortz', NULL, 'completado', NULL, NULL, NULL, NULL, NULL, NULL, 45000.00, 3, 'camilo', NULL, NULL, 'Abono recibido: $45000 - Tarjeta', '2025-11-04 21:10:16.042711+00', NULL, 0, 45000.00, 0.00, 45000.00, '2025-11-04 21:36:35.45186+00');
INSERT INTO public.car_registroevento VALUES (18, 22, 31, 33, 'cambio_estado', '2025-11-04 21:36:45.179651+00', 'SHFW42', 'FIAT', 'ARGO HB 1.3', 'Richard Cortz', 'completado', 'entregado', NULL, NULL, NULL, NULL, NULL, NULL, NULL, 3, 'camilo', NULL, NULL, 'Estado cambiado de completado a entregado', '2025-11-04 21:10:16.042711+00', '2025-11-04 21:36:45.177143+00', 0, 45000.00, 0.00, 45000.00, '2025-11-04 21:36:45.192682+00');
INSERT INTO public.car_registroevento VALUES (19, 22, 31, 33, 'entrega', '2025-11-04 21:36:45.177143+00', 'SHFW42', 'FIAT', 'ARGO HB 1.3', 'Richard Cortz', 'entregado', 'entregado', NULL, NULL, NULL, NULL, NULL, NULL, NULL, 3, 'camilo', NULL, NULL, 'Vehculo entregado al cliente', '2025-11-04 21:10:16.042711+00', '2025-11-04 21:36:45.177143+00', 0, 45000.00, 0.00, 45000.00, '2025-11-04 21:36:45.240959+00');
INSERT INTO public.car_registroevento VALUES (20, 23, 32, 34, 'abono', '2025-11-04 21:55:18.736324+00', 'CJST88', 'CHEVROLET', 'CAPTIVA LS 2.0', 'Diego Ahumada', NULL, 'completado', NULL, NULL, NULL, NULL, NULL, NULL, 65000.00, 3, 'camilo', NULL, NULL, 'Abono recibido: $65000 - Efectivo', '2025-11-04 21:30:19.078531+00', NULL, 0, 65000.00, 0.00, 65000.00, '2025-11-04 21:55:18.75056+00');
INSERT INTO public.car_registroevento VALUES (21, 23, 32, 34, 'cambio_estado', '2025-11-04 21:55:22.469426+00', 'CJST88', 'CHEVROLET', 'CAPTIVA LS 2.0', 'Diego Ahumada', 'completado', 'entregado', NULL, NULL, NULL, NULL, NULL, NULL, NULL, 3, 'camilo', NULL, NULL, 'Estado cambiado de completado a entregado', '2025-11-04 21:30:19.078531+00', '2025-11-04 21:55:22.46709+00', 0, 65000.00, 0.00, 65000.00, '2025-11-04 21:55:22.484277+00');
INSERT INTO public.car_registroevento VALUES (22, 23, 32, 34, 'entrega', '2025-11-04 21:55:22.46709+00', 'CJST88', 'CHEVROLET', 'CAPTIVA LS 2.0', 'Diego Ahumada', 'entregado', 'entregado', NULL, NULL, NULL, NULL, NULL, NULL, NULL, 3, 'camilo', NULL, NULL, 'Vehculo entregado al cliente', '2025-11-04 21:30:19.078531+00', '2025-11-04 21:55:22.46709+00', 0, 65000.00, 0.00, 65000.00, '2025-11-04 21:55:22.538325+00');
INSERT INTO public.car_registroevento VALUES (23, 18, 24, 14, 'accion_completada', '2025-11-05 02:59:22.720392+00', 'TJ4952', 'CITROEN', 'XSARA SX 1.8', 'Max Gonzalez', NULL, 'trabajando', 54, 'Cambio difcil', 'bujias', NULL, NULL, NULL, 40777.00, 1, 'maxgonpe', NULL, NULL, 'Accin completada: Cambio difcil', '2025-10-29 17:09:29.544522+00', NULL, 6, 80777.00, 257300.00, 383077.00, '2025-11-05 02:59:22.738251+00');
INSERT INTO public.car_registroevento VALUES (24, NULL, 33, 31, 'diagnostico_creado', '2025-11-05 10:59:38.71793+00', 'VP1797', 'PEUGEOT', '406 PACK 2.0 AUT', 'Camilo Urrutia', NULL, 'pendiente', NULL, NULL, NULL, NULL, NULL, NULL, NULL, 3, 'camilo', NULL, NULL, 'Diagnstico creado para vehculo VP1797', NULL, NULL, NULL, 0.00, 0.00, 0.00, '2025-11-05 10:59:38.721042+00');
INSERT INTO public.car_registroevento VALUES (25, 18, 24, 14, 'cambio_estado', '2025-11-05 19:53:09.968461+00', 'TJ4952', 'CITROEN', 'XSARA SX 1.8', 'Max Gonzalez', 'trabajando', 'completado', NULL, NULL, NULL, NULL, NULL, NULL, NULL, 1, 'maxgonpe', NULL, NULL, 'Estado cambiado de trabajando a completado', '2025-10-29 17:09:29.544522+00', NULL, 7, 80777.00, 257300.00, 383077.00, '2025-11-05 19:53:09.978678+00');
INSERT INTO public.car_registroevento VALUES (26, NULL, 34, 36, 'diagnostico_creado', '2025-11-05 20:02:00.340269+00', 'XX1610', 'PEUGEOT', 'PARTNER 1.9', 'Jos Jarpa', NULL, 'pendiente', NULL, NULL, NULL, NULL, NULL, NULL, NULL, 3, 'camilo', NULL, NULL, 'Diagnstico creado para vehculo XX1610', NULL, NULL, NULL, 0.00, 0.00, 0.00, '2025-11-05 20:02:00.342571+00');
INSERT INTO public.car_registroevento VALUES (27, 24, 34, 36, 'diagnostico_aprobado', '2025-11-05 20:02:06.720255+00', 'XX1610', 'PEUGEOT', 'PARTNER 1.9', 'Jos Jarpa', 'aprobado', 'iniciado', NULL, NULL, NULL, NULL, NULL, NULL, NULL, 3, 'camilo', NULL, NULL, 'Diagnstico aprobado y convertido en trabajo #24 (aprobado 0 da(s) despus de su creacin)', '2025-11-05 20:02:06.705916+00', NULL, 0, 20000.00, 0.00, 20000.00, '2025-11-05 20:02:06.728787+00');
INSERT INTO public.car_registroevento VALUES (28, 24, 34, 36, 'ingreso', '2025-11-05 20:02:06.705916+00', 'XX1610', 'PEUGEOT', 'PARTNER 1.9', 'Jos Jarpa', NULL, 'iniciado', NULL, NULL, NULL, NULL, NULL, NULL, NULL, 3, 'camilo', NULL, NULL, 'Vehculo ingresado al sistema', '2025-11-05 20:02:06.705916+00', NULL, 0, 20000.00, 0.00, 20000.00, '2025-11-05 20:02:06.75314+00');
INSERT INTO public.car_registroevento VALUES (29, 24, 34, 36, 'cambio_estado', '2025-11-05 20:02:29.294924+00', 'XX1610', 'PEUGEOT', 'PARTNER 1.9', 'Jos Jarpa', 'iniciado', 'completado', NULL, NULL, NULL, NULL, NULL, NULL, NULL, 3, 'camilo', NULL, NULL, 'Estado cambiado de iniciado a completado', '2025-11-05 20:02:06.705916+00', NULL, 0, 20000.00, 0.00, 20000.00, '2025-11-05 20:02:29.303574+00');
INSERT INTO public.car_registroevento VALUES (30, 24, 34, 36, 'mecanico_asignado', '2025-11-05 20:03:55.133495+00', 'XX1610', 'PEUGEOT', 'PARTNER 1.9', 'Jos Jarpa', NULL, 'completado', NULL, NULL, NULL, NULL, NULL, NULL, NULL, 3, 'camilo', 8, 'Carlos Arancibia', 'Mecnico asignado: Carlos Arancibia', '2025-11-05 20:02:06.705916+00', NULL, 0, 20000.00, 0.00, 20000.00, '2025-11-05 20:03:55.141564+00');
INSERT INTO public.car_registroevento VALUES (31, 24, 34, 36, 'abono', '2025-11-05 21:08:51.848675+00', 'XX1610', 'PEUGEOT', 'PARTNER 1.9', 'Jos Jarpa', NULL, 'completado', NULL, NULL, NULL, NULL, NULL, NULL, 20000.00, 3, 'camilo', NULL, NULL, 'Abono recibido: $20000 - Efectivo', '2025-11-05 20:02:06.705916+00', NULL, 0, 20000.00, 0.00, 20000.00, '2025-11-05 21:08:51.866215+00');
INSERT INTO public.car_registroevento VALUES (32, 24, 34, 36, 'cambio_estado', '2025-11-05 21:08:56.929942+00', 'XX1610', 'PEUGEOT', 'PARTNER 1.9', 'Jos Jarpa', 'completado', 'entregado', NULL, NULL, NULL, NULL, NULL, NULL, NULL, 3, 'camilo', NULL, NULL, 'Estado cambiado de completado a entregado', '2025-11-05 20:02:06.705916+00', '2025-11-05 21:08:56.928018+00', 0, 20000.00, 0.00, 20000.00, '2025-11-05 21:08:56.9404+00');
INSERT INTO public.car_registroevento VALUES (33, 24, 34, 36, 'entrega', '2025-11-05 21:08:56.928018+00', 'XX1610', 'PEUGEOT', 'PARTNER 1.9', 'Jos Jarpa', 'entregado', 'entregado', NULL, NULL, NULL, NULL, NULL, NULL, NULL, 3, 'camilo', NULL, NULL, 'Vehculo entregado al cliente', '2025-11-05 20:02:06.705916+00', '2025-11-05 21:08:56.928018+00', 0, 20000.00, 0.00, 20000.00, '2025-11-05 21:08:56.972211+00');
INSERT INTO public.car_registroevento VALUES (34, 23, 32, 34, 'cambio_estado', '2025-11-05 21:25:31.313722+00', 'CJST88', 'CHEVROLET', 'CAPTIVA LS 2.0', 'Diego Ahumada', 'entregado', 'entregado', NULL, NULL, NULL, NULL, NULL, NULL, NULL, 1, 'maxgonpe', NULL, NULL, 'Estado cambiado de entregado a entregado', '2025-11-04 21:30:19.078531+00', '2025-11-05 21:25:31.310077+00', 0, 65000.00, 0.00, 65000.00, '2025-11-05 21:25:31.325747+00');
INSERT INTO public.car_registroevento VALUES (35, 23, 32, 34, 'entrega', '2025-11-05 21:25:31.310077+00', 'CJST88', 'CHEVROLET', 'CAPTIVA LS 2.0', 'Diego Ahumada', 'entregado', 'entregado', NULL, NULL, NULL, NULL, NULL, NULL, NULL, 1, 'maxgonpe', NULL, NULL, 'Vehculo entregado al cliente', '2025-11-04 21:30:19.078531+00', '2025-11-05 21:25:31.310077+00', 0, 65000.00, 0.00, 65000.00, '2025-11-05 21:25:31.357159+00');
INSERT INTO public.car_registroevento VALUES (36, 25, 26, 28, 'diagnostico_aprobado', '2025-11-05 21:29:16.193346+00', 'DSVT44', 'CHEVROLET', 'OPTRA LS LIMITED 1.6', 'Leonardo Araya', 'aprobado', 'iniciado', NULL, NULL, NULL, NULL, NULL, NULL, NULL, 3, 'camilo', NULL, NULL, 'Diagnstico aprobado y convertido en trabajo #25 (aprobado 7 da(s) despus de su creacin)', '2025-11-05 21:29:16.174258+00', NULL, 0, 350000.00, 0.00, 350000.00, '2025-11-05 21:29:16.200835+00');
INSERT INTO public.car_registroevento VALUES (37, 25, 26, 28, 'ingreso', '2025-11-05 21:29:16.174258+00', 'DSVT44', 'CHEVROLET', 'OPTRA LS LIMITED 1.6', 'Leonardo Araya', NULL, 'iniciado', NULL, NULL, NULL, NULL, NULL, NULL, NULL, 3, 'camilo', NULL, NULL, 'Vehculo ingresado al sistema', '2025-11-05 21:29:16.174258+00', NULL, 0, 350000.00, 0.00, 350000.00, '2025-11-05 21:29:16.232445+00');
INSERT INTO public.car_registroevento VALUES (38, 25, 26, 28, 'cambio_estado', '2025-11-06 10:58:07.369914+00', 'DSVT44', 'CHEVROLET', 'OPTRA LS LIMITED 1.6', 'Leonardo Araya', 'iniciado', 'trabajando', NULL, NULL, NULL, NULL, NULL, NULL, NULL, 3, 'camilo', NULL, NULL, 'Estado cambiado de iniciado a trabajando', '2025-11-06 10:58:07.369773+00', NULL, 0, 350000.00, 0.00, 350000.00, '2025-11-06 10:58:07.381494+00');
INSERT INTO public.car_registroevento VALUES (39, 25, 26, 28, 'mecanico_asignado', '2025-11-06 10:58:07.436308+00', 'DSVT44', 'CHEVROLET', 'OPTRA LS LIMITED 1.6', 'Leonardo Araya', NULL, 'trabajando', NULL, NULL, NULL, NULL, NULL, NULL, NULL, 3, 'camilo', 8, 'Carlos Arancibia', 'Mecnico asignado: Carlos Arancibia', '2025-11-06 10:58:07.369773+00', NULL, 0, 350000.00, 0.00, 350000.00, '2025-11-06 10:58:07.44314+00');
INSERT INTO public.car_registroevento VALUES (40, 25, 26, 28, 'abono', '2025-11-06 11:02:06.269232+00', 'DSVT44', 'CHEVROLET', 'OPTRA LS LIMITED 1.6', 'Leonardo Araya', NULL, 'trabajando', NULL, NULL, NULL, NULL, NULL, NULL, 200000.00, 3, 'camilo', NULL, NULL, 'Abono recibido: $200000 - Transferencia', '2025-11-06 10:58:07.369773+00', NULL, 0, 350000.00, 30000.00, 380000.00, '2025-11-06 11:02:06.286698+00');
INSERT INTO public.car_registroevento VALUES (41, NULL, 35, 37, 'diagnostico_creado', '2025-11-06 12:28:35.282337+00', 'XP7074', 'RENAULT', 'CLIO EXPRESSION 1.6', 'Alexis Chavarria', NULL, 'pendiente', NULL, NULL, NULL, NULL, NULL, NULL, NULL, 3, 'camilo', NULL, NULL, 'Diagnstico creado para vehculo XP7074', NULL, NULL, NULL, 0.00, 0.00, 0.00, '2025-11-06 12:28:35.283849+00');
INSERT INTO public.car_registroevento VALUES (42, 26, 35, 37, 'diagnostico_aprobado', '2025-11-06 12:30:39.879107+00', 'XP7074', 'RENAULT', 'CLIO EXPRESSION 1.6', 'Alexis Chavarria', 'aprobado', 'iniciado', NULL, NULL, NULL, NULL, NULL, NULL, NULL, 3, 'camilo', NULL, NULL, 'Diagnstico aprobado y convertido en trabajo #26 (aprobado 0 da(s) despus de su creacin)', '2025-11-06 12:30:39.861758+00', NULL, 0, 15000.00, 0.00, 15000.00, '2025-11-06 12:30:39.887865+00');
INSERT INTO public.car_registroevento VALUES (43, 26, 35, 37, 'ingreso', '2025-11-06 12:30:39.861758+00', 'XP7074', 'RENAULT', 'CLIO EXPRESSION 1.6', 'Alexis Chavarria', NULL, 'iniciado', NULL, NULL, NULL, NULL, NULL, NULL, NULL, 3, 'camilo', NULL, NULL, 'Vehculo ingresado al sistema', '2025-11-06 12:30:39.861758+00', NULL, 0, 15000.00, 0.00, 15000.00, '2025-11-06 12:30:39.926033+00');
INSERT INTO public.car_registroevento VALUES (44, 26, 35, 37, 'cambio_estado', '2025-11-06 16:15:03.517206+00', 'XP7074', 'RENAULT', 'CLIO EXPRESSION 1.6', 'Alexis Chavarria', 'iniciado', 'trabajando', NULL, NULL, NULL, NULL, NULL, NULL, NULL, 3, 'camilo', NULL, NULL, 'Estado cambiado de iniciado a trabajando', '2025-11-06 16:15:03.517113+00', NULL, 0, 15000.00, 0.00, 15000.00, '2025-11-06 16:15:03.531903+00');
INSERT INTO public.car_registroevento VALUES (45, 26, 35, 37, 'mecanico_asignado', '2025-11-06 16:15:03.634896+00', 'XP7074', 'RENAULT', 'CLIO EXPRESSION 1.6', 'Alexis Chavarria', NULL, 'trabajando', NULL, NULL, NULL, NULL, NULL, NULL, NULL, 3, 'camilo', 8, 'Carlos Arancibia', 'Mecnico asignado: Carlos Arancibia', '2025-11-06 16:15:03.517113+00', NULL, 0, 15000.00, 0.00, 15000.00, '2025-11-06 16:15:03.645961+00');
INSERT INTO public.car_registroevento VALUES (46, 26, 35, 37, 'mecanico_asignado', '2025-11-06 17:53:46.441566+00', 'XP7074', 'RENAULT', 'CLIO EXPRESSION 1.6', 'Alexis Chavarria', NULL, 'trabajando', NULL, NULL, NULL, NULL, NULL, NULL, NULL, 3, 'camilo', 2, 'Bejamin Mondaca', 'Mecnico asignado: Bejamin Mondaca', '2025-11-06 16:15:03.517113+00', NULL, 0, 120000.00, 39000.00, 159000.00, '2025-11-06 17:53:46.452084+00');
INSERT INTO public.car_registroevento VALUES (47, 26, 35, 37, 'mecanico_removido', '2025-11-06 17:53:46.483308+00', 'XP7074', 'RENAULT', 'CLIO EXPRESSION 1.6', 'Alexis Chavarria', NULL, 'trabajando', NULL, NULL, NULL, NULL, NULL, NULL, NULL, 3, 'camilo', 8, 'Carlos Arancibia', 'Mecnico removido: Carlos Arancibia', '2025-11-06 16:15:03.517113+00', NULL, 0, 120000.00, 39000.00, 159000.00, '2025-11-06 17:53:46.490462+00');
INSERT INTO public.car_registroevento VALUES (48, 26, 35, 37, 'foto_agregada', '2025-11-06 20:12:56.722807+00', 'XP7074', 'RENAULT', 'CLIO EXPRESSION 1.6', 'Alexis Chavarria', NULL, 'trabajando', NULL, NULL, NULL, NULL, NULL, NULL, NULL, 4, 'benjamin', NULL, NULL, 'Perno de calador de distribucin rodado ', '2025-11-06 16:15:03.517113+00', NULL, 0, 90000.00, 39000.00, 129000.00, '2025-11-06 20:12:56.743304+00');
INSERT INTO public.car_registroevento VALUES (49, 26, 35, 37, 'foto_agregada', '2025-11-06 20:25:03.706121+00', 'XP7074', 'RENAULT', 'CLIO EXPRESSION 1.6', 'Alexis Chavarria', NULL, 'trabajando', NULL, NULL, NULL, NULL, NULL, NULL, NULL, 4, 'benjamin', NULL, NULL, 'Foto agregada al trabajo', '2025-11-06 16:15:03.517113+00', NULL, 0, 90000.00, 39000.00, 129000.00, '2025-11-06 20:25:03.732809+00');
INSERT INTO public.car_registroevento VALUES (50, 26, 35, 37, 'foto_agregada', '2025-11-06 20:25:17.667333+00', 'XP7074', 'RENAULT', 'CLIO EXPRESSION 1.6', 'Alexis Chavarria', NULL, 'trabajando', NULL, NULL, NULL, NULL, NULL, NULL, NULL, 4, 'benjamin', NULL, NULL, 'Foto agregada al trabajo', '2025-11-06 16:15:03.517113+00', NULL, 0, 90000.00, 39000.00, 129000.00, '2025-11-06 20:25:17.681094+00');
INSERT INTO public.car_registroevento VALUES (51, NULL, 36, 39, 'diagnostico_creado', '2025-11-06 20:44:57.112922+00', 'GYJX10', 'VOLKSWAGEN', 'TRANSPORTER KOMBI 2.0', 'Claudia Barraza', NULL, 'pendiente', NULL, NULL, NULL, NULL, NULL, NULL, NULL, 3, 'camilo', NULL, NULL, 'Diagnstico creado para vehculo GYJX10', NULL, NULL, NULL, 0.00, 0.00, 0.00, '2025-11-06 20:44:57.114648+00');
INSERT INTO public.car_registroevento VALUES (52, NULL, 37, 40, 'diagnostico_creado', '2025-11-07 15:22:31.788834+00', 'UX7362', 'NISSAN', 'TERRANO', 'Walter Vicencio', NULL, 'pendiente', NULL, NULL, NULL, NULL, NULL, NULL, NULL, 3, 'camilo', NULL, NULL, 'Diagnstico creado para vehculo UX7362', NULL, NULL, NULL, 0.00, 0.00, 0.00, '2025-11-07 15:22:31.789867+00');
INSERT INTO public.car_registroevento VALUES (53, 27, 37, 40, 'diagnostico_aprobado', '2025-11-07 15:22:38.266612+00', 'UX7362', 'NISSAN', 'TERRANO', 'Walter Vicencio', 'aprobado', 'iniciado', NULL, NULL, NULL, NULL, NULL, NULL, NULL, 3, 'camilo', NULL, NULL, 'Diagnstico aprobado y convertido en trabajo #27 (aprobado 0 da(s) despus de su creacin)', '2025-11-07 15:22:38.234817+00', NULL, 0, 20000.00, 37000.00, 57000.00, '2025-11-07 15:22:38.27756+00');
INSERT INTO public.car_registroevento VALUES (54, 27, 37, 40, 'ingreso', '2025-11-07 15:22:38.234817+00', 'UX7362', 'NISSAN', 'TERRANO', 'Walter Vicencio', NULL, 'iniciado', NULL, NULL, NULL, NULL, NULL, NULL, NULL, 3, 'camilo', NULL, NULL, 'Vehculo ingresado al sistema', '2025-11-07 15:22:38.234817+00', NULL, 0, 20000.00, 37000.00, 57000.00, '2025-11-07 15:22:38.323886+00');
INSERT INTO public.car_registroevento VALUES (55, 27, 37, 40, 'cambio_estado', '2025-11-07 15:23:36.615296+00', 'UX7362', 'NISSAN', 'TERRANO', 'Walter Vicencio', 'iniciado', 'trabajando', NULL, NULL, NULL, NULL, NULL, NULL, NULL, 3, 'camilo', NULL, NULL, 'Estado cambiado de iniciado a trabajando', '2025-11-07 15:23:36.615233+00', NULL, 0, 20000.00, 37000.00, 57000.00, '2025-11-07 15:23:36.630576+00');
INSERT INTO public.car_registroevento VALUES (56, 27, 37, 40, 'mecanico_asignado', '2025-11-07 15:23:36.682239+00', 'UX7362', 'NISSAN', 'TERRANO', 'Walter Vicencio', NULL, 'trabajando', NULL, NULL, NULL, NULL, NULL, NULL, NULL, 3, 'camilo', 8, 'Carlos Arancibia', 'Mecnico asignado: Carlos Arancibia', '2025-11-07 15:23:36.615233+00', NULL, 0, 20000.00, 37000.00, 57000.00, '2025-11-07 15:23:36.689927+00');
INSERT INTO public.car_registroevento VALUES (57, 27, 37, 40, 'cambio_estado', '2025-11-07 15:23:55.79795+00', 'UX7362', 'NISSAN', 'TERRANO', 'Walter Vicencio', 'trabajando', 'completado', NULL, NULL, NULL, NULL, NULL, NULL, NULL, 3, 'camilo', NULL, NULL, 'Estado cambiado de trabajando a completado', '2025-11-07 15:23:36.615233+00', NULL, 0, 20000.00, 37000.00, 57000.00, '2025-11-07 15:23:55.814377+00');
INSERT INTO public.car_registroevento VALUES (58, 27, 37, 40, 'abono', '2025-11-07 15:27:19.547848+00', 'UX7362', 'NISSAN', 'TERRANO', 'Walter Vicencio', NULL, 'completado', NULL, NULL, NULL, NULL, NULL, NULL, 57000.00, 3, 'camilo', NULL, NULL, 'Abono recibido: $57000 - Efectivo', '2025-11-07 15:23:36.615233+00', NULL, 0, 20000.00, 37000.00, 57000.00, '2025-11-07 15:27:19.561118+00');
INSERT INTO public.car_registroevento VALUES (59, 27, 37, 40, 'cambio_estado', '2025-11-07 15:27:23.339893+00', 'UX7362', 'NISSAN', 'TERRANO', 'Walter Vicencio', 'completado', 'entregado', NULL, NULL, NULL, NULL, NULL, NULL, NULL, 3, 'camilo', NULL, NULL, 'Estado cambiado de completado a entregado', '2025-11-07 15:23:36.615233+00', '2025-11-07 15:27:23.338104+00', 0, 20000.00, 37000.00, 57000.00, '2025-11-07 15:27:23.347406+00');
INSERT INTO public.car_registroevento VALUES (60, 27, 37, 40, 'entrega', '2025-11-07 15:27:23.338104+00', 'UX7362', 'NISSAN', 'TERRANO', 'Walter Vicencio', 'entregado', 'entregado', NULL, NULL, NULL, NULL, NULL, NULL, NULL, 3, 'camilo', NULL, NULL, 'Vehculo entregado al cliente', '2025-11-07 15:23:36.615233+00', '2025-11-07 15:27:23.338104+00', 0, 20000.00, 37000.00, 57000.00, '2025-11-07 15:27:23.377964+00');
INSERT INTO public.car_registroevento VALUES (61, 26, 35, 37, 'cambio_estado', '2025-11-07 17:33:20.707618+00', 'XP7074', 'RENAULT', 'CLIO EXPRESSION 1.6', 'Alexis Chavarria', 'trabajando', 'completado', NULL, NULL, NULL, NULL, NULL, NULL, NULL, 3, 'camilo', NULL, NULL, 'Estado cambiado de trabajando a completado', '2025-11-06 16:15:03.517113+00', NULL, 1, 90000.00, 39000.00, 135000.00, '2025-11-07 17:33:20.719484+00');
INSERT INTO public.car_registroevento VALUES (62, NULL, 38, 41, 'diagnostico_creado', '2025-11-07 17:36:10.466429+00', 'TJ4951', 'CITROEN', 'BERLINGO 1.9', 'Leonor Chacon', NULL, 'pendiente', NULL, NULL, NULL, NULL, NULL, NULL, NULL, 1, 'maxgonpe', NULL, NULL, 'Diagnstico creado para vehculo TJ4951', NULL, NULL, NULL, 0.00, 0.00, 0.00, '2025-11-07 17:36:10.468033+00');
INSERT INTO public.car_registroevento VALUES (63, NULL, 39, 43, 'diagnostico_creado', '2025-11-07 18:01:49.949738+00', 'XP7074', 'RENAULT', 'CLIO EXPRESSION 1.6', 'Alexis Chavarria', NULL, 'pendiente', NULL, NULL, NULL, NULL, NULL, NULL, NULL, 1, 'maxgonpe', NULL, NULL, 'Diagnstico creado para vehculo XP7074', NULL, NULL, NULL, 0.00, 0.00, 0.00, '2025-11-07 18:01:49.952616+00');
INSERT INTO public.car_registroevento VALUES (64, 25, 26, 28, 'abono', '2025-11-07 18:44:42.008824+00', 'DSVT44', 'CHEVROLET', 'OPTRA LS LIMITED 1.6', 'Leonardo Araya', NULL, 'trabajando', NULL, NULL, NULL, NULL, NULL, NULL, 100000.00, 3, 'camilo', NULL, NULL, 'Abono recibido: $100000 - Efectivo', '2025-11-06 10:58:07.369773+00', NULL, 1, 350000.00, 60000.00, 469000.00, '2025-11-07 18:44:42.028797+00');
INSERT INTO public.car_registroevento VALUES (65, 26, 35, 37, 'abono', '2025-11-07 19:54:27.453767+00', 'XP7074', 'RENAULT', 'CLIO EXPRESSION 1.6', 'Alexis Chavarria', NULL, 'completado', NULL, NULL, NULL, NULL, NULL, NULL, 135000.00, 3, 'camilo', NULL, NULL, 'Abono recibido: $135000 - Efectivo', '2025-11-06 16:15:03.517113+00', NULL, 1, 90000.00, 39000.00, 135000.00, '2025-11-07 19:54:27.476043+00');
INSERT INTO public.car_registroevento VALUES (66, 26, 35, 37, 'cambio_estado', '2025-11-07 19:54:31.683588+00', 'XP7074', 'RENAULT', 'CLIO EXPRESSION 1.6', 'Alexis Chavarria', 'completado', 'entregado', NULL, NULL, NULL, NULL, NULL, NULL, NULL, 3, 'camilo', NULL, NULL, 'Estado cambiado de completado a entregado', '2025-11-06 16:15:03.517113+00', '2025-11-07 19:54:31.681365+00', 1, 90000.00, 39000.00, 135000.00, '2025-11-07 19:54:31.69983+00');
INSERT INTO public.car_registroevento VALUES (67, 26, 35, 37, 'entrega', '2025-11-07 19:54:31.681365+00', 'XP7074', 'RENAULT', 'CLIO EXPRESSION 1.6', 'Alexis Chavarria', 'entregado', 'entregado', NULL, NULL, NULL, NULL, NULL, NULL, NULL, 3, 'camilo', NULL, NULL, 'Vehculo entregado al cliente', '2025-11-06 16:15:03.517113+00', '2025-11-07 19:54:31.681365+00', 1, 90000.00, 39000.00, 135000.00, '2025-11-07 19:54:31.736587+00');
INSERT INTO public.car_registroevento VALUES (68, NULL, 40, 44, 'diagnostico_creado', '2025-11-07 20:39:13.666473+00', 'XP7074', 'RENAULT', 'CLIO EXPRESSION 1.6', 'Alexis Chavarria', NULL, 'pendiente', NULL, NULL, NULL, NULL, NULL, NULL, NULL, 3, 'camilo', NULL, NULL, 'Diagnstico creado para vehculo XP7074', NULL, NULL, NULL, 0.00, 0.00, 0.00, '2025-11-07 20:39:13.668193+00');
INSERT INTO public.car_registroevento VALUES (69, 28, 40, 44, 'diagnostico_aprobado', '2025-11-07 20:39:19.64501+00', 'XP7074', 'RENAULT', 'CLIO EXPRESSION 1.6', 'Alexis Chavarria', 'aprobado', 'iniciado', NULL, NULL, NULL, NULL, NULL, NULL, NULL, 3, 'camilo', NULL, NULL, 'Diagnstico aprobado y convertido en trabajo #28 (aprobado 0 da(s) despus de su creacin)', '2025-11-07 20:39:19.604232+00', NULL, 0, 50000.00, 0.00, 50000.00, '2025-11-07 20:39:19.664187+00');
INSERT INTO public.car_registroevento VALUES (70, 28, 40, 44, 'ingreso', '2025-11-07 20:39:19.604232+00', 'XP7074', 'RENAULT', 'CLIO EXPRESSION 1.6', 'Alexis Chavarria', NULL, 'iniciado', NULL, NULL, NULL, NULL, NULL, NULL, NULL, 3, 'camilo', NULL, NULL, 'Vehculo ingresado al sistema', '2025-11-07 20:39:19.604232+00', NULL, 0, 50000.00, 0.00, 50000.00, '2025-11-07 20:39:19.729741+00');
INSERT INTO public.car_registroevento VALUES (71, NULL, 41, 45, 'diagnostico_creado', '2025-11-07 20:46:29.533472+00', 'TJ4953', 'CITROEN', 'SAXO VTS 1.6', 'Leonor Chacon', NULL, 'pendiente', NULL, NULL, NULL, NULL, NULL, NULL, NULL, 1, 'maxgonpe', NULL, NULL, 'Diagnstico creado para vehculo TJ4953', NULL, NULL, NULL, 0.00, 0.00, 0.00, '2025-11-07 20:46:29.534901+00');
INSERT INTO public.car_registroevento VALUES (72, NULL, 42, 46, 'diagnostico_creado', '2025-11-07 20:47:42.091341+00', 'TJ4955', 'CITROEN', 'XSARA SX 1.6', 'Leonor Chacon2', NULL, 'pendiente', NULL, NULL, NULL, NULL, NULL, NULL, NULL, 1, 'maxgonpe', NULL, NULL, 'Diagnstico creado para vehculo TJ4955', NULL, NULL, NULL, 0.00, 0.00, 0.00, '2025-11-07 20:47:42.092737+00');
INSERT INTO public.car_registroevento VALUES (73, NULL, 43, 47, 'diagnostico_creado', '2025-11-07 20:57:05.233068+00', 'ZV3004', 'TOYOTA', 'COROLLA XLI 1.6', 'Andrs Diaz', NULL, 'pendiente', NULL, NULL, NULL, NULL, NULL, NULL, NULL, 3, 'camilo', NULL, NULL, 'Diagnstico creado para vehculo ZV3004', NULL, NULL, NULL, 0.00, 0.00, 0.00, '2025-11-07 20:57:05.234822+00');
INSERT INTO public.car_registroevento VALUES (74, NULL, 44, 48, 'diagnostico_creado', '2025-11-07 21:03:24.827563+00', 'TJ4949', 'CITROEN', 'BERLINGO VU 1.9', 'maxito 2', NULL, 'pendiente', NULL, NULL, NULL, NULL, NULL, NULL, NULL, 1, 'maxgonpe', NULL, NULL, 'Diagnstico creado para vehculo TJ4949', NULL, NULL, NULL, 0.00, 0.00, 0.00, '2025-11-07 21:03:24.830485+00');
INSERT INTO public.car_registroevento VALUES (75, NULL, 45, 50, 'diagnostico_creado', '2025-11-10 13:50:58.293512+00', 'VP1797', 'PEUGEOT', '406 PACK 2.0 AUT', 'Camilo Urrutia', NULL, 'pendiente', NULL, NULL, NULL, NULL, NULL, NULL, NULL, 3, 'camilo', NULL, NULL, 'Diagnstico creado para vehculo VP1797', NULL, NULL, NULL, 0.00, 0.00, 0.00, '2025-11-10 13:50:58.296331+00');
INSERT INTO public.car_registroevento VALUES (76, NULL, 46, 51, 'diagnostico_creado', '2025-11-10 19:54:28.492043+00', 'JCTX12', 'SUZUKI', 'VITARA GLX 4X4 1.4 AUT', 'Arturo Fernndez', NULL, 'pendiente', NULL, NULL, NULL, NULL, NULL, NULL, NULL, 4, 'benjamin', NULL, NULL, 'Diagnstico creado para vehculo JCTX12', NULL, NULL, NULL, 0.00, 0.00, 0.00, '2025-11-10 19:54:28.493418+00');
INSERT INTO public.car_registroevento VALUES (77, 29, 36, 38, 'diagnostico_aprobado', '2025-11-10 20:04:15.134576+00', 'GYJX10', 'VOLKSWAGEN', 'TRANSPORTER KOMBI 2.0', 'Claudia Barraza', 'aprobado', 'iniciado', NULL, NULL, NULL, NULL, NULL, NULL, NULL, 3, 'camilo', NULL, NULL, 'Diagnstico aprobado y convertido en trabajo #29 (aprobado 3 da(s) despus de su creacin)', '2025-11-10 20:04:15.112698+00', NULL, 0, 400000.00, 0.00, 400000.00, '2025-11-10 20:04:15.145572+00');
INSERT INTO public.car_registroevento VALUES (78, 29, 36, 38, 'ingreso', '2025-11-10 20:04:15.112698+00', 'GYJX10', 'VOLKSWAGEN', 'TRANSPORTER KOMBI 2.0', 'Claudia Barraza', NULL, 'iniciado', NULL, NULL, NULL, NULL, NULL, NULL, NULL, 3, 'camilo', NULL, NULL, 'Vehculo ingresado al sistema', '2025-11-10 20:04:15.112698+00', NULL, 0, 400000.00, 0.00, 400000.00, '2025-11-10 20:04:15.188558+00');
INSERT INTO public.car_registroevento VALUES (79, 29, 36, 38, 'abono', '2025-11-10 20:06:28.725915+00', 'GYJX10', 'VOLKSWAGEN', 'TRANSPORTER KOMBI 2.0', 'Claudia Barraza', NULL, 'iniciado', NULL, NULL, NULL, NULL, NULL, NULL, 820000.00, 3, 'camilo', NULL, NULL, 'Abono recibido: $820000 - Transferencia', '2025-11-10 20:04:15.112698+00', NULL, 0, 400000.00, 860000.00, 1220000.00, '2025-11-10 20:06:28.742499+00');
INSERT INTO public.car_registroevento VALUES (80, 30, 46, 51, 'diagnostico_aprobado', '2025-11-10 20:09:07.809579+00', 'JCTX12', 'SUZUKI', 'VITARA GLX 4X4 1.4 AUT', 'Arturo Fernndez', 'aprobado', 'iniciado', NULL, NULL, NULL, NULL, NULL, NULL, NULL, 3, 'camilo', NULL, NULL, 'Diagnstico aprobado y convertido en trabajo #30 (aprobado 0 da(s) despus de su creacin)', '2025-11-10 20:09:07.790378+00', NULL, 0, 25000.00, 0.00, 25000.00, '2025-11-10 20:09:07.820536+00');
INSERT INTO public.car_registroevento VALUES (81, 30, 46, 51, 'ingreso', '2025-11-10 20:09:07.790378+00', 'JCTX12', 'SUZUKI', 'VITARA GLX 4X4 1.4 AUT', 'Arturo Fernndez', NULL, 'iniciado', NULL, NULL, NULL, NULL, NULL, NULL, NULL, 3, 'camilo', NULL, NULL, 'Vehculo ingresado al sistema', '2025-11-10 20:09:07.790378+00', NULL, 0, 25000.00, 0.00, 25000.00, '2025-11-10 20:09:07.870096+00');
INSERT INTO public.car_registroevento VALUES (82, 30, 46, 51, 'cambio_estado', '2025-11-10 20:09:26.35935+00', 'JCTX12', 'SUZUKI', 'VITARA GLX 4X4 1.4 AUT', 'Arturo Fernndez', 'iniciado', 'trabajando', NULL, NULL, NULL, NULL, NULL, NULL, NULL, 3, 'camilo', NULL, NULL, 'Estado cambiado de iniciado a trabajando', '2025-11-10 20:09:26.359278+00', NULL, 0, 25000.00, 0.00, 25000.00, '2025-11-10 20:09:26.373899+00');
INSERT INTO public.car_registroevento VALUES (83, 30, 46, 51, 'mecanico_asignado', '2025-11-10 20:09:26.4272+00', 'JCTX12', 'SUZUKI', 'VITARA GLX 4X4 1.4 AUT', 'Arturo Fernndez', NULL, 'trabajando', NULL, NULL, NULL, NULL, NULL, NULL, NULL, 3, 'camilo', 2, 'Bejamin Mondaca', 'Mecnico asignado: Bejamin Mondaca', '2025-11-10 20:09:26.359278+00', NULL, 0, 25000.00, 0.00, 25000.00, '2025-11-10 20:09:26.434621+00');
INSERT INTO public.car_registroevento VALUES (84, 30, 46, 51, 'cambio_estado', '2025-11-10 20:10:43.476461+00', 'JCTX12', 'SUZUKI', 'VITARA GLX 4X4 1.4 AUT', 'Arturo Fernndez', 'trabajando', 'completado', NULL, NULL, NULL, NULL, NULL, NULL, NULL, 3, 'camilo', NULL, NULL, 'Estado cambiado de trabajando a completado', '2025-11-10 20:09:26.359278+00', NULL, 0, 25000.00, 0.00, 25000.00, '2025-11-10 20:10:43.499902+00');
INSERT INTO public.car_registroevento VALUES (85, NULL, 47, 52, 'diagnostico_creado', '2025-11-10 20:23:04.489279+00', 'GKVV29', 'CHEVROLET', 'SAIL II 1.4', 'Carolina Lpez', NULL, 'pendiente', NULL, NULL, NULL, NULL, NULL, NULL, NULL, 4, 'benjamin', NULL, NULL, 'Diagnstico creado para vehculo GKVV29', NULL, NULL, NULL, 0.00, 0.00, 0.00, '2025-11-10 20:23:04.491503+00');
INSERT INTO public.car_registroevento VALUES (86, 31, 47, 52, 'diagnostico_aprobado', '2025-11-10 20:34:33.983346+00', 'GKVV29', 'CHEVROLET', 'SAIL II 1.4', 'Carolina Lpez', 'aprobado', 'iniciado', NULL, NULL, NULL, NULL, NULL, NULL, NULL, 3, 'camilo', NULL, NULL, 'Diagnstico aprobado y convertido en trabajo #31 (aprobado 0 da(s) despus de su creacin)', '2025-11-10 20:34:33.94609+00', NULL, 0, 15000.00, 0.00, 15000.00, '2025-11-10 20:34:34.010233+00');
INSERT INTO public.car_registroevento VALUES (87, 31, 47, 52, 'ingreso', '2025-11-10 20:34:33.94609+00', 'GKVV29', 'CHEVROLET', 'SAIL II 1.4', 'Carolina Lpez', NULL, 'iniciado', NULL, NULL, NULL, NULL, NULL, NULL, NULL, 3, 'camilo', NULL, NULL, 'Vehculo ingresado al sistema', '2025-11-10 20:34:33.94609+00', NULL, 0, 15000.00, 0.00, 15000.00, '2025-11-10 20:34:34.073732+00');
INSERT INTO public.car_registroevento VALUES (88, 31, 47, 52, 'cambio_estado', '2025-11-10 20:45:53.030672+00', 'GKVV29', 'CHEVROLET', 'SAIL II 1.4', 'Carolina Lpez', 'iniciado', 'trabajando', NULL, NULL, NULL, NULL, NULL, NULL, NULL, 3, 'camilo', NULL, NULL, 'Estado cambiado de iniciado a trabajando', '2025-11-10 20:45:53.030599+00', NULL, 0, 15000.00, 0.00, 15000.00, '2025-11-10 20:45:53.045494+00');
INSERT INTO public.car_registroevento VALUES (89, 31, 47, 52, 'mecanico_asignado', '2025-11-10 20:45:53.10495+00', 'GKVV29', 'CHEVROLET', 'SAIL II 1.4', 'Carolina Lpez', NULL, 'trabajando', NULL, NULL, NULL, NULL, NULL, NULL, NULL, 3, 'camilo', 2, 'Bejamin Mondaca', 'Mecnico asignado: Bejamin Mondaca', '2025-11-10 20:45:53.030599+00', NULL, 0, 15000.00, 0.00, 15000.00, '2025-11-10 20:45:53.11613+00');
INSERT INTO public.car_registroevento VALUES (90, NULL, 48, 53, 'diagnostico_creado', '2025-11-11 12:09:46.466214+00', 'WP7442', 'CHEVROLET', 'CHEVY TAXI II PWR 1.6', 'Hctor Humaa Sepulveda', NULL, 'pendiente', NULL, NULL, NULL, NULL, NULL, NULL, NULL, 3, 'camilo', NULL, NULL, 'Diagnstico creado para vehculo WP7442', NULL, NULL, NULL, 0.00, 0.00, 0.00, '2025-11-11 12:09:46.468538+00');
INSERT INTO public.car_registroevento VALUES (91, 32, 48, 53, 'diagnostico_aprobado', '2025-11-11 12:09:53.283734+00', 'WP7442', 'CHEVROLET', 'CHEVY TAXI II PWR 1.6', 'Hctor Humaa Sepulveda', 'aprobado', 'iniciado', NULL, NULL, NULL, NULL, NULL, NULL, NULL, 3, 'camilo', NULL, NULL, 'Diagnstico aprobado y convertido en trabajo #32 (aprobado 0 da(s) despus de su creacin)', '2025-11-11 12:09:53.265293+00', NULL, 0, 140000.00, 0.00, 140000.00, '2025-11-11 12:09:53.296593+00');
INSERT INTO public.car_registroevento VALUES (92, 32, 48, 53, 'ingreso', '2025-11-11 12:09:53.265293+00', 'WP7442', 'CHEVROLET', 'CHEVY TAXI II PWR 1.6', 'Hctor Humaa Sepulveda', NULL, 'iniciado', NULL, NULL, NULL, NULL, NULL, NULL, NULL, 3, 'camilo', NULL, NULL, 'Vehculo ingresado al sistema', '2025-11-11 12:09:53.265293+00', NULL, 0, 140000.00, 0.00, 140000.00, '2025-11-11 12:09:53.358753+00');
INSERT INTO public.car_registroevento VALUES (93, 32, 48, 53, 'cambio_estado', '2025-11-11 13:52:48.694844+00', 'WP7442', 'CHEVROLET', 'CHEVY TAXI II PWR 1.6', 'Hctor Humaa Sepulveda', 'iniciado', 'trabajando', NULL, NULL, NULL, NULL, NULL, NULL, NULL, 3, 'camilo', NULL, NULL, 'Estado cambiado de iniciado a trabajando', '2025-11-11 13:52:48.694768+00', NULL, 0, 140000.00, 0.00, 140000.00, '2025-11-11 13:52:48.71377+00');
INSERT INTO public.car_registroevento VALUES (94, 32, 48, 53, 'mecanico_asignado', '2025-11-11 13:52:48.76715+00', 'WP7442', 'CHEVROLET', 'CHEVY TAXI II PWR 1.6', 'Hctor Humaa Sepulveda', NULL, 'trabajando', NULL, NULL, NULL, NULL, NULL, NULL, NULL, 3, 'camilo', 8, 'Carlos Arancibia', 'Mecnico asignado: Carlos Arancibia', '2025-11-11 13:52:48.694768+00', NULL, 0, 140000.00, 0.00, 140000.00, '2025-11-11 13:52:48.77238+00');
INSERT INTO public.car_registroevento VALUES (95, 25, 26, 26, 'cambio_estado', '2025-11-11 14:41:50.854663+00', 'DSVT44', 'CHEVROLET', 'OPTRA LS LIMITED 1.6', 'Leonardo Araya', 'trabajando', 'completado', NULL, NULL, NULL, NULL, NULL, NULL, NULL, 3, 'camilo', NULL, NULL, 'Estado cambiado de trabajando a completado', '2025-11-06 10:58:07.369773+00', NULL, 5, 350000.00, 307600.00, 758600.00, '2025-11-11 14:41:50.872118+00');
INSERT INTO public.car_registroevento VALUES (96, 28, 40, 37, 'cambio_estado', '2025-11-11 15:38:24.960649+00', 'XP7074', 'RENAULT', 'CLIO EXPRESSION 1.6', 'Alexis Chavarria', 'iniciado', 'trabajando', NULL, NULL, NULL, NULL, NULL, NULL, NULL, 3, 'camilo', NULL, NULL, 'Estado cambiado de iniciado a trabajando', '2025-11-11 15:38:24.960534+00', NULL, 0, 50000.00, 32000.00, 82000.00, '2025-11-11 15:38:24.979773+00');
INSERT INTO public.car_registroevento VALUES (97, 28, 40, 37, 'mecanico_asignado', '2025-11-11 15:38:25.036594+00', 'XP7074', 'RENAULT', 'CLIO EXPRESSION 1.6', 'Alexis Chavarria', NULL, 'trabajando', NULL, NULL, NULL, NULL, NULL, NULL, NULL, 3, 'camilo', 8, 'Carlos Arancibia', 'Mecnico asignado: Carlos Arancibia', '2025-11-11 15:38:24.960534+00', NULL, 0, 50000.00, 32000.00, 82000.00, '2025-11-11 15:38:25.044741+00');
INSERT INTO public.car_registroevento VALUES (98, 25, 26, 26, 'abono', '2025-11-11 16:24:22.985004+00', 'DSVT44', 'CHEVROLET', 'OPTRA LS LIMITED 1.6', 'Leonardo Araya', NULL, 'completado', NULL, NULL, NULL, NULL, NULL, NULL, 455000.00, 3, 'camilo', NULL, NULL, 'Abono recibido: $455000 - Efectivo', '2025-11-06 10:58:07.369773+00', NULL, 5, 350000.00, 307600.00, 755000.00, '2025-11-11 16:24:23.00483+00');
INSERT INTO public.car_registroevento VALUES (99, 25, 26, 26, 'cambio_estado', '2025-11-11 16:24:29.26617+00', 'DSVT44', 'CHEVROLET', 'OPTRA LS LIMITED 1.6', 'Leonardo Araya', 'completado', 'entregado', NULL, NULL, NULL, NULL, NULL, NULL, NULL, 3, 'camilo', NULL, NULL, 'Estado cambiado de completado a entregado', '2025-11-06 10:58:07.369773+00', '2025-11-11 16:24:29.263066+00', 5, 350000.00, 307600.00, 755000.00, '2025-11-11 16:24:29.281708+00');
INSERT INTO public.car_registroevento VALUES (100, 25, 26, 26, 'entrega', '2025-11-11 16:24:29.263066+00', 'DSVT44', 'CHEVROLET', 'OPTRA LS LIMITED 1.6', 'Leonardo Araya', 'entregado', 'entregado', NULL, NULL, NULL, NULL, NULL, NULL, NULL, 3, 'camilo', NULL, NULL, 'Vehculo entregado al cliente', '2025-11-06 10:58:07.369773+00', '2025-11-11 16:24:29.263066+00', 5, 350000.00, 307600.00, 755000.00, '2025-11-11 16:24:29.336084+00');
INSERT INTO public.car_registroevento VALUES (101, 25, 26, 26, 'cambio_estado', '2025-11-11 16:24:41.489558+00', 'DSVT44', 'CHEVROLET', 'OPTRA LS LIMITED 1.6', 'Leonardo Araya', 'entregado', 'entregado', NULL, NULL, NULL, NULL, NULL, NULL, NULL, 3, 'camilo', NULL, NULL, 'Estado cambiado de entregado a entregado', '2025-11-06 10:58:07.369773+00', '2025-11-11 16:24:41.48761+00', 5, 350000.00, 307600.00, 755000.00, '2025-11-11 16:24:41.499199+00');
INSERT INTO public.car_registroevento VALUES (102, 25, 26, 26, 'entrega', '2025-11-11 16:24:41.48761+00', 'DSVT44', 'CHEVROLET', 'OPTRA LS LIMITED 1.6', 'Leonardo Araya', 'entregado', 'entregado', NULL, NULL, NULL, NULL, NULL, NULL, NULL, 3, 'camilo', NULL, NULL, 'Vehculo entregado al cliente', '2025-11-06 10:58:07.369773+00', '2025-11-11 16:24:41.48761+00', 5, 350000.00, 307600.00, 755000.00, '2025-11-11 16:24:41.546307+00');
INSERT INTO public.car_registroevento VALUES (103, 30, 46, 51, 'abono', '2025-11-11 16:42:25.733395+00', 'JCTX12', 'SUZUKI', 'VITARA GLX 4X4 1.4 AUT', 'Arturo Fernndez', NULL, 'completado', NULL, NULL, NULL, NULL, NULL, NULL, 25000.00, 3, 'camilo', NULL, NULL, 'Abono recibido: $25000 - Tarjeta', '2025-11-10 20:09:26.359278+00', NULL, 0, 25000.00, 0.00, 25000.00, '2025-11-11 16:42:25.75538+00');
INSERT INTO public.car_registroevento VALUES (104, 30, 46, 51, 'cambio_estado', '2025-11-11 16:42:29.351161+00', 'JCTX12', 'SUZUKI', 'VITARA GLX 4X4 1.4 AUT', 'Arturo Fernndez', 'completado', 'entregado', NULL, NULL, NULL, NULL, NULL, NULL, NULL, 3, 'camilo', NULL, NULL, 'Estado cambiado de completado a entregado', '2025-11-10 20:09:26.359278+00', '2025-11-11 16:42:29.348901+00', 0, 25000.00, 0.00, 25000.00, '2025-11-11 16:42:29.360554+00');
INSERT INTO public.car_registroevento VALUES (105, 30, 46, 51, 'entrega', '2025-11-11 16:42:29.348901+00', 'JCTX12', 'SUZUKI', 'VITARA GLX 4X4 1.4 AUT', 'Arturo Fernndez', 'entregado', 'entregado', NULL, NULL, NULL, NULL, NULL, NULL, NULL, 3, 'camilo', NULL, NULL, 'Vehculo entregado al cliente', '2025-11-10 20:09:26.359278+00', '2025-11-11 16:42:29.348901+00', 0, 25000.00, 0.00, 25000.00, '2025-11-11 16:42:29.44829+00');
INSERT INTO public.car_registroevento VALUES (106, 31, 47, 52, 'abono', '2025-11-11 17:26:45.505571+00', 'GKVV29', 'CHEVROLET', 'SAIL II 1.4', 'Carolina Lpez', NULL, 'trabajando', NULL, NULL, NULL, NULL, NULL, NULL, 165000.00, 3, 'camilo', NULL, NULL, 'Abono recibido: $165000 - Efectivo', '2025-11-10 20:45:53.030599+00', NULL, 0, 85000.00, 110800.00, 195800.00, '2025-11-11 17:26:45.528574+00');
INSERT INTO public.car_registroevento VALUES (107, 31, 47, 52, 'cambio_estado', '2025-11-11 17:29:23.954623+00', 'GKVV29', 'CHEVROLET', 'SAIL II 1.4', 'Carolina Lpez', 'trabajando', 'completado', NULL, NULL, NULL, NULL, NULL, NULL, NULL, 3, 'camilo', NULL, NULL, 'Estado cambiado de trabajando a completado', '2025-11-10 20:45:53.030599+00', NULL, 0, 85000.00, 115800.00, 174800.00, '2025-11-11 17:29:23.96795+00');
INSERT INTO public.car_registroevento VALUES (108, 28, 40, 37, 'cambio_estado', '2025-11-11 18:02:42.445484+00', 'XP7074', 'RENAULT', 'CLIO EXPRESSION 1.6', 'Alexis Chavarria', 'trabajando', 'completado', NULL, NULL, NULL, NULL, NULL, NULL, NULL, 3, 'camilo', NULL, NULL, 'Estado cambiado de trabajando a completado', '2025-11-11 15:38:24.960534+00', NULL, 0, 50000.00, 101000.00, 145000.00, '2025-11-11 18:02:42.455634+00');
INSERT INTO public.car_registroevento VALUES (109, NULL, 49, 50, 'diagnostico_creado', '2025-11-12 11:07:56.354481+00', 'VP1797', 'PEUGEOT', '406 PACK 2.0 AUT', 'Camilo Urrutia', NULL, 'pendiente', NULL, NULL, NULL, NULL, NULL, NULL, NULL, 3, 'camilo', NULL, NULL, 'Diagnstico creado para vehculo VP1797', NULL, NULL, NULL, 0.00, 0.00, 0.00, '2025-11-12 11:07:56.369264+00');
INSERT INTO public.car_registroevento VALUES (110, NULL, 50, 50, 'diagnostico_creado', '2025-11-12 11:15:26.704484+00', 'VP1797', 'PEUGEOT', '406 PACK 2.0 AUT', 'Camilo Urrutia', NULL, 'pendiente', NULL, NULL, NULL, NULL, NULL, NULL, NULL, 3, 'camilo', NULL, NULL, 'Diagnstico creado para vehculo VP1797', NULL, NULL, NULL, 0.00, 0.00, 0.00, '2025-11-12 11:15:26.707085+00');
INSERT INTO public.car_registroevento VALUES (111, NULL, 51, 54, 'diagnostico_creado', '2025-11-12 12:45:30.832346+00', 'FJKP10', 'CHEVROLET', 'SAIL II 1.4', 'Rosa Tapia', NULL, 'pendiente', NULL, NULL, NULL, NULL, NULL, NULL, NULL, 4, 'benjamin', NULL, NULL, 'Diagnstico creado para vehculo FJKP10', NULL, NULL, NULL, 0.00, 0.00, 0.00, '2025-11-12 12:45:30.835173+00');
INSERT INTO public.car_registroevento VALUES (112, 33, 51, 54, 'diagnostico_aprobado', '2025-11-12 14:12:13.580025+00', 'FJKP10', 'CHEVROLET', 'SAIL II 1.4', 'Rosa Tapia', 'aprobado', 'iniciado', NULL, NULL, NULL, NULL, NULL, NULL, NULL, 3, 'camilo', NULL, NULL, 'Diagnstico aprobado y convertido en trabajo #33 (aprobado 0 da(s) despus de su creacin)', '2025-11-12 14:12:13.551256+00', NULL, 0, 25000.00, 0.00, 25000.00, '2025-11-12 14:12:13.594817+00');
INSERT INTO public.car_registroevento VALUES (113, 33, 51, 54, 'ingreso', '2025-11-12 14:12:13.551256+00', 'FJKP10', 'CHEVROLET', 'SAIL II 1.4', 'Rosa Tapia', NULL, 'iniciado', NULL, NULL, NULL, NULL, NULL, NULL, NULL, 3, 'camilo', NULL, NULL, 'Vehculo ingresado al sistema', '2025-11-12 14:12:13.551256+00', NULL, 0, 25000.00, 0.00, 25000.00, '2025-11-12 14:12:13.672391+00');
INSERT INTO public.car_registroevento VALUES (114, 33, 51, 54, 'cambio_estado', '2025-11-12 14:12:31.402993+00', 'FJKP10', 'CHEVROLET', 'SAIL II 1.4', 'Rosa Tapia', 'iniciado', 'completado', NULL, NULL, NULL, NULL, NULL, NULL, NULL, 3, 'camilo', NULL, NULL, 'Estado cambiado de iniciado a completado', '2025-11-12 14:12:13.551256+00', NULL, 0, 25000.00, 0.00, 25000.00, '2025-11-12 14:12:31.412233+00');
INSERT INTO public.car_registroevento VALUES (115, NULL, 52, 54, 'diagnostico_creado', '2025-11-12 14:19:19.493996+00', 'FJKP10', 'CHEVROLET', 'SAIL II 1.4', 'Rosa Tapia', NULL, 'pendiente', NULL, NULL, NULL, NULL, NULL, NULL, NULL, 3, 'camilo', NULL, NULL, 'Diagnstico creado para vehculo FJKP10', NULL, NULL, NULL, 0.00, 0.00, 0.00, '2025-11-12 14:19:19.503288+00');
INSERT INTO public.car_registroevento VALUES (116, 33, 51, 54, 'mecanico_asignado', '2025-11-12 14:24:55.336404+00', 'FJKP10', 'CHEVROLET', 'SAIL II 1.4', 'Rosa Tapia', NULL, 'completado', NULL, NULL, NULL, NULL, NULL, NULL, NULL, 3, 'camilo', 2, 'Bejamin Mondaca', 'Mecnico asignado: Bejamin Mondaca', '2025-11-12 14:12:13.551256+00', NULL, 0, 25000.00, 0.00, 25000.00, '2025-11-12 14:24:55.348626+00');
INSERT INTO public.car_registroevento VALUES (117, 33, 51, 54, 'abono', '2025-11-12 14:25:07.912453+00', 'FJKP10', 'CHEVROLET', 'SAIL II 1.4', 'Rosa Tapia', NULL, 'completado', NULL, NULL, NULL, NULL, NULL, NULL, 25000.00, 3, 'camilo', NULL, NULL, 'Abono recibido: $25000 - Tarjeta', '2025-11-12 14:12:13.551256+00', NULL, 0, 25000.00, 0.00, 25000.00, '2025-11-12 14:25:07.934965+00');
INSERT INTO public.car_registroevento VALUES (118, 33, 51, 54, 'cambio_estado', '2025-11-12 14:25:11.846322+00', 'FJKP10', 'CHEVROLET', 'SAIL II 1.4', 'Rosa Tapia', 'completado', 'entregado', NULL, NULL, NULL, NULL, NULL, NULL, NULL, 3, 'camilo', NULL, NULL, 'Estado cambiado de completado a entregado', '2025-11-12 14:12:13.551256+00', '2025-11-12 14:25:11.841171+00', 0, 25000.00, 0.00, 25000.00, '2025-11-12 14:25:11.860287+00');
INSERT INTO public.car_registroevento VALUES (119, 33, 51, 54, 'entrega', '2025-11-12 14:25:11.841171+00', 'FJKP10', 'CHEVROLET', 'SAIL II 1.4', 'Rosa Tapia', 'entregado', 'entregado', NULL, NULL, NULL, NULL, NULL, NULL, NULL, 3, 'camilo', NULL, NULL, 'Vehculo entregado al cliente', '2025-11-12 14:12:13.551256+00', '2025-11-12 14:25:11.841171+00', 0, 25000.00, 0.00, 25000.00, '2025-11-12 14:25:11.914156+00');
INSERT INTO public.car_registroevento VALUES (120, 32, 48, 53, 'cambio_estado', '2025-11-12 18:14:18.258667+00', 'WP7442', 'CHEVROLET', 'CHEVY TAXI II PWR 1.6', 'Hctor Humaa Sepulveda', 'trabajando', 'completado', NULL, NULL, NULL, NULL, NULL, NULL, NULL, 3, 'camilo', NULL, NULL, 'Estado cambiado de trabajando a completado', '2025-11-11 13:52:48.694768+00', NULL, 1, 140000.00, 130000.00, 239000.00, '2025-11-12 18:14:18.271559+00');
INSERT INTO public.car_registroevento VALUES (121, 32, 48, 53, 'cambio_estado', '2025-11-12 18:16:07.919051+00', 'WP7442', 'CHEVROLET', 'CHEVY TAXI II PWR 1.6', 'Hctor Humaa Sepulveda', 'completado', 'entregado', NULL, NULL, NULL, NULL, NULL, NULL, NULL, 3, 'camilo', NULL, NULL, 'Estado cambiado de completado a entregado', '2025-11-11 13:52:48.694768+00', '2025-11-12 18:16:07.910279+00', 1, 140000.00, 130000.00, 239000.00, '2025-11-12 18:16:07.937628+00');
INSERT INTO public.car_registroevento VALUES (122, 32, 48, 53, 'entrega', '2025-11-12 18:16:07.910279+00', 'WP7442', 'CHEVROLET', 'CHEVY TAXI II PWR 1.6', 'Hctor Humaa Sepulveda', 'entregado', 'entregado', NULL, NULL, NULL, NULL, NULL, NULL, NULL, 3, 'camilo', NULL, NULL, 'Vehculo entregado al cliente', '2025-11-11 13:52:48.694768+00', '2025-11-12 18:16:07.910279+00', 1, 140000.00, 130000.00, 239000.00, '2025-11-12 18:16:07.98635+00');
INSERT INTO public.car_registroevento VALUES (123, 34, 52, 54, 'diagnostico_aprobado', '2025-11-12 18:20:35.225477+00', 'FJKP10', 'CHEVROLET', 'SAIL II 1.4', 'Rosa Tapia', 'aprobado', 'iniciado', NULL, NULL, NULL, NULL, NULL, NULL, NULL, 3, 'camilo', NULL, NULL, 'Diagnstico aprobado y convertido en trabajo #34 (aprobado 0 da(s) despus de su creacin)', '2025-11-12 18:20:35.193875+00', NULL, 0, 150000.00, 0.00, 150000.00, '2025-11-12 18:20:35.239505+00');
INSERT INTO public.car_registroevento VALUES (124, 34, 52, 54, 'ingreso', '2025-11-12 18:20:35.193875+00', 'FJKP10', 'CHEVROLET', 'SAIL II 1.4', 'Rosa Tapia', NULL, 'iniciado', NULL, NULL, NULL, NULL, NULL, NULL, NULL, 3, 'camilo', NULL, NULL, 'Vehculo ingresado al sistema', '2025-11-12 18:20:35.193875+00', NULL, 0, 150000.00, 0.00, 150000.00, '2025-11-12 18:20:35.283401+00');
INSERT INTO public.car_registroevento VALUES (125, 34, 52, 54, 'abono', '2025-11-12 18:21:10.218383+00', 'FJKP10', 'CHEVROLET', 'SAIL II 1.4', 'Rosa Tapia', NULL, 'iniciado', NULL, NULL, NULL, NULL, NULL, NULL, 90000.00, 3, 'camilo', NULL, NULL, 'Abono recibido: $90000 - Transferencia', '2025-11-12 18:20:35.193875+00', NULL, 0, 150000.00, 0.00, 150000.00, '2025-11-12 18:21:10.245749+00');
INSERT INTO public.car_registroevento VALUES (126, NULL, 53, 55, 'diagnostico_creado', '2025-11-13 12:32:52.776763+00', 'BSJL29', 'HYUNDAI', 'ACCENT GL PS 1.4', 'ngela Oyanedel', NULL, 'pendiente', NULL, NULL, NULL, NULL, NULL, NULL, NULL, 3, 'camilo', NULL, NULL, 'Diagnstico creado para vehculo BSJL29', NULL, NULL, NULL, 0.00, 0.00, 0.00, '2025-11-13 12:32:52.779497+00');
INSERT INTO public.car_registroevento VALUES (127, 35, 53, 55, 'diagnostico_aprobado', '2025-11-13 12:33:09.123962+00', 'BSJL29', 'HYUNDAI', 'ACCENT GL PS 1.4', 'ngela Oyanedel', 'aprobado', 'iniciado', NULL, NULL, NULL, NULL, NULL, NULL, NULL, 3, 'camilo', NULL, NULL, 'Diagnstico aprobado y convertido en trabajo #35 (aprobado 0 da(s) despus de su creacin)', '2025-11-13 12:33:09.102298+00', NULL, 0, 70000.00, 0.00, 70000.00, '2025-11-13 12:33:09.137231+00');
INSERT INTO public.car_registroevento VALUES (128, 35, 53, 55, 'ingreso', '2025-11-13 12:33:09.102298+00', 'BSJL29', 'HYUNDAI', 'ACCENT GL PS 1.4', 'ngela Oyanedel', NULL, 'iniciado', NULL, NULL, NULL, NULL, NULL, NULL, NULL, 3, 'camilo', NULL, NULL, 'Vehculo ingresado al sistema', '2025-11-13 12:33:09.102298+00', NULL, 0, 70000.00, 0.00, 70000.00, '2025-11-13 12:33:09.175302+00');
INSERT INTO public.car_registroevento VALUES (129, 35, 53, 55, 'cambio_estado', '2025-11-13 12:33:25.155694+00', 'BSJL29', 'HYUNDAI', 'ACCENT GL PS 1.4', 'ngela Oyanedel', 'iniciado', 'trabajando', NULL, NULL, NULL, NULL, NULL, NULL, NULL, 3, 'camilo', NULL, NULL, 'Estado cambiado de iniciado a trabajando', '2025-11-13 12:33:25.155636+00', NULL, 0, 70000.00, 0.00, 70000.00, '2025-11-13 12:33:25.169258+00');
INSERT INTO public.car_registroevento VALUES (130, 35, 53, 55, 'mecanico_asignado', '2025-11-13 12:33:25.218049+00', 'BSJL29', 'HYUNDAI', 'ACCENT GL PS 1.4', 'ngela Oyanedel', NULL, 'trabajando', NULL, NULL, NULL, NULL, NULL, NULL, NULL, 3, 'camilo', 8, 'Carlos Arancibia', 'Mecnico asignado: Carlos Arancibia', '2025-11-13 12:33:25.155636+00', NULL, 0, 70000.00, 0.00, 70000.00, '2025-11-13 12:33:25.223928+00');
INSERT INTO public.car_registroevento VALUES (131, 29, 36, 38, 'cambio_estado', '2025-11-13 15:48:14.724919+00', 'GYJX10', 'VOLKSWAGEN', 'TRANSPORTER KOMBI 2.0', 'Claudia Barraza', 'iniciado', 'trabajando', NULL, NULL, NULL, NULL, NULL, NULL, NULL, 3, 'camilo', NULL, NULL, 'Estado cambiado de iniciado a trabajando', '2025-11-13 15:48:14.724811+00', NULL, 0, 400000.00, 860000.00, 1220000.00, '2025-11-13 15:48:14.739014+00');
INSERT INTO public.car_registroevento VALUES (132, 29, 36, 38, 'mecanico_asignado', '2025-11-13 15:48:14.807826+00', 'GYJX10', 'VOLKSWAGEN', 'TRANSPORTER KOMBI 2.0', 'Claudia Barraza', NULL, 'trabajando', NULL, NULL, NULL, NULL, NULL, NULL, NULL, 3, 'camilo', 2, 'Bejamin Mondaca', 'Mecnico asignado: Bejamin Mondaca', '2025-11-13 15:48:14.724811+00', NULL, 0, 400000.00, 860000.00, 1220000.00, '2025-11-13 15:48:14.819143+00');
INSERT INTO public.car_registroevento VALUES (133, 35, 53, 55, 'cambio_estado', '2025-11-13 16:11:47.963492+00', 'BSJL29', 'HYUNDAI', 'ACCENT GL PS 1.4', 'ngela Oyanedel', 'trabajando', 'completado', NULL, NULL, NULL, NULL, NULL, NULL, NULL, 3, 'camilo', NULL, NULL, 'Estado cambiado de trabajando a completado', '2025-11-13 12:33:25.155636+00', NULL, 0, 70000.00, 70000.00, 126000.00, '2025-11-13 16:11:47.975849+00');
INSERT INTO public.car_registroevento VALUES (134, 35, 53, 55, 'cambio_estado', '2025-11-13 16:14:17.778061+00', 'BSJL29', 'HYUNDAI', 'ACCENT GL PS 1.4', 'ngela Oyanedel', 'completado', 'entregado', NULL, NULL, NULL, NULL, NULL, NULL, NULL, 3, 'camilo', NULL, NULL, 'Estado cambiado de completado a entregado', '2025-11-13 12:33:25.155636+00', '2025-11-13 16:14:17.775743+00', 0, 70000.00, 70000.00, 126000.00, '2025-11-13 16:14:17.789871+00');
INSERT INTO public.car_registroevento VALUES (135, 35, 53, 55, 'entrega', '2025-11-13 16:14:17.775743+00', 'BSJL29', 'HYUNDAI', 'ACCENT GL PS 1.4', 'ngela Oyanedel', 'entregado', 'entregado', NULL, NULL, NULL, NULL, NULL, NULL, NULL, 3, 'camilo', NULL, NULL, 'Vehculo entregado al cliente', '2025-11-13 12:33:25.155636+00', '2025-11-13 16:14:17.775743+00', 0, 70000.00, 70000.00, 126000.00, '2025-11-13 16:14:17.837057+00');
INSERT INTO public.car_registroevento VALUES (136, 35, 53, 55, 'abono', '2025-11-13 16:15:22.074158+00', 'BSJL29', 'HYUNDAI', 'ACCENT GL PS 1.4', 'ngela Oyanedel', NULL, 'entregado', NULL, NULL, NULL, NULL, NULL, NULL, 77000.00, 3, 'camilo', NULL, NULL, 'Abono recibido: $77000 - Tarjeta', '2025-11-13 12:33:25.155636+00', '2025-11-13 16:14:17.775743+00', 0, 70000.00, 70000.00, 126000.00, '2025-11-13 16:15:22.08721+00');
INSERT INTO public.car_registroevento VALUES (137, 29, 36, 38, 'cambio_estado', '2025-11-13 19:45:13.761706+00', 'GYJX10', 'VOLKSWAGEN', 'TRANSPORTER KOMBI 2.0', 'Claudia Barraza', 'trabajando', 'completado', NULL, NULL, NULL, NULL, NULL, NULL, NULL, 3, 'camilo', NULL, NULL, 'Estado cambiado de trabajando a completado', '2025-11-13 15:48:14.724811+00', NULL, 0, 400000.00, 896000.00, 1262000.00, '2025-11-13 19:45:13.773472+00');
INSERT INTO public.car_registroevento VALUES (138, 29, 36, 38, 'cambio_estado', '2025-11-13 19:47:31.282538+00', 'GYJX10', 'VOLKSWAGEN', 'TRANSPORTER KOMBI 2.0', 'Claudia Barraza', 'completado', 'completado', NULL, NULL, NULL, NULL, NULL, NULL, NULL, 3, 'camilo', NULL, NULL, 'Estado cambiado de completado a completado', '2025-11-13 15:48:14.724811+00', NULL, 0, 400000.00, 896000.00, 1262000.00, '2025-11-13 19:47:31.295007+00');
INSERT INTO public.car_registroevento VALUES (139, 29, 36, 38, 'cambio_estado', '2025-11-13 19:53:27.263174+00', 'GYJX10', 'VOLKSWAGEN', 'TRANSPORTER KOMBI 2.0', 'Claudia Barraza', 'completado', 'entregado', NULL, NULL, NULL, NULL, NULL, NULL, NULL, 3, 'camilo', NULL, NULL, 'Estado cambiado de completado a entregado', '2025-11-13 15:48:14.724811+00', '2025-11-13 19:53:27.260393+00', 0, 400000.00, 896000.00, 1262000.00, '2025-11-13 19:53:27.276474+00');
INSERT INTO public.car_registroevento VALUES (140, 29, 36, 38, 'entrega', '2025-11-13 19:53:27.260393+00', 'GYJX10', 'VOLKSWAGEN', 'TRANSPORTER KOMBI 2.0', 'Claudia Barraza', 'entregado', 'entregado', NULL, NULL, NULL, NULL, NULL, NULL, NULL, 3, 'camilo', NULL, NULL, 'Vehculo entregado al cliente', '2025-11-13 15:48:14.724811+00', '2025-11-13 19:53:27.260393+00', 0, 400000.00, 896000.00, 1262000.00, '2025-11-13 19:53:27.324513+00');
INSERT INTO public.car_registroevento VALUES (141, NULL, 54, 56, 'diagnostico_creado', '2025-11-13 19:56:25.646197+00', 'LDXC58', 'JAC', 'S3 1.6', 'Daniela Arancibia', NULL, 'pendiente', NULL, NULL, NULL, NULL, NULL, NULL, NULL, 3, 'camilo', NULL, NULL, 'Diagnstico creado para vehculo LDXC58', NULL, NULL, NULL, 0.00, 0.00, 0.00, '2025-11-13 19:56:25.652234+00');
INSERT INTO public.car_registroevento VALUES (142, 29, 36, 38, 'abono', '2025-11-13 19:59:01.448115+00', 'GYJX10', 'VOLKSWAGEN', 'TRANSPORTER KOMBI 2.0', 'Claudia Barraza', NULL, 'entregado', NULL, NULL, NULL, NULL, NULL, NULL, 440000.00, 3, 'camilo', NULL, NULL, 'Abono recibido: $440000 - Transferencia', '2025-11-13 15:48:14.724811+00', '2025-11-13 19:53:27.260393+00', 0, 400000.00, 896000.00, 1260000.00, '2025-11-13 19:59:01.4683+00');
INSERT INTO public.car_registroevento VALUES (143, 36, 54, 56, 'diagnostico_aprobado', '2025-11-13 21:16:39.584392+00', 'LDXC58', 'JAC', 'S3 1.6', 'Daniela Arancibia', 'aprobado', 'iniciado', NULL, NULL, NULL, NULL, NULL, NULL, NULL, 3, 'camilo', NULL, NULL, 'Diagnstico aprobado y convertido en trabajo #36 (aprobado 0 da(s) despus de su creacin)', '2025-11-13 21:16:39.536345+00', NULL, 0, 70000.00, 0.00, 70000.00, '2025-11-13 21:16:39.596411+00');
INSERT INTO public.car_registroevento VALUES (144, 36, 54, 56, 'ingreso', '2025-11-13 21:16:39.536345+00', 'LDXC58', 'JAC', 'S3 1.6', 'Daniela Arancibia', NULL, 'iniciado', NULL, NULL, NULL, NULL, NULL, NULL, NULL, 3, 'camilo', NULL, NULL, 'Vehculo ingresado al sistema', '2025-11-13 21:16:39.536345+00', NULL, 0, 70000.00, 0.00, 70000.00, '2025-11-13 21:16:39.645987+00');
INSERT INTO public.car_registroevento VALUES (145, NULL, 55, 57, 'diagnostico_creado', '2025-11-13 21:26:16.785955+00', 'BCGK32', 'MITSUBISHI', 'MONTERO SPORT 2.5 AUT', 'Arturo Fernndez', NULL, 'pendiente', NULL, NULL, NULL, NULL, NULL, NULL, NULL, 3, 'camilo', NULL, NULL, 'Diagnstico creado para vehculo BCGK32', NULL, NULL, NULL, 0.00, 0.00, 0.00, '2025-11-13 21:26:16.787977+00');
INSERT INTO public.car_registroevento VALUES (146, NULL, 56, 58, 'diagnostico_creado', '2025-11-13 21:30:24.031177+00', 'GZBR77', 'MITSUBISHI', 'L200 KATANA D CAB CRT 4X4 2.5', 'Melissa tapia', NULL, 'pendiente', NULL, NULL, NULL, NULL, NULL, NULL, NULL, 3, 'camilo', NULL, NULL, 'Diagnstico creado para vehculo GZBR77', NULL, NULL, NULL, 0.00, 0.00, 0.00, '2025-11-13 21:30:24.041278+00');
INSERT INTO public.car_registroevento VALUES (147, 37, 55, 57, 'diagnostico_aprobado', '2025-11-13 21:30:35.399426+00', 'BCGK32', 'MITSUBISHI', 'MONTERO SPORT 2.5 AUT', 'Arturo Fernndez', 'aprobado', 'iniciado', NULL, NULL, NULL, NULL, NULL, NULL, NULL, 3, 'camilo', NULL, NULL, 'Diagnstico aprobado y convertido en trabajo #37 (aprobado 0 da(s) despus de su creacin)', '2025-11-13 21:30:35.369216+00', NULL, 0, 0.00, 0.00, 0.00, '2025-11-13 21:30:35.414978+00');
INSERT INTO public.car_registroevento VALUES (148, 37, 55, 57, 'ingreso', '2025-11-13 21:30:35.369216+00', 'BCGK32', 'MITSUBISHI', 'MONTERO SPORT 2.5 AUT', 'Arturo Fernndez', NULL, 'iniciado', NULL, NULL, NULL, NULL, NULL, NULL, NULL, 3, 'camilo', NULL, NULL, 'Vehculo ingresado al sistema', '2025-11-13 21:30:35.369216+00', NULL, 0, 0.00, 0.00, 0.00, '2025-11-13 21:30:35.463181+00');
INSERT INTO public.car_registroevento VALUES (149, 38, 56, 58, 'diagnostico_aprobado', '2025-11-13 21:30:39.125503+00', 'GZBR77', 'MITSUBISHI', 'L200 KATANA D CAB CRT 4X4 2.5', 'Melissa tapia', 'aprobado', 'iniciado', NULL, NULL, NULL, NULL, NULL, NULL, NULL, 3, 'camilo', NULL, NULL, 'Diagnstico aprobado y convertido en trabajo #38 (aprobado 0 da(s) despus de su creacin)', '2025-11-13 21:30:39.099945+00', NULL, 0, 15000.00, 0.00, 15000.00, '2025-11-13 21:30:39.139988+00');
INSERT INTO public.car_registroevento VALUES (150, 38, 56, 58, 'ingreso', '2025-11-13 21:30:39.099945+00', 'GZBR77', 'MITSUBISHI', 'L200 KATANA D CAB CRT 4X4 2.5', 'Melissa tapia', NULL, 'iniciado', NULL, NULL, NULL, NULL, NULL, NULL, NULL, 3, 'camilo', NULL, NULL, 'Vehculo ingresado al sistema', '2025-11-13 21:30:39.099945+00', NULL, 0, 15000.00, 0.00, 15000.00, '2025-11-13 21:30:39.187234+00');
INSERT INTO public.car_registroevento VALUES (151, 37, 55, 57, 'cambio_estado', '2025-11-13 21:36:00.751388+00', 'BCGK32', 'MITSUBISHI', 'MONTERO SPORT 2.5 AUT', 'Arturo Fernndez', 'iniciado', 'trabajando', NULL, NULL, NULL, NULL, NULL, NULL, NULL, 3, 'camilo', NULL, NULL, 'Estado cambiado de iniciado a trabajando', '2025-11-13 21:36:00.751319+00', NULL, 0, 0.00, 0.00, 35000.00, '2025-11-13 21:36:00.775069+00');
INSERT INTO public.car_registroevento VALUES (152, 37, 55, 57, 'mecanico_asignado', '2025-11-13 21:36:00.87754+00', 'BCGK32', 'MITSUBISHI', 'MONTERO SPORT 2.5 AUT', 'Arturo Fernndez', NULL, 'trabajando', NULL, NULL, NULL, NULL, NULL, NULL, NULL, 3, 'camilo', 8, 'Carlos Arancibia', 'Mecnico asignado: Carlos Arancibia', '2025-11-13 21:36:00.751319+00', NULL, 0, 0.00, 0.00, 35000.00, '2025-11-13 21:36:00.890836+00');
INSERT INTO public.car_registroevento VALUES (153, 38, 56, 58, 'cambio_estado', '2025-11-13 21:38:06.070267+00', 'GZBR77', 'MITSUBISHI', 'L200 KATANA D CAB CRT 4X4 2.5', 'Melissa tapia', 'iniciado', 'trabajando', NULL, NULL, NULL, NULL, NULL, NULL, NULL, 3, 'camilo', NULL, NULL, 'Estado cambiado de iniciado a trabajando', '2025-11-13 21:30:39.099945+00', NULL, 0, 15000.00, 0.00, 15000.00, '2025-11-13 21:38:06.082191+00');
INSERT INTO public.car_registroevento VALUES (154, 38, 56, 58, 'cambio_estado', '2025-11-13 21:38:26.097872+00', 'GZBR77', 'MITSUBISHI', 'L200 KATANA D CAB CRT 4X4 2.5', 'Melissa tapia', 'trabajando', 'completado', NULL, NULL, NULL, NULL, NULL, NULL, NULL, 3, 'camilo', NULL, NULL, 'Estado cambiado de trabajando a completado', '2025-11-13 21:30:39.099945+00', NULL, 0, 15000.00, 0.00, 15000.00, '2025-11-13 21:38:26.126419+00');
INSERT INTO public.car_registroevento VALUES (155, NULL, 57, 59, 'diagnostico_creado', '2025-11-14 18:34:38.377644+00', 'NU7212', 'HYUNDAI', 'PORTER SUPER H100 2.5', 'Juan Carlos Bravo', NULL, 'pendiente', NULL, NULL, NULL, NULL, NULL, NULL, NULL, 3, 'camilo', NULL, NULL, 'Diagnstico creado para vehculo NU7212', NULL, NULL, NULL, 0.00, 0.00, 0.00, '2025-11-14 18:34:38.379945+00');
INSERT INTO public.car_registroevento VALUES (156, 39, 57, 59, 'diagnostico_aprobado', '2025-11-14 19:05:44.974823+00', 'NU7212', 'HYUNDAI', 'PORTER SUPER H100 2.5', 'Juan Carlos Bravo', 'aprobado', 'iniciado', NULL, NULL, NULL, NULL, NULL, NULL, NULL, 3, 'camilo', NULL, NULL, 'Diagnstico aprobado y convertido en trabajo #39 (aprobado 0 da(s) despus de su creacin)', '2025-11-14 19:05:44.876084+00', NULL, 0, 90000.00, 70000.00, 160000.00, '2025-11-14 19:05:44.991312+00');
INSERT INTO public.car_registroevento VALUES (157, 39, 57, 59, 'ingreso', '2025-11-14 19:05:44.876084+00', 'NU7212', 'HYUNDAI', 'PORTER SUPER H100 2.5', 'Juan Carlos Bravo', NULL, 'iniciado', NULL, NULL, NULL, NULL, NULL, NULL, NULL, 3, 'camilo', NULL, NULL, 'Vehculo ingresado al sistema', '2025-11-14 19:05:44.876084+00', NULL, 0, 90000.00, 70000.00, 160000.00, '2025-11-14 19:05:45.100237+00');
INSERT INTO public.car_registroevento VALUES (158, 39, 57, 59, 'cambio_estado', '2025-11-14 19:16:55.245106+00', 'NU7212', 'HYUNDAI', 'PORTER SUPER H100 2.5', 'Juan Carlos Bravo', 'iniciado', 'trabajando', NULL, NULL, NULL, NULL, NULL, NULL, NULL, 3, 'camilo', NULL, NULL, 'Estado cambiado de iniciado a trabajando', '2025-11-14 19:16:55.245034+00', NULL, 0, 90000.00, 70000.00, 160000.00, '2025-11-14 19:16:55.257768+00');
INSERT INTO public.car_registroevento VALUES (159, 39, 57, 59, 'mecanico_asignado', '2025-11-14 19:16:55.30586+00', 'NU7212', 'HYUNDAI', 'PORTER SUPER H100 2.5', 'Juan Carlos Bravo', NULL, 'trabajando', NULL, NULL, NULL, NULL, NULL, NULL, NULL, 3, 'camilo', 8, 'Carlos Arancibia', 'Mecnico asignado: Carlos Arancibia', '2025-11-14 19:16:55.245034+00', NULL, 0, 90000.00, 70000.00, 160000.00, '2025-11-14 19:16:55.312784+00');
INSERT INTO public.car_registroevento VALUES (160, 39, 57, 59, 'cambio_estado', '2025-11-14 19:17:31.526438+00', 'NU7212', 'HYUNDAI', 'PORTER SUPER H100 2.5', 'Juan Carlos Bravo', 'trabajando', 'completado', NULL, NULL, NULL, NULL, NULL, NULL, NULL, 3, 'camilo', NULL, NULL, 'Estado cambiado de trabajando a completado', '2025-11-14 19:16:55.245034+00', NULL, 0, 90000.00, 70000.00, 160000.00, '2025-11-14 19:17:31.587443+00');
INSERT INTO public.car_registroevento VALUES (161, 39, 57, 59, 'abono', '2025-11-15 12:47:18.436666+00', 'NU7212', 'HYUNDAI', 'PORTER SUPER H100 2.5', 'Juan Carlos Bravo', NULL, 'completado', NULL, NULL, NULL, NULL, NULL, NULL, 160000.00, 3, 'camilo', NULL, NULL, 'Abono recibido: $160000 - Efectivo', '2025-11-14 19:16:55.245034+00', NULL, 0, 90000.00, 70000.00, 160000.00, '2025-11-15 12:47:18.466569+00');
INSERT INTO public.car_registroevento VALUES (162, 39, 57, 59, 'cambio_estado', '2025-11-15 12:47:22.966347+00', 'NU7212', 'HYUNDAI', 'PORTER SUPER H100 2.5', 'Juan Carlos Bravo', 'completado', 'entregado', NULL, NULL, NULL, NULL, NULL, NULL, NULL, 3, 'camilo', NULL, NULL, 'Estado cambiado de completado a entregado', '2025-11-14 19:16:55.245034+00', '2025-11-15 12:47:22.964347+00', 0, 90000.00, 70000.00, 160000.00, '2025-11-15 12:47:22.976103+00');
INSERT INTO public.car_registroevento VALUES (163, 39, 57, 59, 'entrega', '2025-11-15 12:47:22.964347+00', 'NU7212', 'HYUNDAI', 'PORTER SUPER H100 2.5', 'Juan Carlos Bravo', 'entregado', 'entregado', NULL, NULL, NULL, NULL, NULL, NULL, NULL, 3, 'camilo', NULL, NULL, 'Vehculo entregado al cliente', '2025-11-14 19:16:55.245034+00', '2025-11-15 12:47:22.964347+00', 0, 90000.00, 70000.00, 160000.00, '2025-11-15 12:47:23.01826+00');
INSERT INTO public.car_registroevento VALUES (164, NULL, 58, 60, 'diagnostico_creado', '2025-11-17 11:48:18.257513+00', 'LDBW15', 'CHANGAN', 'CX70 ELITE 1.5', 'Alejandro Aguirre', NULL, 'pendiente', NULL, NULL, NULL, NULL, NULL, NULL, NULL, 3, 'camilo', NULL, NULL, 'Diagnstico creado para vehculo LDBW15', NULL, NULL, NULL, 0.00, 0.00, 0.00, '2025-11-17 11:48:18.25924+00');
INSERT INTO public.car_registroevento VALUES (165, 40, 58, 60, 'diagnostico_aprobado', '2025-11-17 11:48:30.452855+00', 'LDBW15', 'CHANGAN', 'CX70 ELITE 1.5', 'Alejandro Aguirre', 'aprobado', 'iniciado', NULL, NULL, NULL, NULL, NULL, NULL, NULL, 3, 'camilo', NULL, NULL, 'Diagnstico aprobado y convertido en trabajo #40 (aprobado 0 da(s) despus de su creacin)', '2025-11-17 11:48:30.432244+00', NULL, 0, 15000.00, 0.00, 15000.00, '2025-11-17 11:48:30.466649+00');
INSERT INTO public.car_registroevento VALUES (166, 40, 58, 60, 'ingreso', '2025-11-17 11:48:30.432244+00', 'LDBW15', 'CHANGAN', 'CX70 ELITE 1.5', 'Alejandro Aguirre', NULL, 'iniciado', NULL, NULL, NULL, NULL, NULL, NULL, NULL, 3, 'camilo', NULL, NULL, 'Vehculo ingresado al sistema', '2025-11-17 11:48:30.432244+00', NULL, 0, 15000.00, 0.00, 15000.00, '2025-11-17 11:48:30.513548+00');
INSERT INTO public.car_registroevento VALUES (167, NULL, 59, 61, 'diagnostico_creado', '2025-11-17 12:52:07.29487+00', 'GLPF90', 'CHEVROLET', 'CAPTIVA 4X4 2.0 AUT', 'Vctor Onetto', NULL, 'pendiente', NULL, NULL, NULL, NULL, NULL, NULL, NULL, 3, 'camilo', NULL, NULL, 'Diagnstico creado para vehculo GLPF90', NULL, NULL, NULL, 0.00, 0.00, 0.00, '2025-11-17 12:52:07.296824+00');
INSERT INTO public.car_registroevento VALUES (168, 31, 47, 52, 'abono', '2025-11-17 14:40:43.39723+00', 'GKVV29', 'CHEVROLET', 'SAIL II 1.4', 'Carolina Lpez', NULL, 'completado', NULL, NULL, NULL, NULL, NULL, NULL, 9800.00, 3, 'camilo', NULL, NULL, 'Abono recibido: $9800 - Efectivo', '2025-11-10 20:45:53.030599+00', NULL, 6, 85000.00, 115800.00, 174800.00, '2025-11-17 14:40:43.411314+00');
INSERT INTO public.car_registroevento VALUES (169, 31, 47, 52, 'cambio_estado', '2025-11-17 14:41:02.481813+00', 'GKVV29', 'CHEVROLET', 'SAIL II 1.4', 'Carolina Lpez', 'completado', 'entregado', NULL, NULL, NULL, NULL, NULL, NULL, NULL, 3, 'camilo', NULL, NULL, 'Estado cambiado de completado a entregado', '2025-11-10 20:45:53.030599+00', '2025-11-17 14:41:02.479955+00', 6, 85000.00, 115800.00, 174800.00, '2025-11-17 14:41:02.495873+00');
INSERT INTO public.car_registroevento VALUES (170, 31, 47, 52, 'entrega', '2025-11-17 14:41:02.479955+00', 'GKVV29', 'CHEVROLET', 'SAIL II 1.4', 'Carolina Lpez', 'entregado', 'entregado', NULL, NULL, NULL, NULL, NULL, NULL, NULL, 3, 'camilo', NULL, NULL, 'Vehculo entregado al cliente', '2025-11-10 20:45:53.030599+00', '2025-11-17 14:41:02.479955+00', 6, 85000.00, 115800.00, 174800.00, '2025-11-17 14:41:02.556582+00');
INSERT INTO public.car_registroevento VALUES (171, 28, 40, 37, 'abono', '2025-11-17 14:41:43.112282+00', 'XP7074', 'RENAULT', 'CLIO EXPRESSION 1.6', 'Alexis Chavarria', NULL, 'completado', NULL, NULL, NULL, NULL, NULL, NULL, 145000.00, 3, 'camilo', NULL, NULL, 'Abono recibido: $145000 - Efectivo', '2025-11-11 15:38:24.960534+00', NULL, 5, 50000.00, 101000.00, 145000.00, '2025-11-17 14:41:43.134074+00');
INSERT INTO public.car_registroevento VALUES (172, 28, 40, 37, 'cambio_estado', '2025-11-17 14:41:46.90421+00', 'XP7074', 'RENAULT', 'CLIO EXPRESSION 1.6', 'Alexis Chavarria', 'completado', 'entregado', NULL, NULL, NULL, NULL, NULL, NULL, NULL, 3, 'camilo', NULL, NULL, 'Estado cambiado de completado a entregado', '2025-11-11 15:38:24.960534+00', '2025-11-17 14:41:46.902095+00', 5, 50000.00, 101000.00, 145000.00, '2025-11-17 14:41:46.917364+00');
INSERT INTO public.car_registroevento VALUES (173, 28, 40, 37, 'entrega', '2025-11-17 14:41:46.902095+00', 'XP7074', 'RENAULT', 'CLIO EXPRESSION 1.6', 'Alexis Chavarria', 'entregado', 'entregado', NULL, NULL, NULL, NULL, NULL, NULL, NULL, 3, 'camilo', NULL, NULL, 'Vehculo entregado al cliente', '2025-11-11 15:38:24.960534+00', '2025-11-17 14:41:46.902095+00', 5, 50000.00, 101000.00, 145000.00, '2025-11-17 14:41:46.969982+00');
INSERT INTO public.car_registroevento VALUES (174, NULL, 60, 29, 'diagnostico_creado', '2025-11-17 16:20:59.132962+00', 'PV2750', 'HYUNDAI', 'GRACE', 'Rhem lvaro Mellado Mella', NULL, 'pendiente', NULL, NULL, NULL, NULL, NULL, NULL, NULL, 3, 'camilo', NULL, NULL, 'Diagnstico creado para vehculo PV2750', NULL, NULL, NULL, 0.00, 0.00, 0.00, '2025-11-17 16:20:59.13695+00');
INSERT INTO public.car_registroevento VALUES (175, 41, 60, 29, 'diagnostico_aprobado', '2025-11-17 16:21:13.092135+00', 'PV2750', 'HYUNDAI', 'GRACE', 'Rhem lvaro Mellado Mella', 'aprobado', 'iniciado', NULL, NULL, NULL, NULL, NULL, NULL, NULL, 3, 'camilo', NULL, NULL, 'Diagnstico aprobado y convertido en trabajo #41 (aprobado 0 da(s) despus de su creacin)', '2025-11-17 16:21:13.074419+00', NULL, 0, 140000.00, 0.00, 140000.00, '2025-11-17 16:21:13.101467+00');
INSERT INTO public.car_registroevento VALUES (176, 41, 60, 29, 'ingreso', '2025-11-17 16:21:13.074419+00', 'PV2750', 'HYUNDAI', 'GRACE', 'Rhem lvaro Mellado Mella', NULL, 'iniciado', NULL, NULL, NULL, NULL, NULL, NULL, NULL, 3, 'camilo', NULL, NULL, 'Vehculo ingresado al sistema', '2025-11-17 16:21:13.074419+00', NULL, 0, 140000.00, 0.00, 140000.00, '2025-11-17 16:21:13.136895+00');
INSERT INTO public.car_registroevento VALUES (177, 41, 60, 29, 'abono', '2025-11-17 16:24:12.799885+00', 'PV2750', 'HYUNDAI', 'GRACE', 'Rhem lvaro Mellado Mella', NULL, 'iniciado', NULL, NULL, NULL, NULL, NULL, NULL, 210000.00, 3, 'camilo', NULL, NULL, 'Abono recibido: $210000 - Transferencia', '2025-11-17 16:21:13.074419+00', NULL, 0, 140000.00, 0.00, 140000.00, '2025-11-17 16:24:12.81608+00');
INSERT INTO public.car_registroevento VALUES (178, 42, 59, 61, 'diagnostico_aprobado', '2025-11-17 16:46:08.173501+00', 'GLPF90', 'CHEVROLET', 'CAPTIVA 4X4 2.0 AUT', 'Vctor Onetto', 'aprobado', 'iniciado', NULL, NULL, NULL, NULL, NULL, NULL, NULL, 3, 'camilo', NULL, NULL, 'Diagnstico aprobado y convertido en trabajo #42 (aprobado 0 da(s) despus de su creacin)', '2025-11-17 16:46:08.144666+00', NULL, 0, 15000.00, 0.00, 15000.00, '2025-11-17 16:46:08.187605+00');
INSERT INTO public.car_registroevento VALUES (179, 42, 59, 61, 'ingreso', '2025-11-17 16:46:08.144666+00', 'GLPF90', 'CHEVROLET', 'CAPTIVA 4X4 2.0 AUT', 'Vctor Onetto', NULL, 'iniciado', NULL, NULL, NULL, NULL, NULL, NULL, NULL, 3, 'camilo', NULL, NULL, 'Vehculo ingresado al sistema', '2025-11-17 16:46:08.144666+00', NULL, 0, 15000.00, 0.00, 15000.00, '2025-11-17 16:46:08.246405+00');
INSERT INTO public.car_registroevento VALUES (180, 36, 54, 56, 'cambio_estado', '2025-11-17 17:20:47.555811+00', 'LDXC58', 'JAC', 'S3 1.6', 'Daniela Arancibia', 'iniciado', 'completado', NULL, NULL, NULL, NULL, NULL, NULL, NULL, 3, 'camilo', NULL, NULL, 'Estado cambiado de iniciado a completado', '2025-11-13 21:16:39.536345+00', NULL, 3, 70000.00, 146000.00, 206000.00, '2025-11-17 17:20:47.567904+00');
INSERT INTO public.car_registroevento VALUES (181, 36, 54, 56, 'mecanico_asignado', '2025-11-17 17:24:31.93201+00', 'LDXC58', 'JAC', 'S3 1.6', 'Daniela Arancibia', NULL, 'completado', NULL, NULL, NULL, NULL, NULL, NULL, NULL, 3, 'camilo', 8, 'Carlos Arancibia', 'Mecnico asignado: Carlos Arancibia', '2025-11-13 21:16:39.536345+00', NULL, 3, 70000.00, 146000.00, 206000.00, '2025-11-17 17:24:31.945623+00');
INSERT INTO public.car_registroevento VALUES (182, 34, 52, 54, 'cambio_estado', '2025-11-17 17:29:59.06484+00', 'FJKP10', 'CHEVROLET', 'SAIL II 1.4', 'Rosa Tapia', 'iniciado', 'trabajando', NULL, NULL, NULL, NULL, NULL, NULL, NULL, 3, 'camilo', NULL, NULL, 'Estado cambiado de iniciado a trabajando', '2025-11-17 17:29:59.06479+00', NULL, 0, 130000.00, 203000.00, 323000.00, '2025-11-17 17:29:59.073161+00');
INSERT INTO public.car_registroevento VALUES (183, 34, 52, 54, 'mecanico_asignado', '2025-11-17 17:29:59.110408+00', 'FJKP10', 'CHEVROLET', 'SAIL II 1.4', 'Rosa Tapia', NULL, 'trabajando', NULL, NULL, NULL, NULL, NULL, NULL, NULL, 3, 'camilo', 2, 'Bejamin Mondaca', 'Mecnico asignado: Bejamin Mondaca', '2025-11-17 17:29:59.06479+00', NULL, 0, 130000.00, 203000.00, 323000.00, '2025-11-17 17:29:59.117688+00');
INSERT INTO public.car_registroevento VALUES (184, 34, 52, 54, 'cambio_estado', '2025-11-17 17:30:39.974144+00', 'FJKP10', 'CHEVROLET', 'SAIL II 1.4', 'Rosa Tapia', 'trabajando', 'completado', NULL, NULL, NULL, NULL, NULL, NULL, NULL, 3, 'camilo', NULL, NULL, 'Estado cambiado de trabajando a completado', '2025-11-17 17:29:59.06479+00', NULL, 0, 130000.00, 203000.00, 323000.00, '2025-11-17 17:30:39.983186+00');
INSERT INTO public.car_registroevento VALUES (185, 34, 52, 54, 'abono', '2025-11-17 18:37:47.932953+00', 'FJKP10', 'CHEVROLET', 'SAIL II 1.4', 'Rosa Tapia', NULL, 'completado', NULL, NULL, NULL, NULL, NULL, NULL, 230000.00, 3, 'camilo', NULL, NULL, 'Abono recibido: $230000 - Tarjeta', '2025-11-17 17:29:59.06479+00', NULL, 0, 130000.00, 203000.00, 320000.00, '2025-11-17 18:37:47.948283+00');
INSERT INTO public.car_registroevento VALUES (186, 34, 52, 54, 'cambio_estado', '2025-11-17 18:37:54.680225+00', 'FJKP10', 'CHEVROLET', 'SAIL II 1.4', 'Rosa Tapia', 'completado', 'entregado', NULL, NULL, NULL, NULL, NULL, NULL, NULL, 3, 'camilo', NULL, NULL, 'Estado cambiado de completado a entregado', '2025-11-17 17:29:59.06479+00', '2025-11-17 18:37:54.677273+00', 0, 130000.00, 203000.00, 320000.00, '2025-11-17 18:37:54.703556+00');
INSERT INTO public.car_registroevento VALUES (187, 34, 52, 54, 'entrega', '2025-11-17 18:37:54.677273+00', 'FJKP10', 'CHEVROLET', 'SAIL II 1.4', 'Rosa Tapia', 'entregado', 'entregado', NULL, NULL, NULL, NULL, NULL, NULL, NULL, 3, 'camilo', NULL, NULL, 'Vehculo entregado al cliente', '2025-11-17 17:29:59.06479+00', '2025-11-17 18:37:54.677273+00', 0, 130000.00, 203000.00, 320000.00, '2025-11-17 18:37:54.781002+00');
INSERT INTO public.car_registroevento VALUES (188, NULL, 61, 10, 'diagnostico_creado', '2025-11-17 20:36:41.464341+00', 'JLDC39', 'HYUNDAI', 'GRAND I10 BA GL 1.2', 'Pia Vicencio', NULL, 'pendiente', NULL, NULL, NULL, NULL, NULL, NULL, NULL, 3, 'camilo', NULL, NULL, 'Diagnstico creado para vehculo JLDC39', NULL, NULL, NULL, 0.00, 0.00, 0.00, '2025-11-17 20:36:41.466793+00');
INSERT INTO public.car_registroevento VALUES (189, 43, 61, 10, 'diagnostico_aprobado', '2025-11-17 21:56:50.85471+00', 'JLDC39', 'HYUNDAI', 'GRAND I10 BA GL 1.2', 'Pia Vicencio', 'aprobado', 'iniciado', NULL, NULL, NULL, NULL, NULL, NULL, NULL, 3, 'camilo', NULL, NULL, 'Diagnstico aprobado y convertido en trabajo #43 (aprobado 0 da(s) despus de su creacin)', '2025-11-17 21:56:50.825332+00', NULL, 0, 15000.00, 0.00, 15000.00, '2025-11-17 21:56:50.869614+00');
INSERT INTO public.car_registroevento VALUES (190, 43, 61, 10, 'ingreso', '2025-11-17 21:56:50.825332+00', 'JLDC39', 'HYUNDAI', 'GRAND I10 BA GL 1.2', 'Pia Vicencio', NULL, 'iniciado', NULL, NULL, NULL, NULL, NULL, NULL, NULL, 3, 'camilo', NULL, NULL, 'Vehculo ingresado al sistema', '2025-11-17 21:56:50.825332+00', NULL, 0, 15000.00, 0.00, 15000.00, '2025-11-17 21:56:50.911996+00');
INSERT INTO public.car_registroevento VALUES (191, 43, 61, 10, 'cambio_estado', '2025-11-17 21:58:36.606458+00', 'JLDC39', 'HYUNDAI', 'GRAND I10 BA GL 1.2', 'Pia Vicencio', 'iniciado', 'trabajando', NULL, NULL, NULL, NULL, NULL, NULL, NULL, 3, 'camilo', NULL, NULL, 'Estado cambiado de iniciado a trabajando', '2025-11-17 21:58:36.606343+00', NULL, 0, 65000.00, 0.00, 65000.00, '2025-11-17 21:58:36.621345+00');
INSERT INTO public.car_registroevento VALUES (192, 43, 61, 10, 'mecanico_asignado', '2025-11-17 21:58:36.673332+00', 'JLDC39', 'HYUNDAI', 'GRAND I10 BA GL 1.2', 'Pia Vicencio', NULL, 'trabajando', NULL, NULL, NULL, NULL, NULL, NULL, NULL, 3, 'camilo', 8, 'Carlos Arancibia', 'Mecnico asignado: Carlos Arancibia', '2025-11-17 21:58:36.606343+00', NULL, 0, 65000.00, 0.00, 65000.00, '2025-11-17 21:58:36.680764+00');
INSERT INTO public.car_registroevento VALUES (193, 40, 58, 60, 'cambio_estado', '2025-11-18 14:21:49.253871+00', 'LDBW15', 'CHANGAN', 'CX70 ELITE 1.5', 'Alejandro Aguirre', 'iniciado', 'trabajando', NULL, NULL, NULL, NULL, NULL, NULL, NULL, 3, 'camilo', NULL, NULL, 'Estado cambiado de iniciado a trabajando', '2025-11-18 14:21:49.253795+00', NULL, 0, 265000.00, 0.00, 278000.00, '2025-11-18 14:21:49.269394+00');
INSERT INTO public.car_registroevento VALUES (194, 40, 58, 60, 'mecanico_asignado', '2025-11-18 14:21:49.326046+00', 'LDBW15', 'CHANGAN', 'CX70 ELITE 1.5', 'Alejandro Aguirre', NULL, 'trabajando', NULL, NULL, NULL, NULL, NULL, NULL, NULL, 3, 'camilo', 8, 'Carlos Arancibia', 'Mecnico asignado: Carlos Arancibia', '2025-11-18 14:21:49.253795+00', NULL, 0, 265000.00, 0.00, 278000.00, '2025-11-18 14:21:49.339026+00');
INSERT INTO public.car_registroevento VALUES (195, 36, 54, 56, 'abono', '2025-11-18 14:26:25.330319+00', 'LDXC58', 'JAC', 'S3 1.6', 'Daniela Arancibia', NULL, 'completado', NULL, NULL, NULL, NULL, NULL, NULL, 200000.00, 3, 'camilo', NULL, NULL, 'Abono recibido: $200000 - Tarjeta', '2025-11-13 21:16:39.536345+00', NULL, 4, 70000.00, 146000.00, 200000.00, '2025-11-18 14:26:25.344883+00');
INSERT INTO public.car_registroevento VALUES (196, 36, 54, 56, 'cambio_estado', '2025-11-18 14:26:31.302217+00', 'LDXC58', 'JAC', 'S3 1.6', 'Daniela Arancibia', 'completado', 'entregado', NULL, NULL, NULL, NULL, NULL, NULL, NULL, 3, 'camilo', NULL, NULL, 'Estado cambiado de completado a entregado', '2025-11-13 21:16:39.536345+00', '2025-11-18 14:26:31.298589+00', 4, 70000.00, 146000.00, 200000.00, '2025-11-18 14:26:31.317584+00');
INSERT INTO public.car_registroevento VALUES (197, 36, 54, 56, 'entrega', '2025-11-18 14:26:31.298589+00', 'LDXC58', 'JAC', 'S3 1.6', 'Daniela Arancibia', 'entregado', 'entregado', NULL, NULL, NULL, NULL, NULL, NULL, NULL, 3, 'camilo', NULL, NULL, 'Vehculo entregado al cliente', '2025-11-13 21:16:39.536345+00', '2025-11-18 14:26:31.298589+00', 4, 70000.00, 146000.00, 200000.00, '2025-11-18 14:26:31.367433+00');
INSERT INTO public.car_registroevento VALUES (198, 35, 53, 55, 'abono', '2025-11-18 22:05:52.64821+00', 'BSJL29', 'HYUNDAI', 'ACCENT GL PS 1.4', 'ngela Oyanedel', NULL, 'entregado', NULL, NULL, NULL, NULL, NULL, NULL, 54000.00, 3, 'camilo', NULL, NULL, 'Abono recibido: $54000 - Transferencia', '2025-11-13 12:33:25.155636+00', '2025-11-13 16:14:17.775743+00', 0, 70000.00, 75000.00, 131000.00, '2025-11-18 22:05:52.683167+00');
INSERT INTO public.car_registroevento VALUES (199, NULL, 62, 62, 'diagnostico_creado', '2025-11-20 15:59:11.589813+00', 'GFGS92', 'HYUNDAI', 'NEW H1 GL 2.5', 'Rodrigo Osses', NULL, 'pendiente', NULL, NULL, NULL, NULL, NULL, NULL, NULL, 3, 'camilo', NULL, NULL, 'Diagnstico creado para vehculo GFGS92', NULL, NULL, NULL, 0.00, 0.00, 0.00, '2025-11-20 15:59:11.592757+00');
INSERT INTO public.car_registroevento VALUES (200, 44, 62, 62, 'diagnostico_aprobado', '2025-11-20 15:59:17.206268+00', 'GFGS92', 'HYUNDAI', 'NEW H1 GL 2.5', 'Rodrigo Osses', 'aprobado', 'iniciado', NULL, NULL, NULL, NULL, NULL, NULL, NULL, 3, 'camilo', NULL, NULL, 'Diagnstico aprobado y convertido en trabajo #44 (aprobado 0 da(s) despus de su creacin)', '2025-11-20 15:59:17.179982+00', NULL, 0, 25000.00, 0.00, 25000.00, '2025-11-20 15:59:17.221655+00');
INSERT INTO public.car_registroevento VALUES (201, 44, 62, 62, 'ingreso', '2025-11-20 15:59:17.179982+00', 'GFGS92', 'HYUNDAI', 'NEW H1 GL 2.5', 'Rodrigo Osses', NULL, 'iniciado', NULL, NULL, NULL, NULL, NULL, NULL, NULL, 3, 'camilo', NULL, NULL, 'Vehculo ingresado al sistema', '2025-11-20 15:59:17.179982+00', NULL, 0, 25000.00, 0.00, 25000.00, '2025-11-20 15:59:17.283765+00');
INSERT INTO public.car_registroevento VALUES (202, 44, 62, 62, 'cambio_estado', '2025-11-20 15:59:36.795093+00', 'GFGS92', 'HYUNDAI', 'NEW H1 GL 2.5', 'Rodrigo Osses', 'iniciado', 'completado', NULL, NULL, NULL, NULL, NULL, NULL, NULL, 3, 'camilo', NULL, NULL, 'Estado cambiado de iniciado a completado', '2025-11-20 15:59:17.179982+00', NULL, 0, 25000.00, 0.00, 25000.00, '2025-11-20 15:59:36.811313+00');
INSERT INTO public.car_registroevento VALUES (203, 44, 62, 62, 'abono', '2025-11-20 20:17:14.027488+00', 'GFGS92', 'HYUNDAI', 'NEW H1 GL 2.5', 'Rodrigo Osses', NULL, 'completado', NULL, NULL, NULL, NULL, NULL, NULL, 25000.00, 3, 'camilo', NULL, NULL, 'Abono recibido: $25000 - Efectivo', '2025-11-20 15:59:17.179982+00', NULL, 0, 25000.00, 0.00, 25000.00, '2025-11-20 20:17:14.049286+00');
INSERT INTO public.car_registroevento VALUES (204, 44, 62, 62, 'cambio_estado', '2025-11-20 20:17:18.08043+00', 'GFGS92', 'HYUNDAI', 'NEW H1 GL 2.5', 'Rodrigo Osses', 'completado', 'entregado', NULL, NULL, NULL, NULL, NULL, NULL, NULL, 3, 'camilo', NULL, NULL, 'Estado cambiado de completado a entregado', '2025-11-20 15:59:17.179982+00', '2025-11-20 20:17:18.075523+00', 0, 25000.00, 0.00, 25000.00, '2025-11-20 20:17:18.109299+00');
INSERT INTO public.car_registroevento VALUES (205, 44, 62, 62, 'entrega', '2025-11-20 20:17:18.075523+00', 'GFGS92', 'HYUNDAI', 'NEW H1 GL 2.5', 'Rodrigo Osses', 'entregado', 'entregado', NULL, NULL, NULL, NULL, NULL, NULL, NULL, 3, 'camilo', NULL, NULL, 'Vehculo entregado al cliente', '2025-11-20 15:59:17.179982+00', '2025-11-20 20:17:18.075523+00', 0, 25000.00, 0.00, 25000.00, '2025-11-20 20:17:18.196161+00');
INSERT INTO public.car_registroevento VALUES (206, 41, 60, 29, 'cambio_estado', '2025-11-20 20:18:02.917753+00', 'PV2750', 'HYUNDAI', 'GRACE', 'Rhem lvaro Mellado Mella', 'iniciado', 'completado', NULL, NULL, NULL, NULL, NULL, NULL, NULL, 3, 'camilo', NULL, NULL, 'Estado cambiado de iniciado a completado', '2025-11-17 16:21:13.074419+00', NULL, 3, 140000.00, 0.00, 320000.00, '2025-11-20 20:18:02.9444+00');
INSERT INTO public.car_registroevento VALUES (207, 43, 61, 10, 'cambio_estado', '2025-11-20 20:50:12.081241+00', 'JLDC39', 'HYUNDAI', 'GRAND I10 BA GL 1.2', 'Pia Vicencio', 'trabajando', 'completado', NULL, NULL, NULL, NULL, NULL, NULL, NULL, 3, 'camilo', NULL, NULL, 'Estado cambiado de trabajando a completado', '2025-11-17 21:58:36.606343+00', NULL, 2, 50000.00, 72000.00, 122000.00, '2025-11-20 20:50:12.101558+00');
INSERT INTO public.car_registroevento VALUES (208, 43, 61, 10, 'abono', '2025-11-20 21:16:08.289206+00', 'JLDC39', 'HYUNDAI', 'GRAND I10 BA GL 1.2', 'Pia Vicencio', NULL, 'completado', NULL, NULL, NULL, NULL, NULL, NULL, 122000.00, 3, 'camilo', NULL, NULL, 'Abono recibido: $122000 - Transferencia', '2025-11-17 21:58:36.606343+00', NULL, 2, 50000.00, 72000.00, 122000.00, '2025-11-20 21:16:08.329265+00');
INSERT INTO public.car_registroevento VALUES (209, 43, 61, 10, 'cambio_estado', '2025-11-20 21:16:25.58611+00', 'JLDC39', 'HYUNDAI', 'GRAND I10 BA GL 1.2', 'Pia Vicencio', 'completado', 'entregado', NULL, NULL, NULL, NULL, NULL, NULL, NULL, 3, 'camilo', NULL, NULL, 'Estado cambiado de completado a entregado', '2025-11-17 21:58:36.606343+00', '2025-11-20 21:16:25.583847+00', 2, 50000.00, 72000.00, 122000.00, '2025-11-20 21:16:25.601191+00');
INSERT INTO public.car_registroevento VALUES (210, 43, 61, 10, 'entrega', '2025-11-20 21:16:25.583847+00', 'JLDC39', 'HYUNDAI', 'GRAND I10 BA GL 1.2', 'Pia Vicencio', 'entregado', 'entregado', NULL, NULL, NULL, NULL, NULL, NULL, NULL, 3, 'camilo', NULL, NULL, 'Vehculo entregado al cliente', '2025-11-17 21:58:36.606343+00', '2025-11-20 21:16:25.583847+00', 2, 50000.00, 72000.00, 122000.00, '2025-11-20 21:16:25.656101+00');
INSERT INTO public.car_registroevento VALUES (211, 41, 60, 29, 'cambio_estado', '2025-11-20 21:16:43.683094+00', 'PV2750', 'HYUNDAI', 'GRACE', 'Rhem lvaro Mellado Mella', 'completado', 'entregado', NULL, NULL, NULL, NULL, NULL, NULL, NULL, 3, 'camilo', NULL, NULL, 'Estado cambiado de completado a entregado', '2025-11-17 16:21:13.074419+00', '2025-11-20 21:16:43.680633+00', 3, 140000.00, 0.00, 320000.00, '2025-11-20 21:16:43.699371+00');
INSERT INTO public.car_registroevento VALUES (212, 41, 60, 29, 'entrega', '2025-11-20 21:16:43.680633+00', 'PV2750', 'HYUNDAI', 'GRACE', 'Rhem lvaro Mellado Mella', 'entregado', 'entregado', NULL, NULL, NULL, NULL, NULL, NULL, NULL, 3, 'camilo', NULL, NULL, 'Vehculo entregado al cliente', '2025-11-17 16:21:13.074419+00', '2025-11-20 21:16:43.680633+00', 3, 140000.00, 0.00, 320000.00, '2025-11-20 21:16:43.752889+00');
INSERT INTO public.car_registroevento VALUES (213, NULL, 63, 63, 'diagnostico_creado', '2025-11-21 19:41:25.724579+00', 'GPWF32', 'PEUGEOT', '301 ACTIVE HDI 1.6', 'Bastin Vergara Bustamante', NULL, 'pendiente', NULL, NULL, NULL, NULL, NULL, NULL, NULL, 3, 'camilo', NULL, NULL, 'Diagnstico creado para vehculo GPWF32', NULL, NULL, NULL, 0.00, 0.00, 0.00, '2025-11-21 19:41:25.726835+00');
INSERT INTO public.car_registroevento VALUES (214, 45, 63, 63, 'diagnostico_aprobado', '2025-11-21 19:41:30.757046+00', 'GPWF32', 'PEUGEOT', '301 ACTIVE HDI 1.6', 'Bastin Vergara Bustamante', 'aprobado', 'iniciado', NULL, NULL, NULL, NULL, NULL, NULL, NULL, 3, 'camilo', NULL, NULL, 'Diagnstico aprobado y convertido en trabajo #45 (aprobado 0 da(s) despus de su creacin)', '2025-11-21 19:41:30.675927+00', NULL, 0, 160000.00, 0.00, 160000.00, '2025-11-21 19:41:30.786271+00');
INSERT INTO public.car_registroevento VALUES (215, 45, 63, 63, 'ingreso', '2025-11-21 19:41:30.675927+00', 'GPWF32', 'PEUGEOT', '301 ACTIVE HDI 1.6', 'Bastin Vergara Bustamante', NULL, 'iniciado', NULL, NULL, NULL, NULL, NULL, NULL, NULL, 3, 'camilo', NULL, NULL, 'Vehculo ingresado al sistema', '2025-11-21 19:41:30.675927+00', NULL, 0, 160000.00, 0.00, 160000.00, '2025-11-21 19:41:30.844301+00');
INSERT INTO public.car_registroevento VALUES (216, 45, 63, 63, 'cambio_estado', '2025-11-21 20:07:39.829467+00', 'GPWF32', 'PEUGEOT', '301 ACTIVE HDI 1.6', 'Bastin Vergara Bustamante', 'iniciado', 'completado', NULL, NULL, NULL, NULL, NULL, NULL, NULL, 3, 'camilo', NULL, NULL, 'Estado cambiado de iniciado a completado', '2025-11-21 19:41:30.675927+00', NULL, 0, 260000.00, 9600.00, 299600.00, '2025-11-21 20:07:39.843937+00');
INSERT INTO public.car_registroevento VALUES (217, 45, 63, 63, 'mecanico_asignado', '2025-11-21 20:11:43.47033+00', 'GPWF32', 'PEUGEOT', '301 ACTIVE HDI 1.6', 'Bastin Vergara Bustamante', NULL, 'completado', NULL, NULL, NULL, NULL, NULL, NULL, NULL, 3, 'camilo', 2, 'Bejamin Mondaca', 'Mecnico asignado: Bejamin Mondaca', '2025-11-21 19:41:30.675927+00', NULL, 0, 260000.00, 9600.00, 295000.00, '2025-11-21 20:11:43.482329+00');
INSERT INTO public.car_registroevento VALUES (218, 45, 63, 63, 'abono', '2025-11-21 21:57:39.901862+00', 'GPWF32', 'PEUGEOT', '301 ACTIVE HDI 1.6', 'Bastin Vergara Bustamante', NULL, 'completado', NULL, NULL, NULL, NULL, NULL, NULL, 295000.00, 3, 'camilo', NULL, NULL, 'Abono recibido: $295000 - Tarjeta', '2025-11-21 19:41:30.675927+00', NULL, 0, 260000.00, 9600.00, 295000.00, '2025-11-21 21:57:39.92915+00');
INSERT INTO public.car_registroevento VALUES (219, 45, 63, 63, 'cambio_estado', '2025-11-21 21:57:58.270633+00', 'GPWF32', 'PEUGEOT', '301 ACTIVE HDI 1.6', 'Bastin Vergara Bustamante', 'completado', 'entregado', NULL, NULL, NULL, NULL, NULL, NULL, NULL, 3, 'camilo', NULL, NULL, 'Estado cambiado de completado a entregado', '2025-11-21 19:41:30.675927+00', '2025-11-21 21:57:58.268954+00', 0, 260000.00, 9600.00, 295000.00, '2025-11-21 21:57:58.280656+00');
INSERT INTO public.car_registroevento VALUES (220, 45, 63, 63, 'entrega', '2025-11-21 21:57:58.268954+00', 'GPWF32', 'PEUGEOT', '301 ACTIVE HDI 1.6', 'Bastin Vergara Bustamante', 'entregado', 'entregado', NULL, NULL, NULL, NULL, NULL, NULL, NULL, 3, 'camilo', NULL, NULL, 'Vehculo entregado al cliente', '2025-11-21 19:41:30.675927+00', '2025-11-21 21:57:58.268954+00', 0, 260000.00, 9600.00, 295000.00, '2025-11-21 21:57:58.320166+00');
INSERT INTO public.car_registroevento VALUES (221, 40, 58, 60, 'abono', '2025-11-24 14:48:24.777454+00', 'LDBW15', 'CHANGAN', 'CX70 ELITE 1.5', 'Alejandro Aguirre', NULL, 'trabajando', NULL, NULL, NULL, NULL, NULL, NULL, 300000.00, 3, 'camilo', NULL, NULL, 'Abono recibido: $300000 - Efectivo', '2025-11-18 14:21:49.253795+00', NULL, 6, 265000.00, 0.00, 278000.00, '2025-11-24 14:48:24.797705+00');
INSERT INTO public.car_registroevento VALUES (222, 40, 58, 60, 'abono', '2025-11-24 14:48:41.053535+00', 'LDBW15', 'CHANGAN', 'CX70 ELITE 1.5', 'Alejandro Aguirre', NULL, 'trabajando', NULL, NULL, NULL, NULL, NULL, NULL, 300000.00, 3, 'camilo', NULL, NULL, 'Abono recibido: $300000 - Transferencia', '2025-11-18 14:21:49.253795+00', NULL, 6, 265000.00, 0.00, 278000.00, '2025-11-24 14:48:41.073262+00');
INSERT INTO public.car_registroevento VALUES (223, NULL, 64, 64, 'diagnostico_creado', '2025-11-24 17:29:39.350995+00', 'HDWG99', 'MITSUBISHI', 'L200 KATANA CR 2.5', 'Josefina Jimnez Olivares', NULL, 'pendiente', NULL, NULL, NULL, NULL, NULL, NULL, NULL, 3, 'camilo', NULL, NULL, 'Diagnstico creado para vehculo HDWG99', NULL, NULL, NULL, 0.00, 0.00, 0.00, '2025-11-24 17:29:39.353934+00');
INSERT INTO public.car_registroevento VALUES (224, 46, 64, 64, 'diagnostico_aprobado', '2025-11-24 17:29:44.179814+00', 'HDWG99', 'MITSUBISHI', 'L200 KATANA CR 2.5', 'Josefina Jimnez Olivares', 'aprobado', 'iniciado', NULL, NULL, NULL, NULL, NULL, NULL, NULL, 3, 'camilo', NULL, NULL, 'Diagnstico aprobado y convertido en trabajo #46 (aprobado 0 da(s) despus de su creacin)', '2025-11-24 17:29:44.164712+00', NULL, 0, 0.00, 0.00, 0.00, '2025-11-24 17:29:44.194219+00');
INSERT INTO public.car_registroevento VALUES (225, 46, 64, 64, 'ingreso', '2025-11-24 17:29:44.164712+00', 'HDWG99', 'MITSUBISHI', 'L200 KATANA CR 2.5', 'Josefina Jimnez Olivares', NULL, 'iniciado', NULL, NULL, NULL, NULL, NULL, NULL, NULL, 3, 'camilo', NULL, NULL, 'Vehculo ingresado al sistema', '2025-11-24 17:29:44.164712+00', NULL, 0, 0.00, 0.00, 0.00, '2025-11-24 17:29:44.229654+00');
INSERT INTO public.car_registroevento VALUES (226, 46, 64, 64, 'abono', '2025-11-24 19:02:20.950769+00', 'HDWG99', 'MITSUBISHI', 'L200 KATANA CR 2.5', 'Josefina Jimnez Olivares', NULL, 'iniciado', NULL, NULL, NULL, NULL, NULL, NULL, 200000.00, 3, 'camilo', NULL, NULL, 'Abono recibido: $200000 - Transferencia', '2025-11-24 17:29:44.164712+00', NULL, 0, 0.00, 0.00, 0.00, '2025-11-24 19:02:20.977723+00');
INSERT INTO public.car_registroevento VALUES (227, NULL, 65, 65, 'diagnostico_creado', '2025-11-25 12:08:13.633561+00', 'YL1966', 'CITROEN', 'C3 SX 1.6', 'Hernan Ramirez', NULL, 'pendiente', NULL, NULL, NULL, NULL, NULL, NULL, NULL, 3, 'camilo', NULL, NULL, 'Diagnstico creado para vehculo YL1966', NULL, NULL, NULL, 0.00, 0.00, 0.00, '2025-11-25 12:08:13.636479+00');
INSERT INTO public.car_registroevento VALUES (228, 47, 65, 65, 'diagnostico_aprobado', '2025-11-25 12:10:41.483913+00', 'YL1966', 'CITROEN', 'C3 SX 1.6', 'Hernan Ramirez', 'aprobado', 'iniciado', NULL, NULL, NULL, NULL, NULL, NULL, NULL, 3, 'camilo', NULL, NULL, 'Diagnstico aprobado y convertido en trabajo #47 (aprobado 0 da(s) despus de su creacin)', '2025-11-25 12:10:41.460152+00', NULL, 0, 0.00, 0.00, 0.00, '2025-11-25 12:10:41.498601+00');
INSERT INTO public.car_registroevento VALUES (229, 47, 65, 65, 'ingreso', '2025-11-25 12:10:41.460152+00', 'YL1966', 'CITROEN', 'C3 SX 1.6', 'Hernan Ramirez', NULL, 'iniciado', NULL, NULL, NULL, NULL, NULL, NULL, NULL, 3, 'camilo', NULL, NULL, 'Vehculo ingresado al sistema', '2025-11-25 12:10:41.460152+00', NULL, 0, 0.00, 0.00, 0.00, '2025-11-25 12:10:41.542889+00');
INSERT INTO public.car_registroevento VALUES (230, NULL, 66, 66, 'diagnostico_creado', '2025-11-25 19:30:52.240931+00', 'KDPR70', 'MAZDA', 'NEW 2 1.5', 'ngel Tejeda', NULL, 'pendiente', NULL, NULL, NULL, NULL, NULL, NULL, NULL, 3, 'camilo', NULL, NULL, 'Diagnstico creado para vehculo KDPR70', NULL, NULL, NULL, 0.00, 0.00, 0.00, '2025-11-25 19:30:52.246848+00');
INSERT INTO public.car_registroevento VALUES (231, 48, 66, 66, 'diagnostico_aprobado', '2025-11-25 19:31:00.921238+00', 'KDPR70', 'MAZDA', 'NEW 2 1.5', 'ngel Tejeda', 'aprobado', 'iniciado', NULL, NULL, NULL, NULL, NULL, NULL, NULL, 3, 'camilo', NULL, NULL, 'Diagnstico aprobado y convertido en trabajo #48 (aprobado 0 da(s) despus de su creacin)', '2025-11-25 19:31:00.880299+00', NULL, 0, 30000.00, 0.00, 30000.00, '2025-11-25 19:31:00.967571+00');
INSERT INTO public.car_registroevento VALUES (232, 48, 66, 66, 'ingreso', '2025-11-25 19:31:00.880299+00', 'KDPR70', 'MAZDA', 'NEW 2 1.5', 'ngel Tejeda', NULL, 'iniciado', NULL, NULL, NULL, NULL, NULL, NULL, NULL, 3, 'camilo', NULL, NULL, 'Vehculo ingresado al sistema', '2025-11-25 19:31:00.880299+00', NULL, 0, 30000.00, 0.00, 30000.00, '2025-11-25 19:31:01.082621+00');
INSERT INTO public.car_registroevento VALUES (233, 48, 66, 66, 'cambio_estado', '2025-11-25 19:50:29.655384+00', 'KDPR70', 'MAZDA', 'NEW 2 1.5', 'ngel Tejeda', 'iniciado', 'completado', NULL, NULL, NULL, NULL, NULL, NULL, NULL, 3, 'camilo', NULL, NULL, 'Estado cambiado de iniciado a completado', '2025-11-25 19:31:00.880299+00', NULL, 0, 30000.00, 0.00, 30000.00, '2025-11-25 19:50:29.674559+00');
INSERT INTO public.car_registroevento VALUES (234, 48, 66, 66, 'mecanico_asignado', '2025-11-25 19:50:48.142802+00', 'KDPR70', 'MAZDA', 'NEW 2 1.5', 'ngel Tejeda', NULL, 'completado', NULL, NULL, NULL, NULL, NULL, NULL, NULL, 3, 'camilo', 2, 'Bejamin Mondaca', 'Mecnico asignado: Bejamin Mondaca', '2025-11-25 19:31:00.880299+00', NULL, 0, 30000.00, 0.00, 30000.00, '2025-11-25 19:50:48.160803+00');
INSERT INTO public.car_registroevento VALUES (235, 47, 65, 65, 'cambio_estado', '2025-11-25 19:51:45.500181+00', 'YL1966', 'CITROEN', 'C3 SX 1.6', 'Hernan Ramirez', 'iniciado', 'trabajando', NULL, NULL, NULL, NULL, NULL, NULL, NULL, 3, 'camilo', NULL, NULL, 'Estado cambiado de iniciado a trabajando', '2025-11-25 19:51:45.500081+00', NULL, 0, 40000.00, 0.00, 40000.00, '2025-11-25 19:51:45.528152+00');
INSERT INTO public.car_registroevento VALUES (236, 47, 65, 65, 'mecanico_asignado', '2025-11-25 19:51:45.677585+00', 'YL1966', 'CITROEN', 'C3 SX 1.6', 'Hernan Ramirez', NULL, 'trabajando', NULL, NULL, NULL, NULL, NULL, NULL, NULL, 3, 'camilo', 2, 'Bejamin Mondaca', 'Mecnico asignado: Bejamin Mondaca', '2025-11-25 19:51:45.500081+00', NULL, 0, 40000.00, 0.00, 40000.00, '2025-11-25 19:51:45.704597+00');
INSERT INTO public.car_registroevento VALUES (237, 47, 65, 65, 'cambio_estado', '2025-11-25 19:52:03.126841+00', 'YL1966', 'CITROEN', 'C3 SX 1.6', 'Hernan Ramirez', 'trabajando', 'completado', NULL, NULL, NULL, NULL, NULL, NULL, NULL, 3, 'camilo', NULL, NULL, 'Estado cambiado de trabajando a completado', '2025-11-25 19:51:45.500081+00', NULL, 0, 40000.00, 0.00, 40000.00, '2025-11-25 19:52:03.1396+00');
INSERT INTO public.car_registroevento VALUES (238, 47, 65, 65, 'abono', '2025-11-25 20:54:24.721325+00', 'YL1966', 'CITROEN', 'C3 SX 1.6', 'Hernan Ramirez', NULL, 'completado', NULL, NULL, NULL, NULL, NULL, NULL, 40000.00, 3, 'camilo', NULL, NULL, 'Abono recibido: $40000 - Efectivo', '2025-11-25 19:51:45.500081+00', NULL, 0, 40000.00, 0.00, 40000.00, '2025-11-25 20:54:24.74417+00');
INSERT INTO public.car_registroevento VALUES (239, 47, 65, 65, 'cambio_estado', '2025-11-25 20:54:35.366782+00', 'YL1966', 'CITROEN', 'C3 SX 1.6', 'Hernan Ramirez', 'completado', 'entregado', NULL, NULL, NULL, NULL, NULL, NULL, NULL, 3, 'camilo', NULL, NULL, 'Estado cambiado de completado a entregado', '2025-11-25 19:51:45.500081+00', '2025-11-25 20:54:35.365394+00', 0, 40000.00, 0.00, 40000.00, '2025-11-25 20:54:35.377162+00');
INSERT INTO public.car_registroevento VALUES (240, 47, 65, 65, 'entrega', '2025-11-25 20:54:35.365394+00', 'YL1966', 'CITROEN', 'C3 SX 1.6', 'Hernan Ramirez', 'entregado', 'entregado', NULL, NULL, NULL, NULL, NULL, NULL, NULL, 3, 'camilo', NULL, NULL, 'Vehculo entregado al cliente', '2025-11-25 19:51:45.500081+00', '2025-11-25 20:54:35.365394+00', 0, 40000.00, 0.00, 40000.00, '2025-11-25 20:54:35.459744+00');
INSERT INTO public.car_registroevento VALUES (241, 47, 65, 65, 'cambio_estado', '2025-11-25 20:54:35.538486+00', 'YL1966', 'CITROEN', 'C3 SX 1.6', 'Hernan Ramirez', 'entregado', 'entregado', NULL, NULL, NULL, NULL, NULL, NULL, NULL, 3, 'camilo', NULL, NULL, 'Estado cambiado de entregado a entregado', '2025-11-25 19:51:45.500081+00', '2025-11-25 20:54:35.534695+00', 0, 40000.00, 0.00, 40000.00, '2025-11-25 20:54:35.55299+00');
INSERT INTO public.car_registroevento VALUES (242, 47, 65, 65, 'entrega', '2025-11-25 20:54:35.534695+00', 'YL1966', 'CITROEN', 'C3 SX 1.6', 'Hernan Ramirez', 'entregado', 'entregado', NULL, NULL, NULL, NULL, NULL, NULL, NULL, 3, 'camilo', NULL, NULL, 'Vehculo entregado al cliente', '2025-11-25 19:51:45.500081+00', '2025-11-25 20:54:35.534695+00', 0, 40000.00, 0.00, 40000.00, '2025-11-25 20:54:35.617017+00');
INSERT INTO public.car_registroevento VALUES (243, 48, 66, 66, 'abono', '2025-11-25 20:55:01.292883+00', 'KDPR70', 'MAZDA', 'NEW 2 1.5', 'ngel Tejeda', NULL, 'completado', NULL, NULL, NULL, NULL, NULL, NULL, 30000.00, 3, 'camilo', NULL, NULL, 'Abono recibido: $30000 - Tarjeta', '2025-11-25 19:31:00.880299+00', NULL, 0, 30000.00, 0.00, 30000.00, '2025-11-25 20:55:01.368239+00');
INSERT INTO public.car_registroevento VALUES (244, 48, 66, 66, 'cambio_estado', '2025-11-25 20:55:05.688343+00', 'KDPR70', 'MAZDA', 'NEW 2 1.5', 'ngel Tejeda', 'completado', 'entregado', NULL, NULL, NULL, NULL, NULL, NULL, NULL, 3, 'camilo', NULL, NULL, 'Estado cambiado de completado a entregado', '2025-11-25 19:31:00.880299+00', '2025-11-25 20:55:05.686127+00', 0, 30000.00, 0.00, 30000.00, '2025-11-25 20:55:05.710283+00');
INSERT INTO public.car_registroevento VALUES (245, 48, 66, 66, 'entrega', '2025-11-25 20:55:05.686127+00', 'KDPR70', 'MAZDA', 'NEW 2 1.5', 'ngel Tejeda', 'entregado', 'entregado', NULL, NULL, NULL, NULL, NULL, NULL, NULL, 3, 'camilo', NULL, NULL, 'Vehculo entregado al cliente', '2025-11-25 19:31:00.880299+00', '2025-11-25 20:55:05.686127+00', 0, 30000.00, 0.00, 30000.00, '2025-11-25 20:55:05.804253+00');
INSERT INTO public.car_registroevento VALUES (246, 40, 58, 60, 'abono', '2025-11-26 19:30:10.49617+00', 'LDBW15', 'CHANGAN', 'CX70 ELITE 1.5', 'Alejandro Aguirre', NULL, 'trabajando', NULL, NULL, NULL, NULL, NULL, NULL, 300000.00, 3, 'camilo', NULL, NULL, 'Abono recibido: $300000 - Efectivo', '2025-11-18 14:21:49.253795+00', NULL, 8, 265000.00, 430000.00, 663000.00, '2025-11-26 19:30:10.53757+00');
INSERT INTO public.car_registroevento VALUES (247, NULL, 67, 65, 'diagnostico_creado', '2025-11-28 16:04:05.744677+00', 'YL1966', 'CITROEN', 'C3 SX 1.6', 'Hernan Ramirez', NULL, 'pendiente', NULL, NULL, NULL, NULL, NULL, NULL, NULL, 3, 'camilo', NULL, NULL, 'Diagnstico creado para vehculo YL1966', NULL, NULL, NULL, 0.00, 0.00, 0.00, '2025-11-28 16:04:05.747648+00');
INSERT INTO public.car_registroevento VALUES (248, 49, 67, 65, 'diagnostico_aprobado', '2025-11-28 16:06:44.211837+00', 'YL1966', 'CITROEN', 'C3 SX 1.6', 'Hernan Ramirez', 'aprobado', 'iniciado', NULL, NULL, NULL, NULL, NULL, NULL, NULL, 3, 'camilo', NULL, NULL, 'Diagnstico aprobado y convertido en trabajo #49 (aprobado 0 da(s) despus de su creacin)', '2025-11-28 16:06:44.19747+00', NULL, 0, 0.00, 0.00, 0.00, '2025-11-28 16:06:44.226955+00');
INSERT INTO public.car_registroevento VALUES (249, 49, 67, 65, 'ingreso', '2025-11-28 16:06:44.19747+00', 'YL1966', 'CITROEN', 'C3 SX 1.6', 'Hernan Ramirez', NULL, 'iniciado', NULL, NULL, NULL, NULL, NULL, NULL, NULL, 3, 'camilo', NULL, NULL, 'Vehculo ingresado al sistema', '2025-11-28 16:06:44.19747+00', NULL, 0, 0.00, 0.00, 0.00, '2025-11-28 16:06:44.286187+00');
INSERT INTO public.car_registroevento VALUES (250, 49, 67, 65, 'cambio_estado', '2025-11-28 20:38:06.265497+00', 'YL1966', 'CITROEN', 'C3 SX 1.6', 'Hernan Ramirez', 'iniciado', 'completado', NULL, NULL, NULL, NULL, NULL, NULL, NULL, 3, 'camilo', NULL, NULL, 'Estado cambiado de iniciado a completado', '2025-11-28 16:06:44.19747+00', NULL, 0, 40000.00, 0.00, 40000.00, '2025-11-28 20:38:06.278771+00');
INSERT INTO public.car_registroevento VALUES (251, 49, 67, 65, 'cambio_estado', '2025-12-01 11:58:06.236371+00', 'YL1966', 'CITROEN', 'C3 SX 1.6', 'Hernan Ramirez', 'completado', 'entregado', NULL, NULL, NULL, NULL, NULL, NULL, NULL, 3, 'camilo', NULL, NULL, 'Estado cambiado de completado a entregado', '2025-11-28 16:06:44.19747+00', '2025-12-01 11:58:06.230944+00', 2, 40000.00, 0.00, 40000.00, '2025-12-01 11:58:06.27717+00');
INSERT INTO public.car_registroevento VALUES (252, 49, 67, 65, 'entrega', '2025-12-01 11:58:06.230944+00', 'YL1966', 'CITROEN', 'C3 SX 1.6', 'Hernan Ramirez', 'entregado', 'entregado', NULL, NULL, NULL, NULL, NULL, NULL, NULL, 3, 'camilo', NULL, NULL, 'Vehculo entregado al cliente', '2025-11-28 16:06:44.19747+00', '2025-12-01 11:58:06.230944+00', 2, 40000.00, 0.00, 40000.00, '2025-12-01 11:58:06.406302+00');
INSERT INTO public.car_registroevento VALUES (253, 49, 67, 65, 'abono', '2025-12-01 11:58:20.425938+00', 'YL1966', 'CITROEN', 'C3 SX 1.6', 'Hernan Ramirez', NULL, 'entregado', NULL, NULL, NULL, NULL, NULL, NULL, 40000.00, 3, 'camilo', NULL, NULL, 'Abono recibido: $40000 - Transferencia', '2025-11-28 16:06:44.19747+00', '2025-12-01 11:58:06.230944+00', 2, 40000.00, 0.00, 40000.00, '2025-12-01 11:58:20.440066+00');
INSERT INTO public.car_registroevento VALUES (254, 46, 64, 64, 'abono', '2025-12-01 11:59:44.919323+00', 'HDWG99', 'MITSUBISHI', 'L200 KATANA CR 2.5', 'Josefina Jimnez Olivares', NULL, 'iniciado', NULL, NULL, NULL, NULL, NULL, NULL, 108000.00, 3, 'camilo', NULL, NULL, 'Abono recibido: $108000 - Transferencia', '2025-11-24 17:29:44.164712+00', NULL, 6, 580000.00, 220000.00, 998000.00, '2025-12-01 11:59:44.937316+00');
INSERT INTO public.car_registroevento VALUES (255, NULL, 68, 67, 'diagnostico_creado', '2025-12-01 18:13:17.482326+00', 'FKZH45', 'HAFEI', 'MINYI 1.1', 'Sandra vila', NULL, 'pendiente', NULL, NULL, NULL, NULL, NULL, NULL, NULL, 3, 'camilo', NULL, NULL, 'Diagnstico creado para vehculo FKZH45', NULL, NULL, NULL, 0.00, 0.00, 0.00, '2025-12-01 18:13:17.483751+00');
INSERT INTO public.car_registroevento VALUES (256, 50, 68, 67, 'diagnostico_aprobado', '2025-12-01 18:13:27.467841+00', 'FKZH45', 'HAFEI', 'MINYI 1.1', 'Sandra vila', 'aprobado', 'iniciado', NULL, NULL, NULL, NULL, NULL, NULL, NULL, 3, 'camilo', NULL, NULL, 'Diagnstico aprobado y convertido en trabajo #50 (aprobado 0 da(s) despus de su creacin)', '2025-12-01 18:13:27.44236+00', NULL, 0, 60000.00, 0.00, 60000.00, '2025-12-01 18:13:27.485992+00');
INSERT INTO public.car_registroevento VALUES (257, 50, 68, 67, 'ingreso', '2025-12-01 18:13:27.44236+00', 'FKZH45', 'HAFEI', 'MINYI 1.1', 'Sandra vila', NULL, 'iniciado', NULL, NULL, NULL, NULL, NULL, NULL, NULL, 3, 'camilo', NULL, NULL, 'Vehculo ingresado al sistema', '2025-12-01 18:13:27.44236+00', NULL, 0, 60000.00, 0.00, 60000.00, '2025-12-01 18:13:27.566516+00');
INSERT INTO public.car_registroevento VALUES (258, 50, 68, 67, 'cambio_estado', '2025-12-01 18:14:54.312441+00', 'FKZH45', 'HAFEI', 'MINYI 1.1', 'Sandra vila', 'iniciado', 'trabajando', NULL, NULL, NULL, NULL, NULL, NULL, NULL, 3, 'camilo', NULL, NULL, 'Estado cambiado de iniciado a trabajando', '2025-12-01 18:14:54.312321+00', NULL, 0, 60000.00, 0.00, 140000.00, '2025-12-01 18:14:54.368115+00');
INSERT INTO public.car_registroevento VALUES (259, 50, 68, 67, 'mecanico_asignado', '2025-12-01 18:14:54.506744+00', 'FKZH45', 'HAFEI', 'MINYI 1.1', 'Sandra vila', NULL, 'trabajando', NULL, NULL, NULL, NULL, NULL, NULL, NULL, 3, 'camilo', 2, 'Bejamin Mondaca', 'Mecnico asignado: Bejamin Mondaca', '2025-12-01 18:14:54.312321+00', NULL, 0, 60000.00, 0.00, 140000.00, '2025-12-01 18:14:54.530206+00');
INSERT INTO public.car_registroevento VALUES (260, 38, 56, 58, 'abono', '2025-12-02 12:18:55.412749+00', 'GZBR77', 'MITSUBISHI', 'L200 KATANA D CAB CRT 4X4 2.5', 'Melissa tapia', NULL, 'completado', NULL, NULL, NULL, NULL, NULL, NULL, 200000.00, 3, 'camilo', NULL, NULL, 'Abono recibido: $200000 - Transferencia', '2025-11-13 21:30:39.099945+00', NULL, 18, 15000.00, 0.00, 15000.00, '2025-12-02 12:18:55.450135+00');
INSERT INTO public.car_registroevento VALUES (261, 38, 56, 58, 'cambio_estado', '2025-12-02 12:23:23.181885+00', 'GZBR77', 'MITSUBISHI', 'L200 KATANA D CAB CRT 4X4 2.5', 'Melissa tapia', 'completado', 'trabajando', NULL, NULL, NULL, NULL, NULL, NULL, NULL, 3, 'camilo', NULL, NULL, 'Estado cambiado de completado a trabajando', '2025-11-13 21:30:39.099945+00', NULL, 18, 15000.00, 0.00, 15000.00, '2025-12-02 12:23:23.201783+00');
INSERT INTO public.car_registroevento VALUES (262, NULL, 69, 68, 'diagnostico_creado', '2025-12-02 12:39:03.068305+00', 'BKLK16', 'PEUGEOT', 'EXPERT', 'Johana Martnez Reinoso', NULL, 'pendiente', NULL, NULL, NULL, NULL, NULL, NULL, NULL, 3, 'camilo', NULL, NULL, 'Diagnstico creado para vehculo BKLK16', NULL, NULL, NULL, 0.00, 0.00, 0.00, '2025-12-02 12:39:03.075679+00');
INSERT INTO public.car_registroevento VALUES (263, 51, 69, 68, 'diagnostico_aprobado', '2025-12-02 12:39:10.953292+00', 'BKLK16', 'PEUGEOT', 'EXPERT', 'Johana Martnez Reinoso', 'aprobado', 'iniciado', NULL, NULL, NULL, NULL, NULL, NULL, NULL, 3, 'camilo', NULL, NULL, 'Diagnstico aprobado y convertido en trabajo #51 (aprobado 0 da(s) despus de su creacin)', '2025-12-02 12:39:10.933043+00', NULL, 0, 0.00, 0.00, 0.00, '2025-12-02 12:39:10.971537+00');
INSERT INTO public.car_registroevento VALUES (264, 51, 69, 68, 'ingreso', '2025-12-02 12:39:10.933043+00', 'BKLK16', 'PEUGEOT', 'EXPERT', 'Johana Martnez Reinoso', NULL, 'iniciado', NULL, NULL, NULL, NULL, NULL, NULL, NULL, 3, 'camilo', NULL, NULL, 'Vehculo ingresado al sistema', '2025-12-02 12:39:10.933043+00', NULL, 0, 0.00, 0.00, 0.00, '2025-12-02 12:39:11.066513+00');
INSERT INTO public.car_registroevento VALUES (265, 51, 69, 68, 'abono', '2025-12-02 12:44:05.581884+00', 'BKLK16', 'PEUGEOT', 'EXPERT', 'Johana Martnez Reinoso', NULL, 'iniciado', NULL, NULL, NULL, NULL, NULL, NULL, 60000.00, 3, 'camilo', NULL, NULL, 'Abono recibido: $60000 - Efectivo', '2025-12-02 12:39:10.933043+00', NULL, 0, 0.00, 90000.00, 64000.00, '2025-12-02 12:44:05.618205+00');
INSERT INTO public.car_registroevento VALUES (266, 51, 69, 68, 'cambio_estado', '2025-12-02 12:48:25.628959+00', 'BKLK16', 'PEUGEOT', 'EXPERT', 'Johana Martnez Reinoso', 'iniciado', 'trabajando', NULL, NULL, NULL, NULL, NULL, NULL, NULL, 3, 'camilo', NULL, NULL, 'Estado cambiado de iniciado a trabajando', '2025-12-02 12:48:25.628896+00', NULL, 0, 0.00, 90000.00, 64000.00, '2025-12-02 12:48:25.644107+00');
INSERT INTO public.car_registroevento VALUES (267, 51, 69, 68, 'mecanico_asignado', '2025-12-02 12:48:25.708547+00', 'BKLK16', 'PEUGEOT', 'EXPERT', 'Johana Martnez Reinoso', NULL, 'trabajando', NULL, NULL, NULL, NULL, NULL, NULL, NULL, 3, 'camilo', 8, 'Carlos Arancibia', 'Mecnico asignado: Carlos Arancibia', '2025-12-02 12:48:25.628896+00', NULL, 0, 0.00, 90000.00, 64000.00, '2025-12-02 12:48:25.720955+00');
INSERT INTO public.car_registroevento VALUES (268, 37, 55, 57, 'cambio_estado', '2025-12-02 12:49:10.074553+00', 'BCGK32', 'MITSUBISHI', 'MONTERO SPORT 2.5 AUT', 'Arturo Fernndez', 'trabajando', 'completado', NULL, NULL, NULL, NULL, NULL, NULL, NULL, 3, 'camilo', NULL, NULL, 'Estado cambiado de trabajando a completado', '2025-11-13 21:36:00.751319+00', NULL, 18, 300000.00, 10000.00, 380000.00, '2025-12-02 12:49:10.09964+00');
INSERT INTO public.car_registroevento VALUES (269, 46, 64, 64, 'cambio_estado', '2025-12-02 12:49:33.796896+00', 'HDWG99', 'MITSUBISHI', 'L200 KATANA CR 2.5', 'Josefina Jimnez Olivares', 'iniciado', 'trabajando', NULL, NULL, NULL, NULL, NULL, NULL, NULL, 3, 'camilo', NULL, NULL, 'Estado cambiado de iniciado a trabajando', '2025-11-24 17:29:44.164712+00', NULL, 7, 580000.00, 220000.00, 1000000.00, '2025-12-02 12:49:33.81335+00');
INSERT INTO public.car_registroevento VALUES (270, 42, 59, 61, 'cambio_estado', '2025-12-02 12:49:44.902739+00', 'GLPF90', 'CHEVROLET', 'CAPTIVA 4X4 2.0 AUT', 'Vctor Onetto', 'iniciado', 'trabajando', NULL, NULL, NULL, NULL, NULL, NULL, NULL, 3, 'camilo', NULL, NULL, 'Estado cambiado de iniciado a trabajando', '2025-11-17 16:46:08.144666+00', NULL, 14, 165000.00, 0.00, 165000.00, '2025-12-02 12:49:44.928521+00');
INSERT INTO public.car_registroevento VALUES (271, 51, 69, 68, 'abono', '2025-12-02 15:30:36.302775+00', 'BKLK16', 'PEUGEOT', 'EXPERT', 'Johana Martnez Reinoso', NULL, 'trabajando', NULL, NULL, NULL, NULL, NULL, NULL, 44000.00, 3, 'camilo', NULL, NULL, 'Abono recibido: $44000 - Efectivo', '2025-12-02 12:48:25.628896+00', NULL, 0, 40000.00, 90000.00, 104000.00, '2025-12-02 15:30:36.322991+00');
INSERT INTO public.car_registroevento VALUES (272, 51, 69, 68, 'cambio_estado', '2025-12-02 15:31:01.781614+00', 'BKLK16', 'PEUGEOT', 'EXPERT', 'Johana Martnez Reinoso', 'trabajando', 'completado', NULL, NULL, NULL, NULL, NULL, NULL, NULL, 3, 'camilo', NULL, NULL, 'Estado cambiado de trabajando a completado', '2025-12-02 12:48:25.628896+00', NULL, 0, 40000.00, 90000.00, 104000.00, '2025-12-02 15:31:01.804002+00');
INSERT INTO public.car_registroevento VALUES (273, 51, 69, 68, 'cambio_estado', '2025-12-02 15:31:04.66143+00', 'BKLK16', 'PEUGEOT', 'EXPERT', 'Johana Martnez Reinoso', 'completado', 'entregado', NULL, NULL, NULL, NULL, NULL, NULL, NULL, 3, 'camilo', NULL, NULL, 'Estado cambiado de completado a entregado', '2025-12-02 12:48:25.628896+00', '2025-12-02 15:31:04.65485+00', 0, 40000.00, 90000.00, 104000.00, '2025-12-02 15:31:04.696624+00');
INSERT INTO public.car_registroevento VALUES (274, 51, 69, 68, 'entrega', '2025-12-02 15:31:04.65485+00', 'BKLK16', 'PEUGEOT', 'EXPERT', 'Johana Martnez Reinoso', 'entregado', 'entregado', NULL, NULL, NULL, NULL, NULL, NULL, NULL, 3, 'camilo', NULL, NULL, 'Vehculo entregado al cliente', '2025-12-02 12:48:25.628896+00', '2025-12-02 15:31:04.65485+00', 0, 40000.00, 90000.00, 104000.00, '2025-12-02 15:31:04.764249+00');
INSERT INTO public.car_registroevento VALUES (275, NULL, 70, 69, 'diagnostico_creado', '2025-12-02 16:37:13.039927+00', 'CVCX37', 'HYUNDAI', 'NEW H1 GLS TCI 2.5', 'Francisco Castro', NULL, 'pendiente', NULL, NULL, NULL, NULL, NULL, NULL, NULL, 3, 'camilo', NULL, NULL, 'Diagnstico creado para vehculo CVCX37', NULL, NULL, NULL, 0.00, 0.00, 0.00, '2025-12-02 16:37:13.043096+00');
INSERT INTO public.car_registroevento VALUES (276, 52, 70, 69, 'diagnostico_aprobado', '2025-12-02 16:38:00.101536+00', 'CVCX37', 'HYUNDAI', 'NEW H1 GLS TCI 2.5', 'Francisco Castro', 'aprobado', 'iniciado', NULL, NULL, NULL, NULL, NULL, NULL, NULL, 3, 'camilo', NULL, NULL, 'Diagnstico aprobado y convertido en trabajo #52 (aprobado 0 da(s) despus de su creacin)', '2025-12-02 16:38:00.00784+00', NULL, 0, 25000.00, 0.00, 25000.00, '2025-12-02 16:38:00.178985+00');
INSERT INTO public.car_registroevento VALUES (277, 52, 70, 69, 'ingreso', '2025-12-02 16:38:00.00784+00', 'CVCX37', 'HYUNDAI', 'NEW H1 GLS TCI 2.5', 'Francisco Castro', NULL, 'iniciado', NULL, NULL, NULL, NULL, NULL, NULL, NULL, 3, 'camilo', NULL, NULL, 'Vehculo ingresado al sistema', '2025-12-02 16:38:00.00784+00', NULL, 0, 25000.00, 0.00, 25000.00, '2025-12-02 16:38:00.238117+00');
INSERT INTO public.car_registroevento VALUES (278, NULL, 71, 70, 'diagnostico_creado', '2025-12-02 20:15:13.157457+00', 'KSPV63', 'MAXUS', 'T60 DCAB DX 2.8', 'Nilson Zamora', NULL, 'pendiente', NULL, NULL, NULL, NULL, NULL, NULL, NULL, 3, 'camilo', NULL, NULL, 'Diagnstico creado para vehculo KSPV63', NULL, NULL, NULL, 0.00, 0.00, 0.00, '2025-12-02 20:15:13.191679+00');
INSERT INTO public.car_registroevento VALUES (279, 53, 71, 70, 'diagnostico_aprobado', '2025-12-02 20:16:08.81604+00', 'KSPV63', 'MAXUS', 'T60 DCAB DX 2.8', 'Nilson Zamora', 'aprobado', 'iniciado', NULL, NULL, NULL, NULL, NULL, NULL, NULL, 3, 'camilo', NULL, NULL, 'Diagnstico aprobado y convertido en trabajo #53 (aprobado 0 da(s) despus de su creacin)', '2025-12-02 20:16:08.767847+00', NULL, 0, 0.00, 0.00, 0.00, '2025-12-02 20:16:08.867172+00');
INSERT INTO public.car_registroevento VALUES (280, 53, 71, 70, 'ingreso', '2025-12-02 20:16:08.767847+00', 'KSPV63', 'MAXUS', 'T60 DCAB DX 2.8', 'Nilson Zamora', NULL, 'iniciado', NULL, NULL, NULL, NULL, NULL, NULL, NULL, 3, 'camilo', NULL, NULL, 'Vehculo ingresado al sistema', '2025-12-02 20:16:08.767847+00', NULL, 0, 0.00, 0.00, 0.00, '2025-12-02 20:16:08.929728+00');
INSERT INTO public.car_registroevento VALUES (281, 50, 68, 67, 'cambio_estado', '2025-12-02 20:19:46.352053+00', 'FKZH45', 'HAFEI', 'MINYI 1.1', 'Sandra vila', 'trabajando', 'completado', NULL, NULL, NULL, NULL, NULL, NULL, NULL, 3, 'camilo', NULL, NULL, 'Estado cambiado de trabajando a completado', '2025-12-01 18:14:54.312321+00', NULL, 1, 90000.00, 0.00, 191500.00, '2025-12-02 20:19:46.369284+00');
INSERT INTO public.car_registroevento VALUES (282, NULL, 72, 15, 'diagnostico_creado', '2025-12-03 14:49:27.250765+00', 'DLXZ47', 'FORD', 'NEW FIESTA HB 1.6', 'Gonzalo Moreno Urbina', NULL, 'pendiente', NULL, NULL, NULL, NULL, NULL, NULL, NULL, 3, 'camilo', NULL, NULL, 'Diagnstico creado para vehculo DLXZ47', NULL, NULL, NULL, 0.00, 0.00, 0.00, '2025-12-03 14:49:27.253689+00');
INSERT INTO public.car_registroevento VALUES (283, 54, 72, 15, 'diagnostico_aprobado', '2025-12-03 14:49:36.719092+00', 'DLXZ47', 'FORD', 'NEW FIESTA HB 1.6', 'Gonzalo Moreno Urbina', 'aprobado', 'iniciado', NULL, NULL, NULL, NULL, NULL, NULL, NULL, 3, 'camilo', NULL, NULL, 'Diagnstico aprobado y convertido en trabajo #54 (aprobado 0 da(s) despus de su creacin)', '2025-12-03 14:49:36.685185+00', NULL, 0, 0.00, 15000.00, 15000.00, '2025-12-03 14:49:36.759711+00');
INSERT INTO public.car_registroevento VALUES (284, 54, 72, 15, 'ingreso', '2025-12-03 14:49:36.685185+00', 'DLXZ47', 'FORD', 'NEW FIESTA HB 1.6', 'Gonzalo Moreno Urbina', NULL, 'iniciado', NULL, NULL, NULL, NULL, NULL, NULL, NULL, 3, 'camilo', NULL, NULL, 'Vehculo ingresado al sistema', '2025-12-03 14:49:36.685185+00', NULL, 0, 0.00, 15000.00, 15000.00, '2025-12-03 14:49:36.815948+00');
INSERT INTO public.car_registroevento VALUES (285, 50, 68, 67, 'abono', '2025-12-03 16:44:37.560805+00', 'FKZH45', 'HAFEI', 'MINYI 1.1', 'Sandra vila', NULL, 'completado', NULL, NULL, NULL, NULL, NULL, NULL, 190000.00, 3, 'camilo', NULL, NULL, 'Abono recibido: $190000 - Efectivo', '2025-12-01 18:14:54.312321+00', NULL, 1, 90000.00, 0.00, 190000.00, '2025-12-03 16:44:37.578991+00');
INSERT INTO public.car_registroevento VALUES (286, 50, 68, 67, 'cambio_estado', '2025-12-03 16:44:43.635951+00', 'FKZH45', 'HAFEI', 'MINYI 1.1', 'Sandra vila', 'completado', 'entregado', NULL, NULL, NULL, NULL, NULL, NULL, NULL, 3, 'camilo', NULL, NULL, 'Estado cambiado de completado a entregado', '2025-12-01 18:14:54.312321+00', '2025-12-03 16:44:43.632973+00', 1, 90000.00, 0.00, 190000.00, '2025-12-03 16:44:43.648973+00');
INSERT INTO public.car_registroevento VALUES (287, 50, 68, 67, 'entrega', '2025-12-03 16:44:43.632973+00', 'FKZH45', 'HAFEI', 'MINYI 1.1', 'Sandra vila', 'entregado', 'entregado', NULL, NULL, NULL, NULL, NULL, NULL, NULL, 3, 'camilo', NULL, NULL, 'Vehculo entregado al cliente', '2025-12-01 18:14:54.312321+00', '2025-12-03 16:44:43.632973+00', 1, 90000.00, 0.00, 190000.00, '2025-12-03 16:44:43.737791+00');
INSERT INTO public.car_registroevento VALUES (288, 53, 71, 70, 'cambio_estado', '2025-12-03 20:05:26.533524+00', 'KSPV63', 'MAXUS', 'T60 DCAB DX 2.8', 'Nilson Zamora', 'iniciado', 'completado', NULL, NULL, NULL, NULL, NULL, NULL, NULL, 3, 'camilo', NULL, NULL, 'Estado cambiado de iniciado a completado', '2025-12-02 20:16:08.767847+00', NULL, 0, 65000.00, 7000.00, 100000.00, '2025-12-03 20:05:26.55702+00');
INSERT INTO public.car_registroevento VALUES (289, 53, 71, 70, 'cambio_estado', '2025-12-03 20:37:34.236718+00', 'KSPV63', 'MAXUS', 'T60 DCAB DX 2.8', 'Nilson Zamora', 'completado', 'entregado', NULL, NULL, NULL, NULL, NULL, NULL, NULL, 3, 'camilo', NULL, NULL, 'Estado cambiado de completado a entregado', '2025-12-02 20:16:08.767847+00', '2025-12-03 20:37:34.233917+00', 1, 65000.00, 7000.00, 100000.00, '2025-12-03 20:37:34.257528+00');
INSERT INTO public.car_registroevento VALUES (290, 53, 71, 70, 'entrega', '2025-12-03 20:37:34.233917+00', 'KSPV63', 'MAXUS', 'T60 DCAB DX 2.8', 'Nilson Zamora', 'entregado', 'entregado', NULL, NULL, NULL, NULL, NULL, NULL, NULL, 3, 'camilo', NULL, NULL, 'Vehculo entregado al cliente', '2025-12-02 20:16:08.767847+00', '2025-12-03 20:37:34.233917+00', 1, 65000.00, 7000.00, 100000.00, '2025-12-03 20:37:34.308367+00');
INSERT INTO public.car_registroevento VALUES (291, 53, 71, 70, 'abono', '2025-12-03 20:37:47.421661+00', 'KSPV63', 'MAXUS', 'T60 DCAB DX 2.8', 'Nilson Zamora', NULL, 'entregado', NULL, NULL, NULL, NULL, NULL, NULL, 100000.00, 3, 'camilo', NULL, NULL, 'Abono recibido: $100000 - Tarjeta', '2025-12-02 20:16:08.767847+00', '2025-12-03 20:37:34.233917+00', 1, 65000.00, 7000.00, 100000.00, '2025-12-03 20:37:47.436762+00');
INSERT INTO public.car_registroevento VALUES (292, NULL, 73, 71, 'diagnostico_creado', '2025-12-04 18:22:47.124529+00', 'KVXS81', 'CHANGAN', 'CX70 LUXURY 1.6', 'Elas Valle Gonzlez', NULL, 'pendiente', NULL, NULL, NULL, NULL, NULL, NULL, NULL, 3, 'camilo', NULL, NULL, 'Diagnstico creado para vehculo KVXS81', NULL, NULL, NULL, 0.00, 0.00, 0.00, '2025-12-04 18:22:47.12827+00');
INSERT INTO public.car_registroevento VALUES (293, 55, 73, 71, 'diagnostico_aprobado', '2025-12-04 18:28:31.98574+00', 'KVXS81', 'CHANGAN', 'CX70 LUXURY 1.6', 'Elas Valle Gonzlez', 'aprobado', 'iniciado', NULL, NULL, NULL, NULL, NULL, NULL, NULL, 3, 'camilo', NULL, NULL, 'Diagnstico aprobado y convertido en trabajo #55 (aprobado 0 da(s) despus de su creacin)', '2025-12-04 18:28:31.963987+00', NULL, 0, 30000.00, 50000.00, 80000.00, '2025-12-04 18:28:31.995984+00');
INSERT INTO public.car_registroevento VALUES (294, 55, 73, 71, 'ingreso', '2025-12-04 18:28:31.963987+00', 'KVXS81', 'CHANGAN', 'CX70 LUXURY 1.6', 'Elas Valle Gonzlez', NULL, 'iniciado', NULL, NULL, NULL, NULL, NULL, NULL, NULL, 3, 'camilo', NULL, NULL, 'Vehculo ingresado al sistema', '2025-12-04 18:28:31.963987+00', NULL, 0, 30000.00, 50000.00, 80000.00, '2025-12-04 18:28:32.046676+00');
INSERT INTO public.car_registroevento VALUES (295, 55, 73, 71, 'cambio_estado', '2025-12-04 18:31:19.201179+00', 'KVXS81', 'CHANGAN', 'CX70 LUXURY 1.6', 'Elas Valle Gonzlez', 'iniciado', 'completado', NULL, NULL, NULL, NULL, NULL, NULL, NULL, 3, 'camilo', NULL, NULL, 'Estado cambiado de iniciado a completado', '2025-12-04 18:28:31.963987+00', NULL, 0, 50000.00, 50000.00, 100000.00, '2025-12-04 18:31:19.223752+00');
INSERT INTO public.car_registroevento VALUES (296, 55, 73, 71, 'cambio_estado', '2025-12-04 21:21:21.581526+00', 'KVXS81', 'CHANGAN', 'CX70 LUXURY 1.6', 'Elas Valle Gonzlez', 'completado', 'entregado', NULL, NULL, NULL, NULL, NULL, NULL, NULL, 3, 'camilo', NULL, NULL, 'Estado cambiado de completado a entregado', '2025-12-04 18:28:31.963987+00', '2025-12-04 21:21:21.57505+00', 0, 50000.00, 50000.00, 100000.00, '2025-12-04 21:21:21.598638+00');
INSERT INTO public.car_registroevento VALUES (297, 55, 73, 71, 'entrega', '2025-12-04 21:21:21.57505+00', 'KVXS81', 'CHANGAN', 'CX70 LUXURY 1.6', 'Elas Valle Gonzlez', 'entregado', 'entregado', NULL, NULL, NULL, NULL, NULL, NULL, NULL, 3, 'camilo', NULL, NULL, 'Vehculo entregado al cliente', '2025-12-04 18:28:31.963987+00', '2025-12-04 21:21:21.57505+00', 0, 50000.00, 50000.00, 100000.00, '2025-12-04 21:21:21.651614+00');
INSERT INTO public.car_registroevento VALUES (298, 55, 73, 71, 'abono', '2025-12-04 21:21:33.319301+00', 'KVXS81', 'CHANGAN', 'CX70 LUXURY 1.6', 'Elas Valle Gonzlez', NULL, 'entregado', NULL, NULL, NULL, NULL, NULL, NULL, 100000.00, 3, 'camilo', NULL, NULL, 'Abono recibido: $100000 - Tarjeta', '2025-12-04 18:28:31.963987+00', '2025-12-04 21:21:21.57505+00', 0, 50000.00, 50000.00, 100000.00, '2025-12-04 21:21:33.338582+00');
INSERT INTO public.car_registroevento VALUES (299, 46, 64, 64, 'mecanico_asignado', '2025-12-05 13:51:07.8682+00', 'HDWG99', 'MITSUBISHI', 'L200 KATANA CR 2.5', 'Josefina Jimnez Olivares', NULL, 'trabajando', NULL, NULL, NULL, NULL, NULL, NULL, NULL, 3, 'camilo', 2, 'Bejamin Mondaca', 'Mecnico asignado: Bejamin Mondaca', '2025-11-24 17:29:44.164712+00', NULL, 10, 580000.00, 220000.00, 1000000.00, '2025-12-05 13:51:07.898479+00');
INSERT INTO public.car_registroevento VALUES (300, NULL, 74, 72, 'diagnostico_creado', '2025-12-05 16:10:56.261662+00', 'XS3515', 'CHEVROLET', 'OPTRA LS 1.6', 'Miguel Vargas Vega', NULL, 'pendiente', NULL, NULL, NULL, NULL, NULL, NULL, NULL, 3, 'camilo', NULL, NULL, 'Diagnstico creado para vehculo XS3515', NULL, NULL, NULL, 0.00, 0.00, 0.00, '2025-12-05 16:10:56.264948+00');
INSERT INTO public.car_registroevento VALUES (301, 56, 74, 72, 'diagnostico_aprobado', '2025-12-05 16:11:25.090752+00', 'XS3515', 'CHEVROLET', 'OPTRA LS 1.6', 'Miguel Vargas Vega', 'aprobado', 'iniciado', NULL, NULL, NULL, NULL, NULL, NULL, NULL, 3, 'camilo', NULL, NULL, 'Diagnstico aprobado y convertido en trabajo #56 (aprobado 0 da(s) despus de su creacin)', '2025-12-05 16:11:25.062984+00', NULL, 0, 20000.00, 42000.00, 62000.00, '2025-12-05 16:11:25.099017+00');
INSERT INTO public.car_registroevento VALUES (302, 56, 74, 72, 'ingreso', '2025-12-05 16:11:25.062984+00', 'XS3515', 'CHEVROLET', 'OPTRA LS 1.6', 'Miguel Vargas Vega', NULL, 'iniciado', NULL, NULL, NULL, NULL, NULL, NULL, NULL, 3, 'camilo', NULL, NULL, 'Vehculo ingresado al sistema', '2025-12-05 16:11:25.062984+00', NULL, 0, 20000.00, 42000.00, 62000.00, '2025-12-05 16:11:25.15126+00');
INSERT INTO public.car_registroevento VALUES (303, 56, 74, 72, 'cambio_estado', '2025-12-05 16:13:47.264314+00', 'XS3515', 'CHEVROLET', 'OPTRA LS 1.6', 'Miguel Vargas Vega', 'iniciado', 'trabajando', NULL, NULL, NULL, NULL, NULL, NULL, NULL, 3, 'camilo', NULL, NULL, 'Estado cambiado de iniciado a trabajando', '2025-12-05 16:13:47.264225+00', NULL, 0, 20000.00, 48000.00, 68000.00, '2025-12-05 16:13:47.280186+00');
INSERT INTO public.car_registroevento VALUES (304, 56, 74, 72, 'mecanico_asignado', '2025-12-05 16:13:47.341164+00', 'XS3515', 'CHEVROLET', 'OPTRA LS 1.6', 'Miguel Vargas Vega', NULL, 'trabajando', NULL, NULL, NULL, NULL, NULL, NULL, NULL, 3, 'camilo', 8, 'Carlos Arancibia', 'Mecnico asignado: Carlos Arancibia', '2025-12-05 16:13:47.264225+00', NULL, 0, 20000.00, 48000.00, 68000.00, '2025-12-05 16:13:47.349825+00');
INSERT INTO public.car_registroevento VALUES (305, 56, 74, 72, 'cambio_estado', '2025-12-05 16:47:34.646838+00', 'XS3515', 'CHEVROLET', 'OPTRA LS 1.6', 'Miguel Vargas Vega', 'trabajando', 'completado', NULL, NULL, NULL, NULL, NULL, NULL, NULL, 3, 'camilo', NULL, NULL, 'Estado cambiado de trabajando a completado', '2025-12-05 16:13:47.264225+00', NULL, 0, 20000.00, 48000.00, 68000.00, '2025-12-05 16:47:34.663355+00');
INSERT INTO public.car_registroevento VALUES (306, 56, 74, 72, 'cambio_estado', '2025-12-05 16:47:57.116377+00', 'XS3515', 'CHEVROLET', 'OPTRA LS 1.6', 'Miguel Vargas Vega', 'completado', 'entregado', NULL, NULL, NULL, NULL, NULL, NULL, NULL, 3, 'camilo', NULL, NULL, 'Estado cambiado de completado a entregado', '2025-12-05 16:13:47.264225+00', '2025-12-05 16:47:57.104799+00', 0, 20000.00, 48000.00, 68000.00, '2025-12-05 16:47:57.180885+00');
INSERT INTO public.car_registroevento VALUES (307, 56, 74, 72, 'entrega', '2025-12-05 16:47:57.104799+00', 'XS3515', 'CHEVROLET', 'OPTRA LS 1.6', 'Miguel Vargas Vega', 'entregado', 'entregado', NULL, NULL, NULL, NULL, NULL, NULL, NULL, 3, 'camilo', NULL, NULL, 'Vehculo entregado al cliente', '2025-12-05 16:13:47.264225+00', '2025-12-05 16:47:57.104799+00', 0, 20000.00, 48000.00, 68000.00, '2025-12-05 16:47:57.336769+00');
INSERT INTO public.car_registroevento VALUES (308, 56, 74, 72, 'abono', '2025-12-05 16:48:08.376172+00', 'XS3515', 'CHEVROLET', 'OPTRA LS 1.6', 'Miguel Vargas Vega', NULL, 'entregado', NULL, NULL, NULL, NULL, NULL, NULL, 68000.00, 3, 'camilo', NULL, NULL, 'Abono recibido: $68000 - Tarjeta', '2025-12-05 16:13:47.264225+00', '2025-12-05 16:47:57.104799+00', 0, 20000.00, 48000.00, 68000.00, '2025-12-05 16:48:08.402207+00');
INSERT INTO public.car_registroevento VALUES (309, 42, 59, 61, 'mecanico_asignado', '2025-12-05 18:36:58.39783+00', 'GLPF90', 'CHEVROLET', 'CAPTIVA 4X4 2.0 AUT', 'Vctor Onetto', NULL, 'trabajando', NULL, NULL, NULL, NULL, NULL, NULL, NULL, 3, 'camilo', 2, 'Bejamin Mondaca', 'Mecnico asignado: Bejamin Mondaca', '2025-11-17 16:46:08.144666+00', NULL, 18, 165000.00, 0.00, 165000.00, '2025-12-05 18:36:58.419202+00');
INSERT INTO public.car_registroevento VALUES (310, 42, 59, 61, 'cambio_estado', '2025-12-05 21:18:15.746074+00', 'GLPF90', 'CHEVROLET', 'CAPTIVA 4X4 2.0 AUT', 'Vctor Onetto', 'trabajando', 'completado', NULL, NULL, NULL, NULL, NULL, NULL, NULL, 3, 'camilo', NULL, NULL, 'Estado cambiado de trabajando a completado', '2025-11-17 16:46:08.144666+00', NULL, 18, 165000.00, 0.00, 165000.00, '2025-12-05 21:18:15.756584+00');
INSERT INTO public.car_registroevento VALUES (311, 40, 58, 60, 'cambio_estado', '2025-12-05 22:01:15.776838+00', 'LDBW15', 'CHANGAN', 'CX70 ELITE 1.5', 'Alejandro Aguirre', 'trabajando', 'completado', NULL, NULL, NULL, NULL, NULL, NULL, NULL, 3, 'camilo', NULL, NULL, 'Estado cambiado de trabajando a completado', '2025-11-18 14:21:49.253795+00', NULL, 17, 365000.00, 765000.00, 1214000.00, '2025-12-05 22:01:15.793172+00');
INSERT INTO public.car_registroevento VALUES (312, 46, 64, 64, 'cambio_estado', '2025-12-05 22:02:19.928641+00', 'HDWG99', 'MITSUBISHI', 'L200 KATANA CR 2.5', 'Josefina Jimnez Olivares', 'trabajando', 'completado', NULL, NULL, NULL, NULL, NULL, NULL, NULL, 3, 'camilo', NULL, NULL, 'Estado cambiado de trabajando a completado', '2025-11-24 17:29:44.164712+00', NULL, 11, 580000.00, 318000.00, 1116000.00, '2025-12-05 22:02:19.944743+00');
INSERT INTO public.car_registroevento VALUES (313, 40, 58, 60, 'abono', '2025-12-06 12:20:10.9118+00', 'LDBW15', 'CHANGAN', 'CX70 ELITE 1.5', 'Alejandro Aguirre', NULL, 'completado', NULL, NULL, NULL, NULL, NULL, NULL, 600000.00, 3, 'camilo', NULL, NULL, 'Abono recibido: $600000 - Tarjeta', '2025-11-18 14:21:49.253795+00', NULL, 17, 365000.00, 765000.00, 1200000.00, '2025-12-06 12:20:10.931955+00');
INSERT INTO public.car_registroevento VALUES (314, 40, 58, 60, 'cambio_estado', '2025-12-06 12:20:14.573993+00', 'LDBW15', 'CHANGAN', 'CX70 ELITE 1.5', 'Alejandro Aguirre', 'completado', 'entregado', NULL, NULL, NULL, NULL, NULL, NULL, NULL, 3, 'camilo', NULL, NULL, 'Estado cambiado de completado a entregado', '2025-11-18 14:21:49.253795+00', '2025-12-06 12:20:14.569615+00', 17, 365000.00, 765000.00, 1200000.00, '2025-12-06 12:20:14.611376+00');
INSERT INTO public.car_registroevento VALUES (315, 40, 58, 60, 'entrega', '2025-12-06 12:20:14.569615+00', 'LDBW15', 'CHANGAN', 'CX70 ELITE 1.5', 'Alejandro Aguirre', 'entregado', 'entregado', NULL, NULL, NULL, NULL, NULL, NULL, NULL, 3, 'camilo', NULL, NULL, 'Vehculo entregado al cliente', '2025-11-18 14:21:49.253795+00', '2025-12-06 12:20:14.569615+00', 17, 365000.00, 765000.00, 1200000.00, '2025-12-06 12:20:14.734297+00');
INSERT INTO public.car_registroevento VALUES (316, 46, 64, 64, 'abono', '2025-12-06 12:48:25.043808+00', 'HDWG99', 'MITSUBISHI', 'L200 KATANA CR 2.5', 'Josefina Jimnez Olivares', NULL, 'completado', NULL, NULL, NULL, NULL, NULL, NULL, 800000.00, 3, 'camilo', NULL, NULL, 'Abono recibido: $800000 - Efectivo', '2025-11-24 17:29:44.164712+00', NULL, 11, 580000.00, 318000.00, 1108000.00, '2025-12-06 12:48:25.060958+00');
INSERT INTO public.car_registroevento VALUES (317, 46, 64, 64, 'cambio_estado', '2025-12-06 12:48:38.399067+00', 'HDWG99', 'MITSUBISHI', 'L200 KATANA CR 2.5', 'Josefina Jimnez Olivares', 'completado', 'entregado', NULL, NULL, NULL, NULL, NULL, NULL, NULL, 3, 'camilo', NULL, NULL, 'Estado cambiado de completado a entregado', '2025-11-24 17:29:44.164712+00', '2025-12-06 12:48:38.396087+00', 11, 580000.00, 318000.00, 1108000.00, '2025-12-06 12:48:38.413565+00');
INSERT INTO public.car_registroevento VALUES (318, 46, 64, 64, 'entrega', '2025-12-06 12:48:38.396087+00', 'HDWG99', 'MITSUBISHI', 'L200 KATANA CR 2.5', 'Josefina Jimnez Olivares', 'entregado', 'entregado', NULL, NULL, NULL, NULL, NULL, NULL, NULL, 3, 'camilo', NULL, NULL, 'Vehculo entregado al cliente', '2025-11-24 17:29:44.164712+00', '2025-12-06 12:48:38.396087+00', 11, 580000.00, 318000.00, 1108000.00, '2025-12-06 12:48:38.475864+00');
INSERT INTO public.car_registroevento VALUES (319, 42, 59, 61, 'abono', '2025-12-06 13:14:55.864083+00', 'GLPF90', 'CHEVROLET', 'CAPTIVA 4X4 2.0 AUT', 'Vctor Onetto', NULL, 'completado', NULL, NULL, NULL, NULL, NULL, NULL, 150000.00, 3, 'camilo', NULL, NULL, 'Abono recibido: $150000 - Efectivo', '2025-11-17 16:46:08.144666+00', NULL, 18, 165000.00, 0.00, 165000.00, '2025-12-06 13:14:55.888218+00');
INSERT INTO public.car_registroevento VALUES (320, 42, 59, 61, 'cambio_estado', '2025-12-06 13:15:01.236386+00', 'GLPF90', 'CHEVROLET', 'CAPTIVA 4X4 2.0 AUT', 'Vctor Onetto', 'completado', 'entregado', NULL, NULL, NULL, NULL, NULL, NULL, NULL, 3, 'camilo', NULL, NULL, 'Estado cambiado de completado a entregado', '2025-11-17 16:46:08.144666+00', '2025-12-06 13:15:01.231172+00', 18, 165000.00, 0.00, 165000.00, '2025-12-06 13:15:01.259147+00');
INSERT INTO public.car_registroevento VALUES (321, 42, 59, 61, 'entrega', '2025-12-06 13:15:01.231172+00', 'GLPF90', 'CHEVROLET', 'CAPTIVA 4X4 2.0 AUT', 'Vctor Onetto', 'entregado', 'entregado', NULL, NULL, NULL, NULL, NULL, NULL, NULL, 3, 'camilo', NULL, NULL, 'Vehculo entregado al cliente', '2025-11-17 16:46:08.144666+00', '2025-12-06 13:15:01.231172+00', 18, 165000.00, 0.00, 165000.00, '2025-12-06 13:15:01.443343+00');
INSERT INTO public.car_registroevento VALUES (322, 52, 70, 69, 'abono', '2025-12-09 12:24:28.841169+00', 'CVCX37', 'HYUNDAI', 'NEW H1 GLS TCI 2.5', 'Francisco Castro', NULL, 'iniciado', NULL, NULL, NULL, NULL, NULL, NULL, 100000.00, 3, 'camilo', NULL, NULL, 'Abono recibido: $100000 - Transferencia', '2025-12-02 16:38:00.00784+00', NULL, 6, 25000.00, 0.00, 25000.00, '2025-12-09 12:24:28.894656+00');
INSERT INTO public.car_registroevento VALUES (323, NULL, 75, 73, 'diagnostico_creado', '2025-12-10 15:57:51.7596+00', 'VN6792', 'MAZDA', 'TRIBUTE 4X4', 'Jaime Quiroz Fuigeroa', NULL, 'pendiente', NULL, NULL, NULL, NULL, NULL, NULL, NULL, 3, 'camilo', NULL, NULL, 'Diagnstico creado para vehculo VN6792', NULL, NULL, NULL, 0.00, 0.00, 0.00, '2025-12-10 15:57:51.763335+00');
INSERT INTO public.car_registroevento VALUES (324, 57, 75, 73, 'diagnostico_aprobado', '2025-12-10 15:57:56.553876+00', 'VN6792', 'MAZDA', 'TRIBUTE 4X4', 'Jaime Quiroz Fuigeroa', 'aprobado', 'iniciado', NULL, NULL, NULL, NULL, NULL, NULL, NULL, 3, 'camilo', NULL, NULL, 'Diagnstico aprobado y convertido en trabajo #57 (aprobado 0 da(s) despus de su creacin)', '2025-12-10 15:57:56.528304+00', NULL, 0, 25000.00, 0.00, 25000.00, '2025-12-10 15:57:56.568745+00');
INSERT INTO public.car_registroevento VALUES (325, 57, 75, 73, 'ingreso', '2025-12-10 15:57:56.528304+00', 'VN6792', 'MAZDA', 'TRIBUTE 4X4', 'Jaime Quiroz Fuigeroa', NULL, 'iniciado', NULL, NULL, NULL, NULL, NULL, NULL, NULL, 3, 'camilo', NULL, NULL, 'Vehculo ingresado al sistema', '2025-12-10 15:57:56.528304+00', NULL, 0, 25000.00, 0.00, 25000.00, '2025-12-10 15:57:56.62851+00');
INSERT INTO public.car_registroevento VALUES (326, 57, 75, 73, 'cambio_estado', '2025-12-10 15:58:57.066885+00', 'VN6792', 'MAZDA', 'TRIBUTE 4X4', 'Jaime Quiroz Fuigeroa', 'iniciado', 'completado', NULL, NULL, NULL, NULL, NULL, NULL, NULL, 3, 'camilo', NULL, NULL, 'Estado cambiado de iniciado a completado', '2025-12-10 15:57:56.528304+00', NULL, 0, 25000.00, 0.00, 25000.00, '2025-12-10 15:58:57.080572+00');
INSERT INTO public.car_registroevento VALUES (327, 52, 70, 69, 'cambio_estado', '2025-12-10 16:41:03.36021+00', 'CVCX37', 'HYUNDAI', 'NEW H1 GLS TCI 2.5', 'Francisco Castro', 'iniciado', 'trabajando', NULL, NULL, NULL, NULL, NULL, NULL, NULL, 3, 'camilo', NULL, NULL, 'Estado cambiado de iniciado a trabajando', '2025-12-10 16:41:03.360149+00', NULL, 0, 105000.00, 0.00, 105000.00, '2025-12-10 16:41:03.375927+00');
INSERT INTO public.car_registroevento VALUES (328, 52, 70, 69, 'mecanico_asignado', '2025-12-10 16:41:03.459268+00', 'CVCX37', 'HYUNDAI', 'NEW H1 GLS TCI 2.5', 'Francisco Castro', NULL, 'trabajando', NULL, NULL, NULL, NULL, NULL, NULL, NULL, 3, 'camilo', 2, 'Bejamin Mondaca', 'Mecnico asignado: Bejamin Mondaca', '2025-12-10 16:41:03.360149+00', NULL, 0, 105000.00, 0.00, 105000.00, '2025-12-10 16:41:03.476178+00');
INSERT INTO public.car_registroevento VALUES (329, NULL, 76, 29, 'diagnostico_creado', '2025-12-11 16:38:04.832773+00', 'PV2750', 'HYUNDAI', 'GRACE', 'Rhem lvaro Mellado Mella', NULL, 'pendiente', NULL, NULL, NULL, NULL, NULL, NULL, NULL, 3, 'camilo', NULL, NULL, 'Diagnstico creado para vehculo PV2750', NULL, NULL, NULL, 0.00, 0.00, 0.00, '2025-12-11 16:38:04.837418+00');
INSERT INTO public.car_registroevento VALUES (330, 58, 76, 29, 'diagnostico_aprobado', '2025-12-11 16:38:11.01687+00', 'PV2750', 'HYUNDAI', 'GRACE', 'Rhem lvaro Mellado Mella', 'aprobado', 'iniciado', NULL, NULL, NULL, NULL, NULL, NULL, NULL, 3, 'camilo', NULL, NULL, 'Diagnstico aprobado y convertido en trabajo #58 (aprobado 0 da(s) despus de su creacin)', '2025-12-11 16:38:10.985832+00', NULL, 0, 0.00, 0.00, 0.00, '2025-12-11 16:38:11.03452+00');
INSERT INTO public.car_registroevento VALUES (331, 58, 76, 29, 'ingreso', '2025-12-11 16:38:10.985832+00', 'PV2750', 'HYUNDAI', 'GRACE', 'Rhem lvaro Mellado Mella', NULL, 'iniciado', NULL, NULL, NULL, NULL, NULL, NULL, NULL, 3, 'camilo', NULL, NULL, 'Vehculo ingresado al sistema', '2025-12-11 16:38:10.985832+00', NULL, 0, 0.00, 0.00, 0.00, '2025-12-11 16:38:11.09347+00');
INSERT INTO public.car_registroevento VALUES (332, 58, 76, 29, 'abono', '2025-12-11 17:30:06.217162+00', 'PV2750', 'HYUNDAI', 'GRACE', 'Rhem lvaro Mellado Mella', NULL, 'iniciado', NULL, NULL, NULL, NULL, NULL, NULL, 420000.00, 3, 'camilo', NULL, NULL, 'Abono recibido: $420000 - Transferencia', '2025-12-11 16:38:10.985832+00', NULL, 0, 0.00, 525000.00, 440000.00, '2025-12-11 17:30:06.260574+00');
INSERT INTO public.car_registroevento VALUES (333, 52, 70, 69, 'cambio_estado', '2025-12-11 17:58:42.161482+00', 'CVCX37', 'HYUNDAI', 'NEW H1 GLS TCI 2.5', 'Francisco Castro', 'trabajando', 'completado', NULL, NULL, NULL, NULL, NULL, NULL, NULL, 3, 'camilo', NULL, NULL, 'Estado cambiado de trabajando a completado', '2025-12-10 16:41:03.360149+00', NULL, 1, 105000.00, 150000.00, 255000.00, '2025-12-11 17:58:42.191272+00');


--
-- Data for Name: car_reparacion; Type: TABLE DATA; Schema: public; Owner: maxgonpe
--



--
-- Data for Name: car_repuesto; Type: TABLE DATA; Schema: public; Owner: maxgonpe
--

INSERT INTO public.car_repuesto VALUES (29, 'CABLE-NISS-E13ZZZ-4428', '33705-66D00', NULL, 'Cable de Bujia', 'ALD', 'Cables de buja marca ALD  Origen: USA  OEM: 33705-66D00  Cdigo Proveedor:   Nissan   E13 - E15 -E16', 'STD', 'Repisa 5 Nivel 2', 'Juego', 8000.00, 13000.00, '2025-10-07 13:34:02.494534+00', 'ELDT1004E4', 1, 'Nissan', 'Nissan', 'USA', 'E13 - E15 - E16', 'yyyyyy', NULL, NULL, NULL, NULL);
INSERT INTO public.car_repuesto VALUES (14, 'ACEIT-XXXX-ZZZZZZ-2386', NULL, NULL, 'Aceite 0w-20', 'Motul', 'Aceite 0w-20 marca Motul  Tecnologa sinttica  Norma API SP  Compatible para vehculos Bencineros', '4 L', 'Estante Mannol Nivel 3', 'Unidad', 22000.00, 35000.00, '2025-10-06 18:44:10.742921+00', '3374650272184', 3, NULL, NULL, NULL, NULL, 'yyyyyy', NULL, NULL, NULL, NULL);
INSERT INTO public.car_repuesto VALUES (24, 'CABLE-HYUN-G4EHZZ-8114', '27501-22B00', NULL, 'Cable de Bujia', 'Onnuri', 'Cables de buja marca Onnuri  OEM: 27501-22B00  Cdigo Noriega: 280612  Hyundai y Kia   G4EH - G4EB - G4EA - G4EK', 'STD', 'Repisa 5 Nivel 2', 'Juego', 10000.00, 15000.00, '2025-10-06 19:21:39.590913+00', '5000000040407', 2, '280612', 'Hyundai Y Kia', NULL, 'G4EH - G4EB - G4EA - G4EK', 'yyyyyy', NULL, NULL, NULL, NULL);
INSERT INTO public.car_repuesto VALUES (26, 'CABLE-HYUN-A5DZZZ-8392', '27401-2X000', NULL, 'Cable de Bujia', 'Stutzer', 'Cables de buja marca Stutzer  OEM: 27401-2X000  Cdigo Mundo Repuestos: 0020366  Hyundai y Kia   A5D - S5D - A3E - S6D', 'STD', 'Repisa 5 Nivel 2', 'Juego', 12000.00, 16000.00, '2025-10-06 19:29:16.145323+00', '0020366', 1, '0020366', 'Hyundai Y Kia', NULL, 'A5D - S5D - A3E - S6D', 'yyyyyy', NULL, NULL, NULL, NULL);
INSERT INTO public.car_repuesto VALUES (7, 'LIMPI-XXXX-ZZZZZZ-3651', NULL, NULL, 'Limpiaparabrisas', 'Aguacol Con detergente Formato 5L', 'Liquido limpiaparabrisas marca Aguacol  Con detergente  Formato 5L', '5 L', 'Estante Mannol Nivel 2', 'Unidad', 3000.00, 5000.00, '2025-10-06 18:19:11.766425+00', '7804630750020', 3, NULL, NULL, NULL, NULL, 'yyyyyy', NULL, NULL, NULL, NULL);
INSERT INTO public.car_repuesto VALUES (4, 'ACEIT-XXXX-ZZZZZZ-9367', NULL, NULL, 'Aceite 15w-40', 'Pennzoil', 'Aceite 15w-40 marca Pennzoil  Tecnologa Mineral  Norma API CJ-4, SM  Compatible para vehcujlos Diesel y Bencineros', '3.785 L', 'Estante Mannol Nivel 1', 'Unidad', 19028.00, 30000.00, '2025-10-06 12:34:54.540481+00', '071611366502', 2, NULL, NULL, NULL, NULL, 'yyyyyy', NULL, NULL, NULL, NULL);
INSERT INTO public.car_repuesto VALUES (6, 'ACEIT-XXXX-ZZZZZZ-9622', NULL, NULL, 'Aceite 0w-20', 'Pemco', 'Aceite 0w-20 marca Pemco  Full sinttico  Norma API SP, ACEA C5  Compatible para vehculos Diesel y Bencineros', '4 L', 'Estante Mannol Nivel 1', 'Unidad', 38000.00, 57000.00, '2025-10-06 12:46:42.43208+00', '4036021451244', 4, NULL, NULL, NULL, NULL, 'yyyyyy', NULL, NULL, NULL, NULL);
INSERT INTO public.car_repuesto VALUES (19, 'SUPER-XXXX-ZZZZZZ-0934', NULL, NULL, 'Super Glue (La gotita)', 'Abro Formato de 3gr', 'Pegamento de contacto marca Abro  Formato de 3gr', '3 Gr', 'Estante Abro Nivel 1', 'Unidad', 600.00, 1000.00, '2025-10-06 19:00:30.72762+00', '790920049875', 9, NULL, NULL, NULL, NULL, 'yyyyyy', NULL, NULL, NULL, NULL);
INSERT INTO public.car_repuesto VALUES (11, 'ACEIT-XXXX-ZZZZZZ-7046', NULL, NULL, 'Aceite 0w-30', 'Pemco', 'Aceite 5w-30 marca Pemco  Full sinttico  Norma API SN, ACEA C3   Compatible para vehculos Diesel y Bencineros', '4 L', 'Estante Mannol Nivel 3', 'Unidad', 37000.00, 55000.00, '2025-10-06 18:33:47.885046+00', '4036021451442', 3, NULL, NULL, NULL, NULL, 'yyyyyy', NULL, NULL, NULL, NULL);
INSERT INTO public.car_repuesto VALUES (13, 'ACEIT-XXXX-ZZZZZZ-3089', NULL, NULL, 'Aceite 5w-40', 'Motul', 'Aceite 5w-40 marca Motul  Tecnologa sinttica  Norma API SN, ACEA A3/B4  Compatible para vehculos Diesel (Sin DPF) y Bencineros', '5 L', 'Estante Mannol Nivel 3', 'Unidad', 28000.00, 42000.00, '2025-10-06 18:40:32.465476+00', '3374650272092', 4, NULL, NULL, NULL, NULL, 'yyyyyy', NULL, NULL, NULL, NULL);
INSERT INTO public.car_repuesto VALUES (12, 'ACEIT-XXXX-ZZZZZZ-5715', NULL, NULL, 'Aceite 10w-60', 'Repsol', 'Aceite 10w-6 marca Repsol  Full sinttico  Norma API SN/CF  Compatible para vehculos Bencineros', '4 L', 'Estante Mannol Nivel 3', 'Unidad', 36000.00, 52000.00, '2025-10-06 18:36:40.592812+00', '8410921050268', 5, NULL, NULL, NULL, NULL, 'yyyyyy', NULL, NULL, NULL, NULL);
INSERT INTO public.car_repuesto VALUES (15, 'ACEIT-XXXX-ZZZZZZ-9452', NULL, NULL, 'Aceite 0w-30', 'Repsol', 'Aceite 0w-30 marca Repsol  Full sinttico  Norma ACEA C2  Compatible para vehculos Diesel y Bencineros', '5 L', 'Estante Mannol Nivel 4', 'Unidad', 35000.00, 53000.00, '2025-10-06 18:50:04.815279+00', '8410921050510', 3, NULL, NULL, NULL, NULL, 'yyyyyy', NULL, NULL, NULL, NULL);
INSERT INTO public.car_repuesto VALUES (20, 'RENOV-XXXX-ZZZZZZ-3603', NULL, NULL, 'Renovador de Neumaticos', 'Getsun Formato 650 Ml', 'Renovador de gomas en espuma marca Getsun  Formato 650 Ml', '650 Ml', 'Estante Abro Nivel 1', 'Unidad', 3000.00, 5000.00, '2025-10-06 19:02:14.316911+00', '6944259847143', 2, NULL, NULL, NULL, NULL, 'yyyyyy', NULL, NULL, NULL, NULL);
INSERT INTO public.car_repuesto VALUES (21, 'SILIC-XXXX-ZZZZZZ-3375', NULL, NULL, 'Silicona Tablero', 'Kit Formato de 273gr Aroma original', 'Silicona para tableros marca Kit  Formato de 273gr  Aroma original', '273 Gr', 'Estante Abro Nivel 1', 'Unidad', 3000.00, 5000.00, '2025-10-06 19:04:51.680714+00', '070612001092', 3, NULL, NULL, NULL, NULL, 'yyyyyy', NULL, NULL, NULL, NULL);
INSERT INTO public.car_repuesto VALUES (23, 'CABLE-HYUN-G4EKZZ-0806', '27501-02H00', NULL, 'Cable de Bujia', 'Cyon', 'Cables de buja marca Cyon  OEM: 27501-02H00  Cdigo Noriega: 070360  Hyundai y Kia   G4EK - G4HC - G4HG', 'STD', 'Repisa 5 Nivel 2', 'Juego', 8000.00, 13000.00, '2025-10-06 19:18:46.222218+00', '5000000267682', 1, '070360', 'Hyundai Y Kia', NULL, 'G4EK - G4HC - G4HG', 'yyyyyy', NULL, NULL, NULL, NULL);
INSERT INTO public.car_repuesto VALUES (27, 'CABLE-NISS-ZZZZZZ-0525', '22450-B5040', NULL, 'Cable de Bujia', 'Seiwa', 'Cables de buja marca Seiwa  Origen: Japn  OEM: 22450-B5040  Cdigo Proveedor:   Nissan - Datsun   J18', 'STD', 'Repisa 5 Nivel 2', 'Juego', 10000.00, 16000.00, '2025-10-06 20:43:11.303602+00', '55019J', 2, 'Nissan -', 'Nissan', NULL, NULL, 'yyyyyy', NULL, NULL, NULL, NULL);
INSERT INTO public.car_repuesto VALUES (30, 'CABLE-NISS-GA16DE-3962', '22440-57Y10', NULL, 'Cable de Bujia', 'Cahsa', 'Cables de buja marca Cahsa  Origen: Mexico  OEM: 22440-57Y10  Cdigo Mundo Repuestos: 0290647  Nissan  GA16DE - GA16DNE - GA16DS - SR20DE', 'STD', 'Repisa 5 Nivel 2', 'Juego', 15000.00, 21000.00, '2025-10-07 13:39:05.524561+00', '0290647', 1, '0290647', 'Nissan', 'Mexico', 'GA16DE - GA16DN', 'yyyyyy', NULL, NULL, NULL, NULL);
INSERT INTO public.car_repuesto VALUES (31, 'CABLE-TOYO-ZZZZZZ-5043', '90919-22329', NULL, 'Cable de Bujia', 'Seiwa', 'Cables de buja marca Seiwa  Origen: Japn  OEM: 90919-22329  Cdigo Proveedor:  Toyota  3EE', '', 'Repisa 5 Nivel 2', 'Juego', 25000.00, 32000.00, '2025-10-07 13:42:23.561256+00', '50017', 1, 'Toyota  3EE', 'Toyota', NULL, NULL, 'yyyyyy', NULL, NULL, NULL, NULL);
INSERT INTO public.car_repuesto VALUES (32, 'CABLE-SUZU-ZZZZZZ-8641', 'C', NULL, 'Cable de Bujia', 'ALD', 'Cables de buja marca ALD  Origen: USA  OEM:   Cdigo Proveedor:  Suzuki  G16B', '', 'Repisa 5 Nivel 2', 'Juego', 22000.00, 30000.00, '2025-10-07 13:44:34.252968+00', 'ELSZ1004E4', 1, 'Suzuki', 'Suzuki', 'USA', NULL, 'yyyyyy', NULL, NULL, NULL, NULL);
INSERT INTO public.car_repuesto VALUES (186, 'ACEIT-XXXX-ZZZZZZ-9448', NULL, 'no-tiene', 'Aceite 75w-90', 'Pemco', '', '', '', 'Unidad', 10500.00, 15000.00, '2025-10-23 17:56:12.240507+00', '4036021453613', 2, NULL, 'xxx', 'Alemania', 'zzzzzz', 'yyyyyy', NULL, NULL, NULL, NULL);
INSERT INTO public.car_repuesto VALUES (16, 'ACEIT-XXXX-ZZZZZZ-8594', NULL, NULL, 'Aceite 75w-80', 'Pemco', 'Aceite 75w-80 marca Pemco  Full sinttico  Norma API GL-4  Compatible para vehculos Diesel y Bencineros', '1 L', 'Estante Repsol Nivel 2', 'Unidad', 8000.00, 12000.00, '2025-10-06 18:52:35.924684+00', '4036021454917', 1, NULL, NULL, NULL, NULL, 'yyyyyy', NULL, NULL, NULL, NULL);
INSERT INTO public.car_repuesto VALUES (191, 'BIELE-PEUG-DV6DT, -8794', '5087-57', 'no-tiene', 'Bieleta delantera', 'Talosa', '', '', '', 'Unidad', 15000.00, 23000.00, '2025-10-28 14:55:16.299006+00', '8435229553174', 0, '0024414', 'Peugeot, Citroen', 'Espaa', 'DV6DT, DV6TED4, TU5JP4, EW7J4, DW10CTED4, EW10J4S, DW10TD, EB2DTS, EP6', 'B9', NULL, NULL, NULL, NULL);
INSERT INTO public.car_repuesto VALUES (17, 'ACEIT-XXXX-ZZZZZZ-8789', NULL, NULL, 'Aceite ATF', 'Mobil', 'Aceite ATF  Tecnologa Mineral  Norma API 220  Compatible para vehculos Diesel y Bencineros', '1 L', 'Estante Repsol Nivel 1', 'Unidad', 5000.00, 7000.00, '2025-10-06 18:54:36.51582+00', '7806358006632', 5, NULL, NULL, NULL, '', 'yyyyyy', NULL, NULL, NULL, NULL);
INSERT INTO public.car_repuesto VALUES (5, 'ACEIT-XXXX-ZZZZZZ-9124', NULL, NULL, 'Aceite 5w-30', 'Pennzoil', 'Aceite 5w-30 marca Pennzoil  Full sinttico  Norma API SN, ACEA C3  Compatible para vehculos Diesel y Bencineros', '4.73 L', 'Estante Mannol Nivel 1', 'Unidad', 35000.00, 55000.00, '2025-10-06 12:43:26.691677+00', '071611019965', 0, NULL, NULL, NULL, NULL, 'yyyyyy', NULL, NULL, NULL, NULL);
INSERT INTO public.car_repuesto VALUES (195, 'BOMBA-RENA-K4M, K7-6492', NULL, 'no-tiene', 'Bomba direccin', 'Defu', '', '', '', 'Unidad', 120000.00, 150000.00, '2025-10-28 20:25:00.582535+00', 'R0749-', 0, NULL, 'Renault', 'China', 'K4M, K7M', 'yyyyyy', NULL, NULL, NULL, NULL);
INSERT INTO public.car_repuesto VALUES (3, 'ACEIT-XXXX-ZZZZZZ-3312', NULL, NULL, 'Aceite 10w-40', 'Mobil', 'Aceite 10w-40 marca Mobil  Tecnologa sinttica  Norma API SP, ACEA A3/B4  Compatible para vehculos Diesel (Sin DPF) y Bencineros', '4L', '', 'Unidad', 19278.00, 30000.00, '2025-10-06 12:14:32.948354+00', '7806358012381', 3, NULL, NULL, NULL, '', 'yyyyyy', NULL, NULL, NULL, NULL);
INSERT INTO public.car_repuesto VALUES (183, 'FILTR-XXXX-ZZZZZZ-3090', 'VS01-14-302', 'no-tiene', 'Filtro de Aceite W927/8', 'Onnuri', '', '', '', 'Unidad', 4855.00, 10000.00, '2025-10-21 16:02:17.441445+00', '5000000049493', 5, '010613', 'xxx', 'Korea', 'zzzzzz', 'yyyyyy', NULL, NULL, NULL, NULL);
INSERT INTO public.car_repuesto VALUES (9, 'REFRI-XXXX-ZZZZZZ-5822', NULL, 'Caren', 'Refrigerante Rojo', 'Dark Bear', 'Refrigerante y Anticongelante marca Dark Bear  Color rojo  Punto congelamiento -12 y punto ebullicin 124  Formato 3.78 L', '3.785 L', '', 'Unidad', 4590.00, 10000.00, '2025-10-06 18:25:28.091415+00', '764451422087', 2, '300334', NULL, NULL, '', 'yyyyyy', NULL, NULL, NULL, NULL);
INSERT INTO public.car_repuesto VALUES (56, 'JUEGO-HYUN-G4EKZZ-6984', '20910-22N10', NULL, 'Juego de Empaquetaduras', 'Sin Geum Gasket', 'Juego de Empaquetadura marca Sin Geum Gasket  Origen: Korea  OEM: 20910-22N10  Cdigo Proveedor: H001368  Marca Vehculo: Hyundai  G4EK - G4EB - G4EA', 'STD', 'Repisa 5 Nivel 1', 'Juego', 22000.00, 35000.00, '2025-10-07 16:21:55.367881+00', '071230381', 1, 'H001368', 'Hyundai', 'Korea', 'G4EK - G4EB - G4EA', 'yyyyyy', NULL, NULL, NULL, NULL);
INSERT INTO public.car_repuesto VALUES (34, 'CABLE-TOYO-ZZZZZZ-6871', '90919-21553', NULL, 'Cable de Bujia', 'ALD', 'Cables de buja marca ALD  Origen: USA  OEM: 90919-21553  Cdigo Proveedor  Toyota  22RE', '', 'Repisa 5 Nivel 2', 'Juego', 13000.00, 20000.00, '2025-10-07 13:51:21.814112+00', 'ELTY2004E4', 1, 'Proveedor', 'Toyota', 'USA', NULL, 'yyyyyy', NULL, NULL, NULL, NULL);
INSERT INTO public.car_repuesto VALUES (36, 'CABLE-NISS-ZZZZZZ-4078', '22450-B08R8', NULL, 'Cable de Bujia', 'Cahsa', 'Cables de buja marca Cahsa  Origen: Mexico  OEM: 22450-B08R8  Cdigo Mundo Repuestos: 0153247  Nissan   E16E', '', 'Repisa 5 Nivel 2', 'Juego', 8000.00, 14000.00, '2025-10-07 13:56:39.953098+00', '0153247', 1, '0153247', 'Nissan', 'Mexico', NULL, 'yyyyyy', NULL, NULL, NULL, NULL);
INSERT INTO public.car_repuesto VALUES (28, 'CABLE-SUZU-G16AZZ-6309', '33705-66D00', NULL, 'Cable de Bujia', 'Seiwa', 'Cables de buja marca Seiwa  Origen: Japn  OEM: 33705-66D00  Cdigo Mundo Repuestos: 0020022  Suzuki  G16A - G16B- G13BB', 'STD', 'Repisa 5 Nivel 2', 'Juego', 18000.00, 27000.00, '2025-10-06 20:47:53.068574+00', '0020022', 2, '0020022', 'Suzuki', NULL, 'G16A - G16B - G13B', 'yyyyyy', NULL, NULL, NULL, NULL);
INSERT INTO public.car_repuesto VALUES (38, 'CABLE-CHEV-ZZZZZZ-0480', '96291306', NULL, 'Cable de Bujia', 'Cyon', 'Cables de buja marca Cyon  Origen: Taiwan  OEM: 96291306  Cdigo Noriega: 070364  Chevrolet  A08S - F8CV', '', 'Repisa 5 Nivel 2', 'Juego', 5000.00, 12000.00, '2025-10-07 14:17:38.696262+00', '5000000267712', 3, '070364', 'Chevrolet', 'Taiwan', NULL, 'yyyyyy', NULL, NULL, NULL, NULL);
INSERT INTO public.car_repuesto VALUES (39, 'CABLE-CHEV-ZZZZZZ-8379', '96288956', NULL, 'Cable de Bujia', 'Cyon', 'Cables de buja marca Cyon  Origen: Taiwan  OEM: 96288956  Cdigo Noriega: 070363  Chevrolet  B10S', '', 'Repisa 5 Nivel 2', 'Juego', 7000.00, 12000.00, '2025-10-07 14:19:12.268546+00', '5000000267538', 3, '070363', 'Chevrolet', 'Taiwan', NULL, 'yyyyyy', NULL, NULL, NULL, NULL);
INSERT INTO public.car_repuesto VALUES (40, 'CABLE-CHEV-ZZZZZZ-9484', '96450249', NULL, 'Cable de Bujia', 'Cyon', 'Cables de buja marca Cyon  Origen: Taiwan  OEM: 96450249  Cdigo Noriega: 287689  Chevrolet  F16D3', '', 'Repisa 5 Nivel 2', 'Juego', 8000.00, 15000.00, '2025-10-07 14:20:47.349562+00', '5000000237432', 1, '287689', 'Chevrolet', 'Taiwan', NULL, 'yyyyyy', NULL, NULL, NULL, NULL);
INSERT INTO public.car_repuesto VALUES (41, 'CABLE-CHEV-ZZZZZZ-3077', '24512582', NULL, 'Cable de Bujia', 'Stutzer', 'Cables de buja marca Stutzer  OEM: 24512582  Cdigo Mundo Repuestos: 9951083  Chevrolet  B12D3', '', 'Repisa 5 Nivel 2', 'Juego', 8000.00, 15000.00, '2025-10-07 14:23:06.393647+00', '9951083', 1, '9951083', 'Chevrolet', NULL, NULL, 'yyyyyy', NULL, NULL, NULL, NULL);
INSERT INTO public.car_repuesto VALUES (42, 'CABLE-CHEV-G161ZZ-7613', 'S4-29285E', NULL, 'Cable de Bujia', 'Cahsa', 'Cables de buja marca Cahsa  Origen: Mexico  OEM: S4-29285E  Cdigo Mundo Repuestos: L111980  Chevrolet  4ZA1 - G161Z - G18Z - G200Z - 4ZD1', '', 'Repisa 5 Nivel 2', 'Juego', 10000.00, 16000.00, '2025-10-07 14:26:53.674726+00', 'L111980', 1, 'L111980', 'Chevrolet', 'Mexico', 'G161Z - G18Z - G200Z', 'yyyyyy', NULL, NULL, NULL, NULL);
INSERT INTO public.car_repuesto VALUES (43, 'CABLE-CHEV-ZZZZZZ-7778', '96497773', NULL, 'Cable de Bujia', 'Mando', 'Cables de buja marca Mando  Origen: Korea  OEM: 96497773  Cdigo Mundo Repuestos: 190022M  Chevrolet - Daewoo  F14D3 - A16DMS - A16DMN', '', 'Repisa 5 Nivel 2', 'Juego', 15000.00, 22000.00, '2025-10-07 14:31:17.391512+00', '190022M', 1, '190022M', 'Chevrolet', 'Korea', NULL, 'yyyyyy', NULL, NULL, NULL, NULL);
INSERT INTO public.car_repuesto VALUES (45, 'JUEGO-SUZU-ZZZZZZ-1805', '11400-78850', NULL, 'Juego de Empaquetaduras', 'Atsuki', 'Juego de Empaquetadura marca Atsuki  Origen: China  OEM: 11400-78850  Cdigo Mundo Repuestos: Z500038  Marca Vehculo: Suzuki  F8B', 'STD', 'Repisa 5 Nivel 1', 'Juego', 20000.00, 27500.00, '2025-10-07 15:15:49.874518+00', 'Z500038', 1, 'Z500038', 'Suzuki', 'China', NULL, 'yyyyyy', NULL, NULL, NULL, NULL);
INSERT INTO public.car_repuesto VALUES (44, 'JUEGO-SUZU-ZZZZZZ-3740', '11400-57810', NULL, 'Juego de Empaquetaduras', 'Atsuki', 'Juego de Empaquetadura marca Atsuki  Origen: China  OEM: 11400-57810  Cdigo Mundo Repuestos: 0000604  Marca Vehculo: Suzuki  G16B', 'STD', 'Repisa 5 Nivel 1', 'Juego', 32000.00, 42000.00, '2025-10-07 14:42:53.966216+00', '0000604', 1, '0000604', 'Suzuki', 'China', NULL, 'yyyyyy', NULL, NULL, NULL, NULL);
INSERT INTO public.car_repuesto VALUES (48, 'JUEGO-NISS-ZZZZZZ-0235', '10101-EE025', NULL, 'Juego de Empaquetaduras', 'Atsuki', 'Juego de Empaquetadura marca Atsuki  Origen: China  OEM: 10101-EE025  Cdigo Mundo Repuestos: 0013326  Marca Vehculo: Nissan   HR16DE', 'STD', 'Repisa 5 Nivel 1', 'Juego', 37000.00, 52000.00, '2025-10-07 15:22:19.195666+00', '0013326', 1, '0013326', 'Nissan', 'China', NULL, 'yyyyyy', NULL, NULL, NULL, NULL);
INSERT INTO public.car_repuesto VALUES (49, 'JUEGO-SUZU-ZZZZZZ-2772', '11401-79863', NULL, 'Juego de Empaquetaduras', 'Grace', 'Juego de Empaquetadura marca Grace  Origen: India  OEM: 11401-79863  Cdigo Mundo Repuestos: 0017259  Marca Vehculo: Suzuki  F8D', 'STD', 'Repisa 5 Nivel 1', 'Juego', 20000.00, 30000.00, '2025-10-07 15:33:26.972066+00', '0017259', 1, '0017259', 'Suzuki', 'India', NULL, 'yyyyyy', NULL, NULL, NULL, NULL);
INSERT INTO public.car_repuesto VALUES (50, 'JUEGO-SUZU-ZZZZZZ-3294', '11400-65860', NULL, 'Juego de Empaquetaduras', 'SuperSeal', 'Juego de Empaquetadura marca SuperSeal  Origen: Taiwan  OEM: 11400-65860  Cdigo Proveedor:  Marca Vehculo: Suzuki  J20A', 'STD', 'Repisa 5 Nivel 1', 'Juego', 30000.00, 50000.00, '2025-10-07 15:41:44.439047+00', '11400''65860', 1, 'Marca', 'Suzuki', 'Taiwan', NULL, 'yyyyyy', NULL, NULL, NULL, NULL);
INSERT INTO public.car_repuesto VALUES (51, 'JUEGO-NISS-ZZZZZZ-9880', '10101-CD325', NULL, 'Juego de Empaquetaduras', 'Top Gasket', 'Juego de Empaquetadura marca Top Gasket  Origen: Taiwan  OEM: 10101-CD325  Cdigo Noriega: 321490  Marca Vehculo: Nissan  VQ35DE', 'STD', 'Repisa 5 Nivel 1', 'Juego', 100000.00, 130000.00, '2025-10-07 15:42:22.207138+00', '57H192', 1, '321490', 'Nissan', 'Taiwan', NULL, 'yyyyyy', NULL, NULL, NULL, NULL);
INSERT INTO public.car_repuesto VALUES (55, 'JUEGO-HYUN-G4EKZZ-6240', '20910-22N10', NULL, 'Juego de Empaquetaduras', 'Atsuki', 'Juego de Empaquetadura marca Atsuki  Origen: China  OEM: 20910-22N10  Cdigo Proveedor: H001368  Marca Vehculo: Hyundai  G4EK - G4EB - G4EA', 'STD', 'Repisa 5 Nivel 1', 'Juego', 20000.00, 33000.00, '2025-10-07 16:18:58.987374+00', 'H001368', 1, 'H001368', 'Hyundai', 'China', 'G4EK - G4EB - G4EA', 'yyyyyy', NULL, NULL, NULL, NULL);
INSERT INTO public.car_repuesto VALUES (57, 'JUEGO-KIA-ZZZZZZ-2535', 'C', NULL, 'Juego de Empaquetaduras', 'Super Seal', 'Juego de Empaquetadura marca Super Seal  Origen: Taiwan  OEM:   Cdigo Proveedor: 003204  Marca Vehculo: Kia  A3E', 'STD', 'Repisa 5 Nivel 1', 'Juego', 40000.00, 55000.00, '2025-10-07 16:23:42.958458+00', 'KSL31''10''270', 1, '003204', 'Kia', 'Taiwan', NULL, 'yyyyyy', NULL, NULL, NULL, NULL);
INSERT INTO public.car_repuesto VALUES (59, 'JUEGO-KIA-R5ZZZZ-3760', '0301408-8', NULL, 'Juego de Empaquetaduras', 'Royal Conta', 'Juego de Empaquetadura marca Royal Conta  Origen: Turkia  OEM: 0301408-8  Cdigo Proveedor:   Marca Vehculo: Renault  R5 - R10 - R12', 'STD', 'Repisa 5 Nivel 1', 'Juego', 15000.00, 25000.00, '2025-10-07 16:40:02.93083+00', '0003014088', 1, 'Marca', 'Kia', 'Turkia', 'R5 - R10 - R12', 'yyyyyy', NULL, NULL, NULL, NULL);
INSERT INTO public.car_repuesto VALUES (46, 'JUEGO-NISS-ZZZZZZ-0026', '10101-74Y25', NULL, 'Juego de Empaquetaduras', 'Atsuki', 'Juego de Empaquetadura marca Atsuki  Origen: China  OEM: 10101-74Y25  Cdigo Mundo Repuestos: 0100908  Marca Vehculo: Nissan  Ga16DNE', 'STD', 'Repisa 5 nivel 1', 'Juego', 29000.00, 43000.00, '2025-10-07 15:18:18.794636+00', '0100908', 1, '0100908', 'Nissan', 'China', NULL, 'yyyyyy', NULL, NULL, NULL, NULL);
INSERT INTO public.car_repuesto VALUES (53, 'JUEGO-CHEV-ZZZZZZ-1737', 'C', NULL, 'Juego de Empaquetaduras', 'Sabo', 'Juego de Empaquetadura marca Sabo  Origen: Brasil  OEM:   Cdigo Proveedor:   Marca Vehculo: Chevrolet  C16SFI', 'STD', 'Repisa 5 Nivel 1', 'Juego', 25000.00, 40000.00, '2025-10-07 15:57:02.650215+00', '7891252802763', 1, 'Marca', 'Chevrolet', 'Brasil', NULL, 'yyyyyy', NULL, NULL, NULL, NULL);
INSERT INTO public.car_repuesto VALUES (184, 'CAMIS-GREA-4G64, 4-3589', 'MD-198128', 'no-tiene', 'Camisas Bujias', 'Eristic', '', '', '', 'Juego', 6855.00, 10000.00, '2025-10-21 16:07:37.692653+00', '5000000378913', 1, '003493', 'Great Wall, Mitsubishi, Proton, Subaru', 'Taiwan', '4G64, 4G63, 6A13, 6G72, 6G74, 6G75, 4G92, EJ161, EJ181', 'yyyyyy', NULL, NULL, NULL, NULL);
INSERT INTO public.car_repuesto VALUES (187, 'KIT D-HYUN-G4LAZZ-4586', 'KIK-032', 'no-tiene', 'Kit de embrague', 'Valeo', '', '', '', 'Juego', 80855.00, 110000.00, '2025-10-23 20:21:57.819674+00', 'KIK''032', 0, '172014', 'Hyundai, Kia', 'Korea', 'G4LA', 'yyyyyy', NULL, NULL, NULL, NULL);
INSERT INTO public.car_repuesto VALUES (35, 'CABLE-MITS-473QEZ-1653', 'MD-134754', NULL, 'Cable de Bujia', 'Cyon', 'Cables de buja marca Cyon  Origen: Taiwan  OEM: MD-134754  Cdigo Noriega: 287644  Mitsubishi - BYD  4G18 - 473QE', '', 'Repisa 5 Nivel 2', 'Juego', 7000.00, 12000.00, '2025-10-07 13:54:14.140883+00', '5000000236985', 1, '287644', 'Mitsubishi', 'Taiwan', '473QE', 'yyyyyy', NULL, NULL, NULL, NULL);
INSERT INTO public.car_repuesto VALUES (73, 'BOBIN-HYUN-G3LAZZ-6455', '27301-04000', NULL, 'Bobina', 'Echlin', 'Bobina marca Echlin  Origen: China  OEM: 27301-04000  Cdigo Proveedor: 0024838  Marca Vehculo: Hyundai - Kia  G3LA - G4HG -G4LA', '', 'Repisa 5 Nivel 3', 'Unidad', 13000.00, 17000.00, '2025-10-07 17:23:06.977086+00', '0024838', 1, '0024838', 'Hyundai', 'China', 'G3LA - G4HG - G4LA', 'yyyyyy', NULL, NULL, NULL, NULL);
INSERT INTO public.car_repuesto VALUES (61, 'JUEGO-VW-ABFZZZ-8841', '050019812A', NULL, 'Juego de Empaquetaduras', 'Wurtex', 'Juego de Empaquetadura marca Wurtex  Origen: China  OEM: 050019812A  Cdigo Proveedor: 0001354  Marca Vehculo: VW  ABF - AKR', 'STD', 'Repisa 5 Nivel 1', 'Juego', 37000.00, 50000.00, '2025-10-07 16:47:57.659823+00', '0001354', 1, '0001354', 'Vw', 'China', 'ABF - AKR', 'yyyyyy', NULL, NULL, NULL, NULL);
INSERT INTO public.car_repuesto VALUES (63, 'JUEGO-PEUG-ZZZZZZ-3019', '0197-X4', NULL, 'Juego de Empaquetaduras', 'Wurtex', 'Juego de Empaquetadura marca Wurtex  Origen: China  OEM: 0197-X4  Cdigo Proveedor: 0000618  Marca Vehculo: Peugeot  DW10TD', 'STD', 'Repisa 5 Nivel 1', 'Juego', 39000.00, 45000.00, '2025-10-07 16:52:38.608211+00', '0000618', 1, '0000618', 'Peugeot', 'China', NULL, 'yyyyyy', NULL, NULL, NULL, NULL);
INSERT INTO public.car_repuesto VALUES (66, 'BOBIN-NISS-ZZZZZZ-5004', '22433-51J10', NULL, 'Bobina', 'Wurtex', 'Bobina marca Wurtex  Origen: China  OEM: 22433-51J10  Cdigo Proveedor: 0108928  Marca Vehculo: Nissan - Subaru  E16E - KA24E - EJ18', '', 'Repisa 5 Nivel 3', 'Unidad', 11500.00, 15000.00, '2025-10-07 17:01:37.245527+00', '0108928', 2, '0108928', 'Nissan', 'China', NULL, 'yyyyyy', NULL, NULL, NULL, NULL);
INSERT INTO public.car_repuesto VALUES (67, 'BOBIN-HYUN-G4EDZZ-2039', '27301-26620', NULL, 'Bobina', 'Wurtex', 'Bobina marca Wurtex  Origen: China  OEM: 27301-26620  Cdigo Proveedor: 9951246  Marca Vehculo: Hyundai - Kia  G4ED - G4EC', '', 'Repisa 5 Nivel 3', 'Unidad', 9000.00, 14500.00, '2025-10-07 17:03:31.531863+00', '9951246', 1, '9951246', 'Hyundai', 'China', 'G4ED - G4EC', 'yyyyyy', NULL, NULL, NULL, NULL);
INSERT INTO public.car_repuesto VALUES (68, 'BOBIN-CHEV-ZZZZZZ-5744', '96453420', NULL, 'Bobina', 'Wurtex', 'Bobina marca Wurtex  Origen: China  OEM: 96453420  Cdigo Proveedor: 1902238  Marca Vehculo: Chevrolet  F16D3', '', 'Repisa 5 Nivel 3', 'Unidad', 23500.00, 30000.00, '2025-10-07 17:05:23.021274+00', '1902238', 1, '1902238', 'Chevrolet', 'China', NULL, 'yyyyyy', NULL, NULL, NULL, NULL);
INSERT INTO public.car_repuesto VALUES (64, 'BOBIN-HYUN-G4KDZZ-2746', '27300-2G000', NULL, 'Bobina', 'Wurtex', 'Bobina marca Wurtex  Origen: China  OEM: 27300-2G000  Cdigo Proveedor: 0026179  Marca Vehculo: Hyundai - Kia  G4KD - G4KA - G4KE', '', 'Repisa 5 Nivel 3', 'Unidad', 14000.00, 17000.00, '2025-10-07 16:56:40.673092+00', '0026179', 2, '0026179', 'Hyundai', 'China', 'G4KD - G4KA - G4KE', 'yyyyyy', NULL, NULL, NULL, NULL);
INSERT INTO public.car_repuesto VALUES (71, 'BOBIN-NISS-ZZZZZZ-2991', '22448-ED800', NULL, 'Bobina', 'Echlin', 'Bobina marca Echlin  Origen: China  OEM: 22448-ED800  Cdigo Proveedor: 0T00190  Marca Vehculo: Nissan - Renault  HR16DE - 2TR - M9R', '', 'Repisa 5 Nivel 3', 'Unidad', 20000.00, 27000.00, '2025-10-07 17:15:39.635538+00', '0T00190', 1, '0T00190', 'Nissan', 'China', NULL, 'yyyyyy', NULL, NULL, NULL, NULL);
INSERT INTO public.car_repuesto VALUES (74, 'BOBIN-CHEV-ZZZZZZ-3477', '12611424', NULL, 'Bobina', 'Echlin', 'Bobina marca Echlin  Origen: China  OEM: 12611424  Cdigo Proveedor: 20559-1  Marca Vehculo: Chevrolet  A14XE', '', 'Repisa 5 Nivel 3', 'Unidad', 28000.00, 35000.00, '2025-10-07 17:27:43.7703+00', '2055910000006', 1, '20559-1', 'Chevrolet', 'China', NULL, 'yyyyyy', NULL, NULL, NULL, NULL);
INSERT INTO public.car_repuesto VALUES (188, 'BOMBA-PEUG-EW10J4S-3694', '1525-P3', 'no-tiene', 'Bomba de bencina', 'STP', '', '', '', 'Unidad', 75000.00, 100000.00, '2025-10-24 16:37:44.57633+00', '0034696', 0, '0034696', 'Peugeot, Citroen', 'China', 'EW10J4S, TU5JP4', 'yyyyyy', NULL, NULL, NULL, NULL);
INSERT INTO public.car_repuesto VALUES (76, 'BOBIN-JEEP-ZZZZZZ-3898', 'C', NULL, 'Bobina', 'Autotec', 'Bobina marca Autotec  Origen: China  OEM:   Cdigo Proveedor: 9959246  Marca Vehculo: Jeep  ED3', '', 'Repisa 5 Nivel 3', 'Unidad', 16000.00, 24500.00, '2025-10-07 17:35:49.461627+00', '235008', 1, '9959246', 'Jeep', 'China', NULL, 'yyyyyy', NULL, NULL, NULL, NULL);
INSERT INTO public.car_repuesto VALUES (77, 'BOBIN-FORD-ZZZZZZ-2699', 'UF740', NULL, 'Bobina', 'Autotec', 'Bobina marca Autotec  Origen: China  OEM: UF740  Cdigo Proveedor: DQ-6132  Marca Vehculo: Ford', '', 'Repisa 5 Nivel 3', 'Unidad', 17000.00, 25000.00, '2025-10-07 17:44:52.372237+00', '2363900000005', 1, 'DQ-6132', 'Ford', 'China', NULL, 'yyyyyy', NULL, NULL, NULL, NULL);
INSERT INTO public.car_repuesto VALUES (78, 'BOMBA-TOYO-2NRFEZ-0442', '1610089400', NULL, 'Bomba de Agua', 'Fulltec', 'Origen: China  OEM: 1610089400  Cdigo Proveedor: 13432-5  Marca Vehculo: Toyota  2NRFE', '', 'Repisa 5 Nivel 4', 'Unidad', 21000.00, 33000.00, '2025-10-07 18:43:17.797328+00', '1343200000005', 1, '13432-5', 'Toyota', 'China', '2NRFE', 'yyyyyy', NULL, NULL, NULL, NULL);
INSERT INTO public.car_repuesto VALUES (79, 'BOMBA-NISS-QG15ZZ-2033', '21010-4M525', NULL, 'Bomba de Agua', 'Fulltec', 'Origen: China  OEM: 21010-4M525  Cdigo Proveedor: 17879-9  Marca Vehculo: Nissan  QG15 - QG16 - QG18DE', '', 'Repisa 5 Nivel 4', 'Unidad', 17000.00, 26500.00, '2025-10-07 18:45:58.073204+00', '1787900000000', 1, '17879-9', 'Nissan', 'China', 'QG15 - QG16 - QG18', 'yyyyyy', NULL, NULL, NULL, NULL);
INSERT INTO public.car_repuesto VALUES (80, 'BOMBA-HAFE-ZZZZZZ-5522', '4710QR-1307960', NULL, 'Bomba de Agua', 'Fulltec', 'Origen: China  OEM: 4710QR-1307960  Cdigo Proveedor: 15260-9  Marca Vehculo: Hafei  DA468QL1', '', 'Repisa 5 Nivel 4', 'Unidad', 21000.00, 34500.00, '2025-10-07 18:48:31.784848+00', '1526000000004', 1, '15260-9', 'Hafei', 'China', NULL, 'yyyyyy', NULL, NULL, NULL, NULL);
INSERT INTO public.car_repuesto VALUES (165, 'PASTI-NISS-E16E, G-4626', 'PP705', '1', 'Pastillas de freno delanteras', 'Fritec', '', 'caja', 'Repisa 4 Nivel 3', 'pieza', 12000.00, 22000.00, '2025-10-09 18:25:59.595202+00', '500404037532', 1, 'FR510M', 'Nissan', 'Mexico', 'E16E, GA14DS, GA16DNE, GA16DE, GA16DS', 'yyyyyy', NULL, NULL, NULL, NULL);
INSERT INTO public.car_repuesto VALUES (81, 'BOMBA-MITS-ZZZZZZ-1938', '1300A040', NULL, 'Bomba de Agua', 'Fulltec', 'Origen: China  OEM: 1300A040  Cdigo Proveedor: 11148-1  Marca Vehculo: Mitsubishi  4N15', '', 'Repisa 5 Nivel 4', 'Unidad', 42000.00, 71500.00, '2025-10-07 18:51:27.397966+00', '316203302101', 1, '11148-1', 'Mitsubishi', 'China', NULL, 'yyyyyy', NULL, NULL, NULL, NULL);
INSERT INTO public.car_repuesto VALUES (82, 'BOMBA-NISS-0M699.3-4911', '21010-00Q2H', NULL, 'Bomba de Agua', 'Fulltec', 'Origen: China  OEM: 21010-00Q2H  Cdigo Proveedor: 11132-5   Marca Vehculo: Nissan - Renault - Mercedez  YS23 - M9T - 0M699.301', '', 'Repisa 5 Nivel 4', 'Unidad', 23000.00, 38000.00, '2025-10-07 18:54:10.945209+00', '521101916', 1, '11132-5', 'Nissan', 'China', '0M699.301', 'yyyyyy', NULL, NULL, NULL, NULL);
INSERT INTO public.car_repuesto VALUES (83, 'BOMBA-TOYO-3ZZFEZ-2271', '16100-29099', NULL, 'Bomba de Agua', 'Fulltec', 'Origen: China  OEM: 16100-29099  Cdigo Proveedor: 16456-9  Marca Vehculo: Toyota  3ZZFE - 1ZZFE', '', 'repisa 5 Nivel 4', 'Unidad', 19000.00, 31000.00, '2025-10-07 18:56:21.644514+00', '1645600000006', 1, '16456-9', 'Toyota', 'China', '3ZZFE - 1ZZFE', 'yyyyyy', NULL, NULL, NULL, NULL);
INSERT INTO public.car_repuesto VALUES (85, 'BOMBA-CHER-ZZZZZZ-4810', '484FC-1307010', NULL, 'Bomba de Agua', 'Fulltec', 'Origen: China  OEM: 484FC-1307010  Cdigo Proveedor: 12771-K  Marca Vehculo: Chery  SQR481', '', 'Repisa 5 Nivel 4', 'Unidad', 16000.00, 28500.00, '2025-10-07 19:02:29.917713+00', '1277100000004', 1, '12771-K', 'Chery', 'China', NULL, 'yyyyyy', NULL, NULL, NULL, NULL);
INSERT INTO public.car_repuesto VALUES (86, 'BOMBA-FOTO-ZZZZZZ-7894', '1307010-26L', NULL, 'Bomba de Agua', 'Fulltec', 'Origen: China  OEM: 1307010-26L  Cdigo Proveedor: 15253-6   Marca Vehculo: Foton  MIDI16V', '', 'Repisa 5 Nivel 4', 'Unidad', 15000.00, 28000.00, '2025-10-07 19:04:12.551644+00', '1525300000004', 1, '15253-6', 'Foton', 'China', NULL, 'yyyyyy', NULL, NULL, NULL, NULL);
INSERT INTO public.car_repuesto VALUES (87, 'BOMBA-MG-ZZZZZZ-6170', 'MG104798', NULL, 'Bomba de Agua', 'Fulltec', 'Origen: China  OEM: MG104798  Cdigo Proveedor: 15613-2  Marca Vehculo: MG  15S4U', '', 'Repisa 5 Nivel 4', 'Unidad', 13000.00, 25000.00, '2025-10-07 19:06:14.833763+00', '1561300000002', 1, '15613-2', 'Mg', 'China', NULL, 'yyyyyy', NULL, NULL, NULL, NULL);
INSERT INTO public.car_repuesto VALUES (88, 'BOMBA-SUZU-K12BZZ-0750', '17400-51K00', NULL, 'Bomba de Agua', 'Fulltec', 'Origen: China  OEM: 17400-51K00  Cdigo Proveedor: 17849-7  Marca Vehculo: Suzuki  K12B - K14B - K10C - AVB414 - AZI412 - K12M - K15B - K10B', '', 'Repisa 5 nivel 4', 'Unidad', 13000.00, 21500.00, '2025-10-07 19:09:11.016427+00', '1784900000009', 1, '17849-7', 'Suzuki', 'China', 'K12B - K14B - K10C', 'yyyyyy', NULL, NULL, NULL, NULL);
INSERT INTO public.car_repuesto VALUES (89, 'BOMBA-SUZU-M16AZZ-9722', '17400-69G00', NULL, 'Bomba de Agua', 'Fulltec', 'Origen: China  OEM: 17400-69G00  Cdigo Proveedor: 17850-0  Marca Vehculo: Suzuki   M16A - M13A', '', 'Repisa 5 Nivel 4', 'Unidad', 15000.00, 24000.00, '2025-10-07 19:11:28.959139+00', '1785000000005', 1, '17850-0', 'Suzuki', 'China', 'M16A - M13A', 'yyyyyy', NULL, NULL, NULL, NULL);
INSERT INTO public.car_repuesto VALUES (65, 'BOBIN-CHEV-C14NZZ-6838', '90449739', NULL, 'Bobina', 'Wurtex', 'Bobina marca Wurtex  Origen: China  OEM: 90449739  Cdigo Proveedor: 1702238  Marca Vehculo: Chevrolet  C14NZ - C14NE - C16NZ', '', 'repisa 5 Nivel 3', 'Unidad', 11500.00, 18000.00, '2025-10-07 16:59:03.891916+00', '1702238', 1, '1702238', 'Chevrolet', 'China', 'C14NZ - C14NE - C16NZ', 'yyyyyy', NULL, NULL, NULL, NULL);
INSERT INTO public.car_repuesto VALUES (69, 'BOBIN-NISS-GA16DE-9881', '22433-53F00', NULL, 'Bobina', 'Wurtex', 'Bobina marca Wurtex  Origen: China  OEM: 22433-53F00  Cdigo Proveedor: 0108938  Marca Vehculo: Nissan  GA16DE - GA16DS - KA24E - KA24DE', '', 'Repisa 5 Nivel 3', 'Unidad', 9500.00, 20000.00, '2025-10-07 17:09:57.122237+00', '0108938', 1, '0108938', 'Nissan', 'China', 'GA16DE - GA16DS', 'yyyyyy', NULL, NULL, NULL, NULL);
INSERT INTO public.car_repuesto VALUES (92, 'BOMBA-CHEV-ZZZZZZ-8647', '96352650', NULL, 'Bomba de Agua', 'Mando', 'Origen: Korea  OEM: 96352650  Cdigo Proveedor: 1599014  Marca Vehculo: Chevrolet - Daewoo  F14D3 - F16D3 - A16DMS - A15MF', '', 'Repisa 5 Nivel 4', 'Unidad', 21000.00, 32000.00, '2025-10-07 19:22:01.87185+00', '1599014', 1, '1599014', 'Chevrolet', 'Korea', NULL, 'yyyyyy', NULL, NULL, NULL, NULL);
INSERT INTO public.car_repuesto VALUES (114, 'BOMBA-XXXX-ZZZZZZ-0352', '25100-32120', NULL, 'Bomba de Agua', 'GMB', '', '', 'Repisa 5 Nivel 4', 'Unidad', 58000.00, 70000.00, '2025-10-08 19:36:41.122071+00', '010140298', 1, NULL, NULL, NULL, NULL, 'yyyyyy', NULL, NULL, NULL, NULL);
INSERT INTO public.car_repuesto VALUES (93, 'BOMBA-HYUN-ZZZZZZ-7265', '21500-4A800', NULL, 'Bomba de Agua', 'Mando', 'Origen: Korea  OEM: 21500-4A800  Cdigo Proveedor: KJ00105  Marca Vehculo: Hyundai - Kia  D4CB', '', 'Repisa 5 Nivel 4', 'Unidad', 48000.00, 60000.00, '2025-10-07 19:30:33.28153+00', 'KJ00105', 1, 'KJ00105', 'Hyundai', 'Korea', NULL, 'yyyyyy', NULL, NULL, NULL, NULL);
INSERT INTO public.car_repuesto VALUES (94, 'BOMBA-KIA-ZZZZZZ-2646', '21500-4Z000', NULL, 'Bomba de Agua', 'Mando', 'Origen: Korea  OEM: 21500-4Z000  Cdigo Proveedor: K400024  Marca Vehculo: Kia  J2 - JT', '', 'Repisa 5 Nivel 4', 'Unidad', 38000.00, 50000.00, '2025-10-07 19:34:33.197072+00', 'K400024', 1, 'K400024', 'Kia', 'Korea', NULL, 'yyyyyy', NULL, NULL, NULL, NULL);
INSERT INTO public.car_repuesto VALUES (96, 'BOMBA-HYUN-D3EAZZ-1804', '25100-27000', NULL, 'Bomba de Agua', 'Mando', 'Origen: Korea  OEM: 25100-27000  Cdigo Proveedor: H103224  Marca Vehculo: Hyundai - Kia  D3EA - D4EA', '', 'repisa 5 Nivel 4', 'Unidad', 38000.00, 50000.00, '2025-10-07 19:46:41.534237+00', 'H103224', 1, 'H103224', 'Hyundai', 'Korea', 'D3EA - D4EA', 'yyyyyy', NULL, NULL, NULL, NULL);
INSERT INTO public.car_repuesto VALUES (97, 'BOMBA-TOYO-2EZZZZ-5665', '16100-19125', NULL, 'Bomba de Agua', 'Toto', 'Origen: Japn  OEM: 16100-19125  Cdigo Proveedor: 9954599  Marca Vehculo: Toyota  2E - 3EE', '', 'Repisa 5 Nivel 5', 'Unidad', 23000.00, 32000.00, '2025-10-07 19:50:12.265089+00', '9954599', 1, '9954599', 'Toyota', NULL, '2E - 3EE', 'yyyyyy', NULL, NULL, NULL, NULL);
INSERT INTO public.car_repuesto VALUES (98, 'BOMBA-CHEV-C14NZZ-1534', '1334010', NULL, 'Bomba de Agua', 'Toto', 'Origen: Japn  OEM: 1334010  Cdigo Proveedor: 9954573  Marca Vehculo: Chevrolet  C14NZ - C14SE - C16NZ - Z14XEP - Z16SE - C16SE - X16EX - X14XE - A15MF - G15MF - A15DM', '', 'Repisa 5 Nivel 5', 'Unidad', 24000.00, 28000.00, '2025-10-07 19:56:19.46253+00', '9954573', 1, '9954573', 'Chevrolet', NULL, 'C14NZ - C14SE - C16NZ', 'yyyyyy', NULL, NULL, NULL, NULL);
INSERT INTO public.car_repuesto VALUES (99, 'BOMBA-CHEV-ZZZZZZ-2808', '17400-50810', NULL, 'Bomba de Agua', 'Toto', 'Origen: Japn  OEM: 17400-50810  Cdigo Proveedor: 9954574  Marca Vehculo: Chevrolet - Daewoo  B10S - F8CV - F8C', '', 'Repisa 5 Nivel 5', 'Unidad', 30000.00, 35000.00, '2025-10-07 20:00:29.5485+00', '9954574', 1, '9954574', 'Chevrolet', NULL, NULL, 'yyyyyy', NULL, NULL, NULL, NULL);
INSERT INTO public.car_repuesto VALUES (100, 'BOMBA-TOYO-1KDFTV-7427', '16100-09260', NULL, 'Bomba de Agua', 'Toto', 'Origen: Japn  OEM: 16100-09260  Cdigo Proveedor: 9954598  Marca Vehculo: Toyota  1KDFTV - 2KDFTV - 1KZTE', '', 'Repisa 5 Nivel 5', 'Unidad', 76000.00, 85000.00, '2025-10-07 20:04:59.092642+00', '9954598', 1, '9954598', 'Toyota', NULL, '1KDFTV - 2KDFTV - 1KZTE', 'yyyyyy', NULL, NULL, NULL, NULL);
INSERT INTO public.car_repuesto VALUES (102, 'BOMBA-HYUN-G4EKZZ-1905', '25100-22650', NULL, 'Bomba de Agua', 'Wurtex', 'Origen: China  OEM: 25100-22650  Cdigo Proveedor: 0013570  Marca Vehculo: Hyundai - Mitsubishi  G4EK - G4EH - G4EB - G4EA - 4G13 - 4G15', '', 'Repisa 5 Nivel 4', 'Unidad', 24000.00, 30000.00, '2025-10-07 20:17:33.557592+00', '0013570', 1, '0013570', 'Hyundai', 'China', 'G4EK - G4EH - G4EB - G4EA', 'yyyyyy', NULL, NULL, NULL, NULL);
INSERT INTO public.car_repuesto VALUES (103, 'BOMBA-PEUG-ZZZZZZ-2089', '1201-A2', NULL, 'Bomba de Agua', 'Wurtex', 'Origen: China  OEM: 1201-A2  Cdigo Proveedor: 0013543  Marca Vehculo: Peugeot  TU5JP4', '', 'Repisa 5 Nivel 5', 'Unidad', 17000.00, 25000.00, '2025-10-07 20:20:33.98426+00', '0013543', 1, '0013543', 'Peugeot', 'China', NULL, 'yyyyyy', NULL, NULL, NULL, NULL);
INSERT INTO public.car_repuesto VALUES (105, 'BOMBA-CHEV-ZZZZZZ-0149', '9025153', NULL, 'Bomba de Agua', 'Wurtex', 'Origen: China  OEM: 9025153  Cdigo Proveedor: 0011342  Marca Vehculo: Chevrolet  F14D', '', 'Repisa 5 Nivel 5', 'Unidad', 22000.00, 35000.00, '2025-10-07 20:34:47.618133+00', '0011342', 1, '0011342', 'Chevrolet', 'China', NULL, 'yyyyyy', NULL, NULL, NULL, NULL);
INSERT INTO public.car_repuesto VALUES (106, 'BOMBA-PEUG-ZZZZZZ-4949', 'C', NULL, 'Bomba de Agua', 'Wurtex', 'Origen: China  OEM:   Cdigo Proveedor: 0013569  Marca Vehculo: Peugeot - Citroen  DV6DT - DV6FD - DV6TED4', '', 'Repisa 5 Nivel 5', 'Unidad', 15000.00, 21000.00, '2025-10-07 20:39:41.047716+00', '0013569', 1, '0013569', 'Peugeot', 'China', NULL, 'yyyyyy', NULL, NULL, NULL, NULL);
INSERT INTO public.car_repuesto VALUES (107, 'BOMBA-VW-AEHZZZ-5680', '06B121011B', NULL, 'Bomba de Agua', 'Klaxcar', 'Origen: Francia  OEM: 06B121011B  Cdigo Proveedor: 12609-8  Marca Vehculo: VW  AEH - ADP - BSE - ALT - ABU', '', 'repisa 5 Nivel 5', 'Unidad', 20000.00, 35000.00, '2025-10-07 20:42:45.671731+00', '3468624205619', 1, '12609-8', 'Vw', 'Francia', 'AEH - ADP - BSE - ALT - ABU', 'yyyyyy', NULL, NULL, NULL, NULL);
INSERT INTO public.car_repuesto VALUES (108, 'BOMBA-PEUG-EW10AZ-0493', '1201.F4', NULL, 'Bomba de Agua', 'Klaxcar', 'Origen: Francia  OEM: 1201.F4  Cdigo Proveedor: 12644-6  Marca Vehculo: Peugeot - Citroen  EW10A - EW7J4 - EW10J', '', 'Repisa 5 Nivel 5', 'Unidad', 16000.00, 30000.00, '2025-10-07 20:45:21.052035+00', '3468624211511', 1, '12644-6', 'Peugeot', 'Francia', 'EW10A - EW7J', 'yyyyyy', NULL, NULL, NULL, NULL);
INSERT INTO public.car_repuesto VALUES (109, 'BOMBA-NISS-GA16DE-7029', '21010-53Y00', NULL, 'Bomba de Agua', 'NPW', 'Origen: Japn  OEM: 21010-53Y00  Cdigo Proveedor: 0149543  Marca Vehculo: Nissan  GA16DE - GA16DNE - GA16DS - GA14DS', '', 'Repisa 5 Nivel 5', 'Unidad', 22000.00, 29000.00, '2025-10-07 20:49:04.501529+00', '576931', 1, '0149543', 'Nissan', NULL, 'GA16DE - GA16DN', 'yyyyyy', NULL, NULL, NULL, NULL);
INSERT INTO public.car_repuesto VALUES (91, 'BOMBA-FORD-ZZZZZZ-3084', 'WL81-15-100C', NULL, 'Bomba de Agua', 'Fulltec', 'Origen: China  OEM: WL81-15-100C  Cdigo Proveedor: 10393-4  Marca Vehculo: Ford - Mazda  WLAA - WLE7 - W9', '', 'Repisa 5 Nivel 4', 'Unidad', 26000.00, 46000.00, '2025-10-07 19:18:16.697657+00', '1039300000006', 1, '10393-4', 'Ford', 'China', NULL, 'yyyyyy', NULL, NULL, NULL, NULL);
INSERT INTO public.car_repuesto VALUES (115, 'BOMBA-XXXX-ZZZZZZ-0759', '1201-G8', NULL, 'Bomba de Agua', 'STP', '', '', 'Repisa 5 Nivel 5', 'Unidad', 31000.00, 45000.00, '2025-10-08 19:40:33.607407+00', '9941594', 1, NULL, NULL, NULL, NULL, 'yyyyyy', NULL, NULL, NULL, NULL);
INSERT INTO public.car_repuesto VALUES (180, 'AMPOL-XXXX-ZZZZZZ-1432', 'oem', NULL, 'Ampolleta H11', 'Megalite', '', '', '', 'Unidad', 4400.00, 8000.00, '2025-10-21 15:40:11.494314+00', '8811032560118', 7, '330379', 'xxx', 'Korea', 'zzzzzz', 'yyyyyy', NULL, NULL, NULL, NULL);
INSERT INTO public.car_repuesto VALUES (110, 'BOMBA-XXXX-ZZZZZZ-1354', NULL, NULL, 'Bomba de Agua', 'NPW', 'Origen: Japn   OEM: 25100-42000  Cdigo Proveedor: 230025  Marca Vehculo: Hyundai - Mitsubishi  D4BF - D4BA - D4BX - 4D56 - 4D56T', '', 'Repisa 5 Nivel 5', 'Unidad', 42000.00, 60000.00, '2025-10-07 21:06:21.513524+00', '870761', 1, NULL, NULL, NULL, NULL, 'yyyyyy', NULL, NULL, NULL, NULL);
INSERT INTO public.car_repuesto VALUES (111, 'BOMBA-XXXX-ZZZZZZ-2230', NULL, NULL, 'Bomba de Agua', 'GMB', 'Origen: Japn  OEM: MD-179030  Cdigo Proveedor: 283329  Marca Vehculo: Mitsubishi   4G91 - 4G92 - 4G93 - G63B', '', 'Repisa 5 Nivel 5', 'Unidad', 27000.00, 45000.00, '2025-10-07 21:13:24.690245+00', 'E1069-3501', 1, NULL, NULL, NULL, NULL, 'yyyyyy', NULL, NULL, NULL, NULL);
INSERT INTO public.car_repuesto VALUES (101, 'BOMBA-XXXX-ZZZZZZ-9930', NULL, NULL, 'Bomba de Agua', 'Wurtex', 'Origen: China  OEM: 25100-42540  Cdigo Proveedor: 0013572  Marca Vehculo: Hyundai - Kia - Mitsubishi  D4BH - D4BB - 4D56 - 4D56T', '', 'Repisa 5 Nivel 4', 'Unidad', 24000.00, 35000.00, '2025-10-07 20:13:57.459511+00', '0013572', 1, NULL, NULL, NULL, NULL, 'yyyyyy', NULL, NULL, NULL, NULL);
INSERT INTO public.car_repuesto VALUES (116, 'BOMBA-XXXX-ZZZZZZ-9765', '25100-2A200', NULL, 'Bomba de Agua', 'STP', '', '', 'Repisa 5 Nivel 4', 'Unidad', 39000.00, 54500.00, '2025-10-08 19:49:30.746665+00', '9941648', 1, NULL, NULL, NULL, NULL, 'yyyyyy', NULL, NULL, NULL, NULL);
INSERT INTO public.car_repuesto VALUES (117, 'BOMBA-XXXX-ZZZZZZ-2467', '1201-C4', NULL, 'Bomba de Agua', 'Wurtex', '', '', 'Repisa 5 Nivel 5', 'Unidad', 18500.00, 24000.00, '2025-10-08 19:53:31.096082+00', '0013568', 1, NULL, NULL, NULL, NULL, 'yyyyyy', NULL, NULL, NULL, NULL);
INSERT INTO public.car_repuesto VALUES (118, 'BOMBA-XXXX-ZZZZZZ-9397', '462-1307950-01', NULL, 'Bomba de Agua', 'RCPS', '', '', 'Repisa 5 Nivel 4', 'Unidad', 15000.00, 24900.00, '2025-10-08 20:06:10.841486+00', '7041', 1, NULL, NULL, NULL, NULL, 'yyyyyy', NULL, NULL, NULL, NULL);
INSERT INTO public.car_repuesto VALUES (119, 'BOMBA-XXXX-ZZZZZZ-0108', '21010-AL525', NULL, 'Bomba de Agua', 'NGP', '', '', 'Repisa 5 Nivel 4', 'Unidad', 52500.00, 65000.00, '2025-10-08 20:13:34.038582+00', NULL, 1, NULL, NULL, NULL, NULL, 'yyyyyy', NULL, NULL, NULL, NULL);
INSERT INTO public.car_repuesto VALUES (120, 'BOMBA-XXXX-ZZZZZZ-2906', '030-121-005N', NULL, 'Bomba de Agua', 'Rheinmetall', '', '', 'Repisa 5 Nivel 5', 'Unidad', 30000.00, 45000.00, '2025-10-08 20:44:29.030629+00', '4028977329708', 1, NULL, NULL, NULL, NULL, 'yyyyyy', NULL, NULL, NULL, NULL);
INSERT INTO public.car_repuesto VALUES (112, 'AMPOL-XXXX-ZZZZZZ-6299', NULL, NULL, 'Ampolleta H4', 'Hella', '', '', 'Repisa 4 Nivel 2', 'pieza', 3000.00, 5000.00, '2025-10-08 15:59:45.099123+00', '4082300286700', 0, NULL, NULL, NULL, NULL, 'yyyyyy', NULL, NULL, NULL, NULL);
INSERT INTO public.car_repuesto VALUES (121, 'BOMBA-XXXX-ZZZZZZ-9296', '25188341', NULL, 'Bomba de Agua', 'IRP', '', '', 'Repisa 5 Nivel 5', 'Unidad', 28000.00, 35000.00, '2025-10-08 21:06:22.552502+00', '96416294', 1, NULL, NULL, NULL, NULL, 'yyyyyy', NULL, NULL, NULL, NULL);
INSERT INTO public.car_repuesto VALUES (122, 'BOMBA-XXXX-ZZZZZZ-1241', '9025153', NULL, 'Bomba de Agua', 'Sehun', '', '', 'repisa 5 Nivel 5', 'Unidad', 20000.00, 32000.00, '2025-10-08 21:10:27.665269+00', '9025153', 1, NULL, NULL, NULL, NULL, 'yyyyyy', NULL, NULL, NULL, NULL);
INSERT INTO public.car_repuesto VALUES (113, 'AMPOL-XXXX-ZZZZZZ-4763', NULL, NULL, 'Ampolleta H7', 'Hella', '', '', '', 'Unidad', 4500.00, 7000.00, '2025-10-08 16:01:39.413926+00', '760687139690', 10, NULL, NULL, NULL, '', 'yyyyyy', NULL, NULL, NULL, NULL);
INSERT INTO public.car_repuesto VALUES (193, 'JUEGO-PEUG-TU5JP4-3614', '0514-A3', 'no-tiene', 'Juego retenes distribucin', 'Wurtex', '', '', '', 'Juego', 15000.00, 25000.00, '2025-10-28 15:49:35.299275+00', '9968149', 1, '9968149', 'Peugeot, Citroen', 'China', 'TU5JP4', 'yyyyyy', NULL, NULL, NULL, NULL);
INSERT INTO public.car_repuesto VALUES (143, 'AMPOL-XXXX-ZZZZZZ-9924', NULL, NULL, 'Ampolleta C5W', 'Osram', '', '', 'Repisa 4 Nivel 2', 'Unidad', 300.00, 500.00, '2025-10-09 15:52:46.576832+00', '4050300525105', 5, NULL, NULL, 'Italia', '', 'yyyyyy', NULL, NULL, NULL, NULL);
INSERT INTO public.car_repuesto VALUES (181, 'FILTR-XXXX-ZZZZZZ-4521', '26300-02500', 'no-tiene', 'Filtro de aceite W67/80', 'Onnuri', '', '', '', 'pieza', 2950.00, 7000.00, '2025-10-21 15:50:25.367206+00', '5000000049653', 5, '247744', 'xxx', 'Korea', 'zzzzzz', 'yyyyyy', NULL, NULL, NULL, NULL);
INSERT INTO public.car_repuesto VALUES (146, 'AMPOL-XXXX-ZZZZZZ-4966', NULL, NULL, 'Ampolleta P21/5W', 'Hella', '', '', 'Repisa 4 Nivel 2', 'Unidad', 600.00, 1000.00, '2025-10-09 15:58:42.163134+00', '760687145080', 12, '0012454', NULL, 'China', '', 'yyyyyy', NULL, NULL, NULL, NULL);
INSERT INTO public.car_repuesto VALUES (123, 'BOMBA-RENA-K4M, K7-8145', '8200428447', NULL, 'Bomba de Agua', 'Dolz', '', '', '', 'Unidad', 25000.00, 39000.00, '2025-10-08 21:19:15.021037+00', 'R0727-A', 0, NULL, 'Renault', 'Espaa', 'K4M, K7M', 'yyyyyy', NULL, NULL, NULL, NULL);
INSERT INTO public.car_repuesto VALUES (145, 'AMPOL-XXXX-ZZZZZZ-9113', NULL, NULL, 'Ampolleta P21W', 'Narva', '', '', 'Repisa 4 Nivel 2', 'Unidad', 600.00, 1000.00, '2025-10-09 15:56:25.3025+00', '4013790257055', 16, NULL, NULL, 'Alemania', '', 'yyyyyy', NULL, NULL, NULL, NULL);
INSERT INTO public.car_repuesto VALUES (151, 'AMPOL-XXXX-ZZZZZZ-0941', NULL, NULL, 'Ampolleta H3', 'STP', '', '', 'Repisa 4 Nivel 2', 'Unidad', 1000.00, 1500.00, '2025-10-09 16:08:33.68242+00', '6932019032687', 8, NULL, NULL, 'China', '', 'yyyyyy', NULL, NULL, NULL, NULL);
INSERT INTO public.car_repuesto VALUES (162, 'PASTI-NISS-HR16DE,-8700', 'PP758', NULL, 'Pastillas de freno delanteras', 'STP', '', '', 'Repisa 4 Nivel 3', 'Juego', 17000.00, 23000.00, '2025-10-09 18:10:23.747935+00', '0T0001P', 2, NULL, 'Nissan', 'Taiwan', 'HR16DE, CR12DE, HR15DE, HR18DE', 'yyyyyy', NULL, NULL, NULL, NULL);
INSERT INTO public.car_repuesto VALUES (161, 'PASTI-TOYO-1ZRFE, -2084', 'PP2765', NULL, 'Pastillas de freno delanteras', 'Dongwoo', '', '', 'Repisa 4 Nivel 3', 'Juego', 22000.00, 35000.00, '2025-10-09 18:02:25.160537+00', 'PT08', 1, NULL, 'Toyota', 'Corea', '1ZRFE, 3ZZFE, 1ZZFE, 2ZRFE, 3ZRFE, 2AZFE, 1NRFE', 'yyyyyy', NULL, NULL, NULL, NULL);
INSERT INTO public.car_repuesto VALUES (160, 'PASTI-TOYO-2AZFE, -1452', 'PP2766', NULL, 'Pastillas de freno traseras', 'Dongwoo', '', '', 'Repisa 4 Nivel 3', 'Juego', 16000.00, 25000.00, '2025-10-09 17:58:14.105699+00', 'PT14', 1, NULL, 'Toyota', 'Corea', '2AZFE, 2ARFE, 2GRFE, 2ZRFXE, M20AFKS, 3ZRFE', 'yyyyyy', NULL, NULL, NULL, NULL);
INSERT INTO public.car_repuesto VALUES (159, 'AMPOL-XXXX-ZZZZZZ-9162', NULL, NULL, 'Ampolleta T5', 'Hella', '', '', 'Repisa 4 Nivel 2', 'Unidad', 200.00, 500.00, '2025-10-09 16:24:53.97754+00', '4036021202235', 8, NULL, NULL, 'China', '', 'yyyyyy', NULL, NULL, NULL, NULL);
INSERT INTO public.car_repuesto VALUES (158, 'AMPOL-XXXX-ZZZZZZ-5897', NULL, NULL, 'Ampolleta T4W', 'Osram', '', '', 'Repisa 4 Nivel 2', 'Unidad', 200.00, 400.00, '2025-10-09 16:23:41.222728+00', '4050300525068', 7, NULL, NULL, 'Italia', '', 'yyyyyy', NULL, NULL, NULL, NULL);
INSERT INTO public.car_repuesto VALUES (157, 'AMPOL-XXXX-ZZZZZZ-8464', NULL, NULL, 'Ampolleta T20 1C', 'Hella', '', '', 'Repisa 4 Nivel 2', 'Unidad', 1000.00, 1500.00, '2025-10-09 16:22:14.498572+00', '4036021203324', 19, NULL, NULL, 'China', '', 'yyyyyy', NULL, NULL, NULL, NULL);
INSERT INTO public.car_repuesto VALUES (156, 'AMPOL-XXXX-ZZZZZZ-4278', NULL, NULL, 'Ampolleta T15', 'Hella', '', '', 'Repisa 4 Nivel 2', 'Unidad', 300.00, 500.00, '2025-10-09 16:20:17.228804+00', '4047025321495', 11, '0029641', NULL, 'China', '', 'yyyyyy', NULL, NULL, NULL, NULL);
INSERT INTO public.car_repuesto VALUES (155, 'AMPOL-XXXX-ZZZZZZ-3887', NULL, NULL, 'Ampolleta P27/7W', 'Hella', '', '', 'Repisa 4 Nivel 2', 'Unidad', 1800.00, 2500.00, '2025-10-09 16:18:14.116795+00', '4036021202419', 4, NULL, NULL, NULL, '', 'yyyyyy', NULL, NULL, NULL, NULL);
INSERT INTO public.car_repuesto VALUES (153, 'AMPOL-XXXX-ZZZZZZ-0972', NULL, NULL, 'Ampolleta MFX', 'SCT', '', '', 'Repisa 4 Nivel 2', 'Unidad', 1000.00, 2000.00, '2025-10-09 16:14:51.523063+00', '4036021202389', 7, NULL, NULL, 'Alemania', '', 'yyyyyy', NULL, NULL, NULL, NULL);
INSERT INTO public.car_repuesto VALUES (152, 'AMPOL-XXXX-ZZZZZZ-2517', NULL, NULL, 'Ampolleta H3', 'SCT', '', '', 'Repisa 4 Nivel 2', 'Unidad', 2000.00, 3000.00, '2025-10-09 16:11:26.794808+00', '4036021202020', 8, NULL, NULL, 'Alemania', '', 'yyyyyy', NULL, NULL, NULL, NULL);
INSERT INTO public.car_repuesto VALUES (150, 'AMPOL-XXXX-ZZZZZZ-9023', NULL, NULL, 'Ampolleta HB4 Blanca', 'SCT', '', '', 'Repisa 4 Nivel 2', 'Unidad', 3000.00, 4500.00, '2025-10-09 16:06:38.664172+00', '4036021202594', 3, NULL, NULL, 'Alemania', '', 'yyyyyy', NULL, NULL, NULL, NULL);
INSERT INTO public.car_repuesto VALUES (149, 'AMPOL-XXXX-ZZZZZZ-9317', NULL, NULL, 'Ampolleta H3', 'Narva', '', '', 'Repisa 4 Nivel 2', 'Unidad', 2200.00, 3500.00, '2025-10-09 16:04:53.830803+00', '4013790303059', 7, NULL, NULL, 'Alemania', '', 'yyyyyy', NULL, NULL, NULL, NULL);
INSERT INTO public.car_repuesto VALUES (148, 'AMPOL-XXXX-ZZZZZZ-4060', NULL, NULL, 'Ampolleta H1', 'Narva', '', '', 'Repisa 4 Nivel 2', 'Unidad', 1800.00, 3000.00, '2025-10-09 16:02:58.0873+00', '4013790302052', 8, NULL, NULL, 'Alemania', '', 'yyyyyy', NULL, NULL, NULL, NULL);
INSERT INTO public.car_repuesto VALUES (142, 'DEPOS-CHEV-F14DZZ-5706', NULL, NULL, 'Deposito direccion', 'Genrico', '', '', 'Repisa 4 Nivel 1', 'Unidad', 10000.00, 18000.00, '2025-10-09 15:41:05.72933+00', 'DDCH14', 1, NULL, 'Chevrolet', 'China', 'F14D', 'yyyyyy', NULL, NULL, NULL, NULL);
INSERT INTO public.car_repuesto VALUES (141, 'DEPOS-PEUG-DW8, XU-0747', '1307-HN', NULL, 'Deposito radiador', 'Wurtex', '', '', 'Repisa 4 Nivel 1', 'Unidad', 15000.00, 23000.00, '2025-10-09 15:39:07.732085+00', '9942273', 1, '9942273', 'Peugeot, Citroen', 'China', 'DW8, XUD9', 'yyyyyy', NULL, NULL, NULL, NULL);
INSERT INTO public.car_repuesto VALUES (140, 'DEPOS-CHEV-C16SEZ-1861', '93-217-461', NULL, 'Deposito radiador', 'Florio', '2 Salidas', '', 'Repisa 4 Nivel 1', 'Unidad', 8000.00, 15000.00, '2025-10-09 15:36:34.760651+00', 'DRCH16', 1, NULL, 'Chevrolet', 'Italia', 'C16SE', 'yyyyyy', NULL, NULL, NULL, NULL);
INSERT INTO public.car_repuesto VALUES (139, 'DEPS-HYUN-D4BH, D-3193', '98611-4H000', NULL, 'Depsito limpiaparabrisas', 'Hyundai', '', '', 'Repisa 4 Nivel 1', 'Unidad', 25000.00, 35000.00, '2025-10-09 15:25:46.434058+00', '0012920075', 1, NULL, 'Hyundai', 'Original', 'D4BH, D4CB', 'yyyyyy', NULL, NULL, NULL, NULL);
INSERT INTO public.car_repuesto VALUES (138, 'DEPOS-NISS-HR16DE-9705', '21710-ED000', NULL, 'Deposito radiador', 'Chin Lang', '', '', 'Repisa 4 Nivel 1', 'Unidad', 8000.00, 15000.00, '2025-10-09 15:20:31.012335+00', '53A272', 2, '53A272', 'Nissan', 'China', 'HR16DE', 'yyyyyy', NULL, NULL, NULL, NULL);
INSERT INTO public.car_repuesto VALUES (137, 'DEPOS-SUZU-F8DZZZ-0082', '17931-53M00', NULL, 'Deposito radiador', 'Suzuki', '', '', 'Repisa 4 Nivel 1', 'Unidad', 15000.00, 25000.00, '2025-10-09 15:18:01.14087+00', '080470073', 2, NULL, 'Suzuki', 'Original', 'F8D', 'yyyyyy', NULL, NULL, NULL, NULL);
INSERT INTO public.car_repuesto VALUES (136, 'DEPOS-CHEV-F18D4, -9399', NULL, NULL, 'Deposito Radiador', 'IRP', '', '', 'Repisa 4 Nivel 1', 'Unidad', 15000.00, 21000.00, '2025-10-09 15:13:25.284504+00', '9941754', 2, '9941754', 'Chevrolet', 'USA', 'F18D4, Z20D1', 'yyyyyy', NULL, NULL, NULL, NULL);
INSERT INTO public.car_repuesto VALUES (135, 'DEPOS-CHEV-F14D, F-4630', '5490776', NULL, 'Deposito radiador', 'CIB', '', '', 'Repisa 4 Nivel 1', 'Unidad', 12000.00, 22000.00, '2025-10-09 15:10:40.364317+00', '0011326', 3, '0011326', 'Chevrolet', 'China', 'F14D, F14D3', 'yyyyyy', NULL, NULL, NULL, NULL);
INSERT INTO public.car_repuesto VALUES (134, 'NEBLI-PEUG-ZZZZZZ-3493', '26150-EA500', NULL, 'Neblinero', 'Todo auto lamps', '', '', 'Repisa 4 Nivel 1', 'Unidad', 8000.00, 15000.00, '2025-10-09 15:03:23.343831+00', 'Z000840', 1, 'Z000840', 'Peugeot, Citroen', 'China', '', 'yyyyyy', NULL, NULL, NULL, NULL);
INSERT INTO public.car_repuesto VALUES (133, 'FAROL-HYUN-G4EKZZ-0610', NULL, NULL, 'Farol punta', 'Optiligth', '', '', 'Repisa 4 Nivel 1', 'Unidad', 14000.00, 22000.00, '2025-10-09 14:56:17.398463+00', 'FHYA99', 1, NULL, 'Hyundai', 'China', 'G4EK', 'yyyyyy', NULL, NULL, NULL, NULL);
INSERT INTO public.car_repuesto VALUES (132, 'JUEGO-CHEV-B12B3Z-1221', NULL, NULL, 'Juego neblineros', 'Forcetec', '', '', 'Repisa 4 Nivel 1', 'Unidad', 15000.00, 25000.00, '2025-10-09 14:52:03.242116+00', 'FCHN300', 1, NULL, 'Chevrolet', 'China', 'B12B3', 'yyyyyy', NULL, NULL, NULL, NULL);
INSERT INTO public.car_repuesto VALUES (131, 'JUEGO-CHEV-4ZA1, 4-0260', NULL, NULL, 'Juego espejos retrovisores', 'YTM', '', '', 'Repisa 4 Nivel 1', 'Unidad', 8000.00, 18000.00, '2025-10-09 14:44:39.404598+00', 'ACCH233201', 1, 'ACCH233201', 'Chevrolet', 'Taiwan', '4ZA1, 4ZD1', 'yyyyyy', NULL, NULL, NULL, NULL);
INSERT INTO public.car_repuesto VALUES (130, 'DEPS-CHEV-F16D3, -7989', '96813425', NULL, 'Depsito radiador', 'USGM', '', '', 'Repisa 4 Nivel 1', 'Unidad', 15000.00, 25000.00, '2025-10-09 14:39:54.455484+00', '0014248', 1, '0014248', 'Chevrolet', 'China', 'F16D3, C18SED', 'yyyyyy', NULL, NULL, NULL, NULL);
INSERT INTO public.car_repuesto VALUES (129, 'FAROL-HYUN-G4CS, D-7109', NULL, NULL, 'Farol punta izquierdo', 'Diforza', '', '', 'Repisa 4 Nivel 1', 'Unidad', 10000.00, 19000.00, '2025-10-09 14:37:02.052461+00', 'H005033', 1, 'H005033', 'Hyundai', 'China', 'G4CS, D4BA, D4BF, D4BB', 'yyyyyy', NULL, NULL, NULL, NULL);
INSERT INTO public.car_repuesto VALUES (128, 'FAROL-HYUN-G4CS, D-8942', NULL, NULL, 'Farol punta derecho', 'Diforza', '', '', 'Repisa 4 Nivel 1', 'Unidad', 10000.00, 19000.00, '2025-10-09 14:35:27.904202+00', 'H005034', 1, 'H005034', 'Hyundai', 'China', 'G4CS, D4BA, D4BB, D4BF', 'yyyyyy', NULL, NULL, NULL, NULL);
INSERT INTO public.car_repuesto VALUES (127, 'NEBLI-CHEV-L2B15Z-4330', '90872824', NULL, 'Neblinero izquierdo', 'Todo auto lamps', '', '', 'Repisa 4 Nivel 1', 'Unidad', 10000.00, 17500.00, '2025-10-09 14:30:52.12006+00', '0016746', 1, '0016746', 'Chevrolet', 'China', 'L2B15', 'yyyyyy', NULL, NULL, NULL, NULL);
INSERT INTO public.car_repuesto VALUES (126, 'NEBLI-CHEV-L2B15Z-7308', '90872825', NULL, 'Neblinero derecho', 'Todo auto lamps', '', '', 'Repisa 4 Nivel 1', 'Unidad', 10000.00, 17500.00, '2025-10-09 14:29:45.460929+00', '0016747', 1, NULL, 'Chevrolet', 'China', 'L2B15', 'yyyyyy', NULL, NULL, NULL, NULL);
INSERT INTO public.car_repuesto VALUES (125, 'FAROL-HYUN-G4EE, D-9144', '94401-1E020', NULL, 'Farol trasero IZQUIERDO', 'Diforza', '', '', 'Repisa 4 Nivel 1', 'Unidad', 26000.00, 35000.00, '2025-10-09 14:27:40.804639+00', 'H080040', 2, 'H080040', 'Hyundai', 'China', 'G4EE, D4FA, G4ED', 'yyyyyy', NULL, NULL, NULL, NULL);
INSERT INTO public.car_repuesto VALUES (124, 'FAROL-HYUN-G4EE, D-7243', '94402-1E020', NULL, 'Farol trasero derecho', 'Diforza', '', '', 'Repisa 4 Nivel 1', 'Unidad', 26000.00, 35000.00, '2025-10-09 14:26:32.025879+00', 'H080050', 2, 'H080050', 'Hyundai', 'China', 'G4EE, D4FA, G4ED', 'yyyyyy', NULL, NULL, NULL, NULL);
INSERT INTO public.car_repuesto VALUES (192, 'CABLE-PEUG-TU1JP, -6937', '5967-L9', 'no-tiene', 'Cable de Bujia', 'Stutzer', '', '', '', 'Juego', 16000.00, 30000.00, '2025-10-28 15:44:08.18693+00', '0030183', 1, '0030183', 'Peugeot, Citroen', 'China', 'TU1JP, TU3AF, TU3JP, TU3F, XU5JP, TU5JP,', 'yyyyyy', NULL, NULL, NULL, NULL);
INSERT INTO public.car_repuesto VALUES (166, 'PASTI-SUBA-EJ253, -5979', 'PP2517', NULL, 'Pastillas de freno delanteras', 'STP', '', '', 'Repisa 4 Nivel 324000', 'pieza', 24000.00, 31000.00, '2025-10-09 18:31:44.595294+00', 'SU2001P', 1, NULL, 'Subaru', 'Taiwan', 'EJ253, EJ20, EJ204, EJ25, FB25B, EJ201, EJ257, EZ30, EJ255', 'yyyyyy', NULL, NULL, NULL, NULL);
INSERT INTO public.car_repuesto VALUES (172, 'PASTI-MITS-3SZVE, -9324', 'PP615', NULL, 'Pastillas de freno delanteras', 'UNI', '', '', '', 'Juego', 6000.00, 13000.00, '2025-10-09 20:13:21.429735+00', '3872321004862', 1, NULL, 'Mitsubishi, Proton, Dahiatsu, Toyota, Zotye', 'China', '3SZVE, HCEJ, K3VE, 4G13, 4G15, 4G92, 4G91, 471Q', 'yyyyyy', NULL, NULL, NULL, NULL);
INSERT INTO public.car_repuesto VALUES (176, 'PASTI-RENA-K9K, H5-8034', 'PP2223', NULL, 'Pastillas de freno delanteras', 'ICER', '', '', '', 'Juego', 35000.00, 48000.00, '2025-10-09 20:51:54.936845+00', '8424073098375', 1, NULL, 'Renault', 'Espaa', 'K9K, H5F4, K7M, K4M, F4RA, M4R, R9M, F4M', 'yyyyyy', NULL, NULL, NULL, NULL);
INSERT INTO public.car_repuesto VALUES (90, 'BOM-FUL-REP-5476', NULL, NULL, 'Bomba de Agua', 'Fulltec', 'Origen: China  OEM: U202-15YE2A  Cdigo Proveedor: 18775-5  Marca Vehculo: Ford - Mazda  P4AT - T22DD - P5AT', '', 'Repisa 5 Nivel 5', 'Unidad', 55000.00, 90000.00, '2025-10-07 19:14:40.697374+00', '1877500000002', 1, NULL, NULL, NULL, NULL, 'yyyyyy', NULL, NULL, NULL, NULL);
INSERT INTO public.car_repuesto VALUES (52, 'JUEGO-XXXX-ZZZZZZ-3980', NULL, NULL, 'Juego de Empaquetaduras', 'Sabo', 'Juego de Empaquetadura marca Sabo  Origen: Brasil  OEM:   Cdigo Proveedor: 0001318  Marca Vehculo: Chevrolet  X20XE - C20NE - C20NZ', 'STD', 'Repisa 5 Nivel 1', 'Juego', 35000.00, 48000.00, '2025-10-07 15:56:36.13608+00', '7891252802435', 1, NULL, NULL, NULL, '', 'yyyyyy', NULL, NULL, NULL, NULL);
INSERT INTO public.car_repuesto VALUES (1, 'TERMI-DAEW-C20NED,-2451', '96205798', NULL, 'Terminal de direccin', 'STP', 'No tienen lado  Se vende en pares  Valor est por unidad', '', '', 'Par', 12000.00, 18000.00, '2025-10-10 15:41:27.241072+00', '9953674', 0, '9953674', 'Daewoo', 'Taiwan', 'C20NED, X20SED, A16DMN', 'yyyyyy', NULL, NULL, NULL, NULL);
INSERT INTO public.car_repuesto VALUES (84, 'BOM-FUL-REP-3093', '16110-19135', NULL, 'Bomba de Agua', 'Fulltec', 'Origen: China  OEM: 16110-19135  Cdigo Proveedor: 18865-4  Marca Vehculo: Toyota - Geely - Lifan  5AFE - 4AFE- MR479Q -479Q', '', 'Repisa 5 Nivel 4', 'Unidad', 12000.00, 25000.00, '2025-10-07 19:00:05.725715+00', '1886500000004', 1, '18865-4', 'Toyota', 'China', '5AFE - 4AFE', 'yyyyyy', NULL, NULL, NULL, NULL);
INSERT INTO public.car_repuesto VALUES (175, 'PASTI-HOND-B16A, D-3642', 'PP913', NULL, 'Pastillas de freno delanteras', 'FBL', '', '', '', 'Juego', 20000.00, 36000.00, '2025-10-09 20:44:08.575202+00', '4589969822800', 1, NULL, 'Honda', 'Japn', 'B16A, D16A, D13B, D14A4, D15B, D16A1, D16Y', 'yyyyyy', NULL, NULL, NULL, NULL);
INSERT INTO public.car_repuesto VALUES (173, 'PASTI-SUZU-G13BB, -7289', 'PP2613', NULL, 'Pastillas de freno delanteras', 'Top Gear', '', '', '', 'Juego', 8000.00, 14000.00, '2025-10-09 20:16:44.530318+00', 'PFSZ99', 1, NULL, 'Suzuki', 'China', 'G13BB, G16B', 'yyyyyy', NULL, NULL, NULL, NULL);
INSERT INTO public.car_repuesto VALUES (174, 'PASTI-CHAN-DAM15B,-5939', 'PP1556', NULL, 'Pastillas de freno delanteras', 'Dongwoo', '', '', '', 'Juego', 15000.00, 24000.00, '2025-10-09 20:32:02.816764+00', '468284', 1, NULL, 'Changan, Ford, Dahiatsu, Mazda, Suzuki', 'Corea', 'DAM15B, JL473, K3V3, 3SZVE, ENDURA, J4T, FYJA, LHA, L1V, SIGMA, ZETEC, ZYVE, K14B, K14C, K10C, K12B, M16A', 'yyyyyy', NULL, NULL, NULL, NULL);
INSERT INTO public.car_repuesto VALUES (171, 'PASTI-FORD-8AFDR, -6897', 'PP1536', NULL, 'Pastillas de freno delanteras', 'Daiwa', '', '', '', 'Juego', 12000.00, 25000.00, '2025-10-09 20:05:10.829295+00', 'UHY1''33''23ZA', 1, NULL, 'Ford, Mazda', 'Taiwan', '8AFDR, WLAT, F2, WL, G6, 4G54, W9, R2', 'yyyyyy', NULL, NULL, NULL, NULL);
INSERT INTO public.car_repuesto VALUES (170, 'PASTI-MAZD-PY, PE,-6222', 'PP1570', NULL, 'Pastillas de freno traseras', 'Ital Brakes', '', '', '', 'Juego', 30000.00, 48000.00, '2025-10-09 18:59:41.172984+00', 'PF-GTX-20080', 1, NULL, 'Mazda', 'Italia', 'PY, PE, Z6, PYVPS', 'yyyyyy', NULL, NULL, NULL, NULL);
INSERT INTO public.car_repuesto VALUES (169, 'PASTI-TOYO-2NZFE, -7322', 'PP2763', NULL, 'Pastillas de freno delanteras', 'Allied Nipon', '', '', 'Repisa 4 Nivel 3', 'Juego', 13000.00, 20000.00, '2025-10-09 18:48:38.625779+00', '5055181549812', 1, NULL, 'Toyota, Lifan, Great Wall, Brilliance', 'China', '2NZFE, 1NZFE, LF479, GW4G15, BM15L', 'yyyyyy', NULL, NULL, NULL, NULL);
INSERT INTO public.car_repuesto VALUES (168, 'PASTI-TOYO-2NZFE, -9105', 'PP2742', NULL, 'Pastillas de freno delanteras', 'Allied Nipon', '', '', 'Repisa 4 Nivel 3', 'Juego', 9000.00, 16500.00, '2025-10-09 18:44:32.933863+00', '5055181510126', 1, NULL, 'Toyota', 'China', '2NZFE, 1SZFE', 'yyyyyy', NULL, NULL, NULL, NULL);
INSERT INTO public.car_repuesto VALUES (167, 'PASTI-NISS-JL473, -6674', 'PP2222', NULL, 'Pastillas de freno delanteras', 'STP', '', '', 'Repisa 4 Nivel 3', 'Juego', 21000.00, 28000.00, '2025-10-09 18:38:50.572192+00', '9941375', 1, NULL, 'Nissan, Renault, Mercedez, Changan, Suzuki', 'Taiwan', 'JL473, JL474, OM607, HR12, HR15, HR16DE, D4F7, K4M, K7M, F4R, K9K, M13A, M15A', 'yyyyyy', NULL, NULL, NULL, NULL);
INSERT INTO public.car_repuesto VALUES (164, 'PASTI-NISS-E16E, G-5496', 'PP705', NULL, 'Pastillas de freno delanteras', 'Fritec', '', '', 'Repisa 4 Nivel 3', 'Juego', 12000.00, 22000.00, '2025-10-09 18:21:55.476758+00', 'V0M7X89-Z', 1, 'FR510M', 'Nissan', 'Mexico', 'E16E, GA14DS, GA16DNE, GA16DE, GA16DS', 'yyyyyy', NULL, NULL, NULL, NULL);
INSERT INTO public.car_repuesto VALUES (72, 'BOBIN-XXXX-ZZZZZZ-6247', NULL, NULL, 'Bobina', 'Echlin', 'Bobina marca Echlin  Origen: China  OEM: 93248876  Cdigo Proveedor: 1V00040  Marca Vehculo: Chevrolet  C20SEL - X18XE - C22NE - C24NE - Z22SE', '', 'Repisa 5 Nivel 3', 'Unidad', 23000.00, 32000.00, '2025-10-07 17:19:18.055261+00', '1V00040', 2, NULL, NULL, NULL, '', 'yyyyyy', NULL, NULL, NULL, NULL);
INSERT INTO public.car_repuesto VALUES (75, 'BOBIN-HYUN-ZZZZZZ-1825', '27301-02710', NULL, 'Bobina', 'Autotec', 'Bobina marca Autotec  Origen: China  OEM: 27301-02710  Cdigo Proveedor: 18206-0  Marca Vehculo: Hyundai - Kia  G4HG', '', 'Repisa 5 Nivel 3', 'Unidad', 19000.00, 40000.00, '2025-10-07 17:31:55.485889+00', '182060', 1, '18206-0', 'Hyundai', 'China', '', 'yyyyyy', NULL, NULL, NULL, NULL);
INSERT INTO public.car_repuesto VALUES (62, 'JUEGO-PEUG-ZZZZZZ-9495', '0197-16', NULL, 'Juego de Empaquetaduras', 'Wurtex', 'Juego de Empaquetadura marca Wurtex  Origen: China  OEM: 0197-16  Cdigo Proveedor: 0000624  Marca Vehculo: Peugeot  TU5JP4', 'STD', 'Repisa 5 Nivel 1', 'Juego', 45000.00, 58000.00, '2025-10-07 16:50:22.777053+00', '0000624', 1, '0000624', 'Peugeot', 'China', '', 'yyyyyy', NULL, NULL, NULL, NULL);
INSERT INTO public.car_repuesto VALUES (60, 'JUEGO-XXXX-ZZZZZZ-4890', NULL, NULL, 'Juego de Empaquetaduras', 'Wurtex', 'Juego de Empaquetadura marca Wurtex  Origen: China  OEM: 0197-AB  Cdigo Proveedor: 0032003  Marca Vehculo: Peugeot  DV4TD - DV4TED', 'STD', 'Repisa 5 Nivel 1', 'Juego', 46000.00, 65000.00, '2025-10-07 16:45:56.987583+00', '0032003', 1, NULL, NULL, NULL, '', 'yyyyyy', NULL, NULL, NULL, NULL);
INSERT INTO public.car_repuesto VALUES (58, 'JUEGO-HYUN-G4EKZZ-0846', '20910-22N10', NULL, 'Juego de Empaquetaduras', 'Onnuri', 'Juego de Empaquetadura marca Onnuri  Origen: Korea  OEM: 20910-22N10  Cdigo Proveedor: 247225  Marca Vehculo: Hyundai  G4EK - G4EB - G4EA', 'STD', 'Repisa 5 Nivel 1', 'Juego', 22000.00, 35000.00, '2025-10-07 16:34:33.634598+00', '5000000128136', 1, '247225', 'Hyundai', 'Korea', 'G4EK - G4EB - G4EA', 'yyyyyy', NULL, NULL, NULL, NULL);
INSERT INTO public.car_repuesto VALUES (47, 'JUEGO-NISS-ZZZZZZ-5424', '10101-40F25', NULL, 'Juego de Empaquetaduras', 'Atsuki', 'Juego de Empaquetadura marca Atsuki  Origen: China  OEM: 10101-40F25  Cdigo Mundo Repuestos: 0194298  Marca Vehculo: Nissan  KA24E', 'STD', 'Repisa 5 Nivel 1', 'Juego', 31000.00, 45000.00, '2025-10-07 15:20:23.00083+00', '0194298', 1, '0194298', 'Nissan', 'China', '', 'yyyyyy', NULL, NULL, NULL, NULL);
INSERT INTO public.car_repuesto VALUES (37, 'CABLE-FIAT-171193-2950', '46743086', NULL, 'Cable de Bujia', 'Stutzer', 'Cables de buja marca Stutzer  Origen: China  OEM: 46743086  Cdigo Mundo Repuestos: 9951002  Fiat  171193 - 171162 - 171582 - 172162 - 172062', '', 'Repisa 5 Nivel 2', 'Juego', 18000.00, 22000.00, '2025-10-07 14:15:00.875496+00', '9951002', 2, '9951002', 'Fiat', 'China', '171193 - 171162 - 171582', 'yyyyyy', NULL, NULL, NULL, NULL);
INSERT INTO public.car_repuesto VALUES (33, 'CABLE-XXXX-ZZZZZZ-4157', NULL, NULL, 'Cable de Bujia', 'ALD', 'Cables de buja marca ALD  Origen: USA  OEM: 33700-M79G20  Cdigo Mundo Repuestos: 9951561  Suzuki  F8D', '', 'Repisa 5 Nivel 2', 'Juego', 8000.00, 13000.00, '2025-10-07 13:47:03.606+00', '9951561', 1, NULL, NULL, NULL, '', 'yyyyyy', NULL, NULL, NULL, NULL);
INSERT INTO public.car_repuesto VALUES (22, 'CABLE-HYUN-G4GBZZ-3547', '27501-23B70', NULL, 'Cable de Bujia', 'Onnuri', 'Cables de buja marca Onnuri  OEM: 27501-23B70  Cdigo Noriega: 070353  Hyundai y Kia   G4GB - G4GC', 'STD', 'Repisa 5 Nivel 2', 'Juego', 15000.00, 23000.00, '2025-10-06 19:14:47.930603+00', '5000000250981', 1, '070353', 'Hyundai Y Kia', NULL, 'G4GB - G4GC', 'yyyyyy', NULL, NULL, NULL, NULL);
INSERT INTO public.car_repuesto VALUES (18, 'ADITI-XXXX-ZZZZZZ-4395', NULL, NULL, 'Aditivo Limpia Inyectores Diesel', 'Senfineco', 'Aditivo para limpieza de sistema de inyeccin Diesel marca Senfineco  Capacidad de mezcla hasta 50 L  Compatible para vehculos Diesel', '300 Ml', 'Estante Repsol Nivel 1', 'Unidad', 3000.00, 5000.00, '2025-10-06 18:57:55.910485+00', '4260610399857', 4, NULL, NULL, NULL, '', 'yyyyyy', NULL, NULL, NULL, NULL);
INSERT INTO public.car_repuesto VALUES (2, 'BRAZO-DAEW-F16D3, -5463', '520672', NULL, 'Brazo axial de direccin', 'STP', 'No tienen lado  Se vende en pares  Valor est por unidad', '', '', 'Par', 13000.00, 18000.00, '2025-10-10 15:46:30.7151+00', '9953501', 0, '9953501', 'Daewoo, Chevrolet', 'Taiwan', 'F16D3, C18SED, Z20DM, A16DMN, X20SED', 'yyyyyy', NULL, NULL, NULL, NULL);
INSERT INTO public.car_repuesto VALUES (182, 'FILTR-XXXX-ZZZZZZ-7195', '16546-ED500', 'no-tiene', 'Filtro de Aire C2340', 'Beste', '', '', '', 'Unidad', 1940.00, 7000.00, '2025-10-21 15:56:27.951845+00', '6956216261367', 4, '14B02340', 'xxx', 'China', 'zzzzzz', 'yyyyyy', NULL, NULL, NULL, NULL);
INSERT INTO public.car_repuesto VALUES (95, 'BOM-MAN-REP-0817', '25100-25002', NULL, 'Bomba de Agua', 'Mando', 'Origen: Korea  OEM: 25100-25002  Cdigo Proveedor: H610224  Marca Vehculo: Hyundai - Kia  G4KE - G4KA - G4JP - L4KA - G4KD - G4KC - GA2W - CY4A - CZ4A - CW5W', '', 'repisa 5 Nivel 4', 'Unidad', 39000.00, 52000.00, '2025-10-07 19:42:23.459709+00', 'H610224', 2, 'H610224', 'Hyundai', 'Korea', 'G4KE - G4KA - G4JP', 'yyyyyy', NULL, NULL, NULL, NULL);
INSERT INTO public.car_repuesto VALUES (104, 'BOM-WUR-REP-1891', '17400-M79F00', NULL, 'Bomba de Agua', 'Wurtex', 'Origen: China  OEM: 17400-M79F00  Cdigo Proveedor: 0013549  Marca Vehculo: Suzuki  F10D - F8D - F8DE', '', 'Repisa 5 Nivel 5', 'Unidad', 20000.00, 30000.00, '2025-10-07 20:24:23.016534+00', '0013549', 1, '0013549', 'Suzuki', 'China', 'F10D - F8D - F8D', 'yyyyyy', NULL, NULL, NULL, NULL);
INSERT INTO public.car_repuesto VALUES (25, 'CABLE-HYUN-G4EHZZ-3739', '27501-22B00', NULL, 'Cable de Bujia', 'Mando', 'Cables de buja marca Mando  OEM: 27501-22B00  Cdigo Mundo Repuestos: H00134M  Hyundai y Kia   G4EH - G4EB - G4EA - G4EK', 'STD', 'Repisa 5 Nivel 2', 'Juego', 10000.00, 15000.00, '2025-10-06 19:23:54.393201+00', 'H00134M', 1, 'H00134M', 'Hyundai Y Kia', NULL, 'G4EH - G4EB - G4EA - G4EK', 'yyyyyy', NULL, NULL, NULL, NULL);
INSERT INTO public.car_repuesto VALUES (70, 'BOBIN-CHEV-ZZZZZZ-6091', '8-94371-838-0', NULL, 'Bobina', 'Wurtex', 'Bobina marca Wurtex  Origen: China  OEM: 8-94371-838-0  Cdigo Proveedor: 1605108  Marca Vehculo: Chevrolet - Honda  4ZA1 - 4ZD1 - F20 - F22 - D15B2', '', 'Repisa 5 Nivel 3', 'Unidad', 9500.00, 15000.00, '2025-10-07 17:12:57.53422+00', '1605108', 1, '1605108', 'Chevrolet', 'China', NULL, 'yyyyyy', NULL, NULL, NULL, NULL);
INSERT INTO public.car_repuesto VALUES (205, 'PASTI-HYUN-G4EE, D-8525', '8266-D1156', 'Noriega', 'Pastillas de freno delanteras', 'Beste', '', '', '', 'Juego', 15000.00, 22000.00, '2025-11-03 14:53:03.682032+00', '7800081003272', 1, 'BE1156', 'Hyundai, Kia, Jac', 'China', 'G4EE, D4FA, G4ED, A5D, HFC4', 'ALPHA, BLS4, JB, 3B, 3D', NULL, NULL, NULL, NULL);
INSERT INTO public.car_repuesto VALUES (177, 'PASTI-AUDI-CBZA, C-8552', 'PP107', '11', 'Pastillas de freno delanteras', 'Beste', 'a', '', '', 'Juego', 13000.00, 17000.00, '2025-10-09 21:12:49.801456+00', '7800081003111', 1, NULL, 'Audi, VW', 'China', 'CBZA, CAXA, CAVG, CZCA, CBZB, CAXC, AKL, BAH, BSE, BSF FSI, AGU, CDA, BLY, BVZ, CCZA, 4A15, 4A91S, AZE, BKY, BUD, BXW, BFQ, CLHA, CMXA, ATD, BXE, AEG, BMM, CLCA, AQY, CBP, CPLA, CBP, BEJ, BHP, DEL, APK, BST, ACC, ADD, CZD, XXX, BBY, CGGB, CLSA, CWSA, BJX, CFZ, CCCA, CBP, ZD', 'yyyyyy', NULL, NULL, NULL, NULL);
INSERT INTO public.car_repuesto VALUES (163, 'PASTI-NISS-G4GM, G-2138', 'PP1004', NULL, 'Pastillas de freno delanteras', 'Beste', '', '', 'Repisa 4 Nivel 3', 'Juego', 9000.00, 17500.00, '2025-10-09 18:20:15.588131+00', '7800081002718', 1, NULL, 'Nissan, Hyundai, SSangYong, Jac, Kia', 'China', 'G4GM, G4GF, G4CR, G4ED, G4GR, G4DN, G4GB, G4GM, G4GC, G4GB, G4JP, L4GC, G4CM, G4CP, G4CS, G6BV, HFC4DB, 4G93D, HFC4GA, 4G93D, G4JN, CA20S, QG18DE, CA18DET, SR20DE, OM662, OM600, M162,', 'yyyyyy', NULL, NULL, NULL, NULL);
INSERT INTO public.car_repuesto VALUES (199, 'TEST3-XXXX-ZZZZZZ-8648', 'oem', 'no-tiene', 'test3-correa', 'general', '', 'STD', 'est2', 'pieza', 15600.00, 21500.00, '2025-10-29 15:25:06.341373+00', NULL, 60, NULL, 'xxx', 'sin-origen', 'zzzzzz', 'yyyyyy', NULL, NULL, NULL, NULL);
INSERT INTO public.car_repuesto VALUES (198, 'TEST2-XXXX-ZZZZZZ-8909', 'oem', 'no-tiene', 'test2-distribucion', 'general', '', 'STD', 'est2', 'pieza', 8600.00, 9800.00, '2025-10-29 15:24:33.584776+00', NULL, 70, NULL, 'xxx', 'sin-origen', 'zzzzzz', 'yyyyyy', NULL, NULL, NULL, NULL);
INSERT INTO public.car_repuesto VALUES (197, 'TEST1-XXXX-ZZZZZZ-0345', 'oem', 'no-tiene', 'test1-bujias', 'general', '', 'STD', 'est2', 'pieza', 10000.00, 13000.00, '2025-10-29 15:23:55.808317+00', NULL, 80, NULL, 'xxx', 'sin-origen', 'zzzzzz', 'yyyyyy', NULL, NULL, NULL, NULL);
INSERT INTO public.car_repuesto VALUES (185, 'DEMOS-LADA-4LZZZZ-5759', 'oem', 'no-tiene', 'demostracion1', 'general', '', 'STD', 'est2', 'pieza', 11000.00, 13200.00, '2025-10-23 00:27:22.233003+00', NULL, 84, NULL, 'lada', 'sin-origen', '4l', 'celsa', NULL, NULL, NULL, NULL);
INSERT INTO public.car_repuesto VALUES (189, 'DEPOS-CHEV-F16D3, -5548', '96813425', 'no-tiene', 'Deposito radiador', 'USGM', '', '', '', 'Unidad', 15000.00, 25000.00, '2025-10-27 14:06:04.255158+00', 'GM016HK0EY', 0, '0014248', 'Chevrolet', 'China', 'F16D3, C18SED', 'yyyyyy', NULL, NULL, NULL, NULL);
INSERT INTO public.car_repuesto VALUES (200, 'BIELE-CHEV-F14D3, -1036', '9021967', 'Mundo Repuestos', 'Bieleta delantera', 'Wurtex', '', '', '', 'Unidad', 7000.00, 12000.00, '2025-10-30 17:21:32.024615+00', '0011328', 2, '0011328', 'Chevrolet, Daewoo', 'China', 'F14D3, A16DMS, A16DMN, X20SED, C20SED', 'T200, T250, T255', NULL, NULL, NULL, NULL);
INSERT INTO public.car_repuesto VALUES (206, 'GOLIL-HYUN-D4BH, D-7057', NULL, 'Pernos villegas', 'Golilla retorno inyector', '', 'Juego de 4 unidades', '12x19mm', '', 'Juego', 2500.00, 5000.00, '2025-11-04 11:45:56.616565+00', NULL, 3, NULL, 'Hyundai, Kia', NULL, 'D4BH, D4BA, D4BX, D4BB', 'yyyyyy', NULL, NULL, NULL, NULL);
INSERT INTO public.car_repuesto VALUES (196, 'TAPA -FORD-SIGMAZ-5242', NULL, 'no-tiene', 'Tapa termostato', 'FOMOCO', 'Sin termostato', '', '', 'Unidad', 37655.00, 52000.00, '2025-10-28 20:33:03.148621+00', '00340939', 0, NULL, 'Ford', 'Original', 'Sigma', 'yyyyyy', NULL, NULL, NULL, NULL);
INSERT INTO public.car_repuesto VALUES (202, 'EMPAQ-VW-AQY, AP-9226', '051103483E', 'Mundo Repuestos', 'Empaquetadura tapa vlvulas', 'Wurtex', 'Completa', '', '', 'Unidad', 10000.00, 15000.00, '2025-10-30 17:41:18.115422+00', '0002711', 0, '0002711', 'VW', 'China', 'AQY, APK, AP, UNF, GU, ACC, ABF, AKR, AKL, AZJ, BAH,', 'G2, G3, A3, A4', NULL, NULL, NULL, NULL);
INSERT INTO public.car_repuesto VALUES (190, 'TAPA -XXXX-ZZZZZZ-6475', 'oem', 'no-tiene', 'Tapa depsito', 'FK', '', '', '', 'Unidad', 3500.00, 8000.00, '2025-10-27 14:13:04.54515+00', '8008810', 4, '8008810', 'xxx', 'Korea', 'zzzzzz', 'yyyyyy', NULL, NULL, NULL, NULL);
INSERT INTO public.car_repuesto VALUES (203, 'CODO -CHEV-ZZZZZZ-7215', NULL, 'no-tiene', 'Codo ventilacin carter', 'FK', '', '', '', 'Unidad', 5000.00, 8000.00, '2025-10-30 17:50:18.255354+00', '8107310', 4, NULL, 'Chevrolet, Daewoo', 'Korea', 'zzzzzz', 'yyyyyy', NULL, NULL, NULL, NULL);
INSERT INTO public.car_repuesto VALUES (204, 'EMPAQ-PEUG-TU5JP4-2486', '0209-IE', 'Mundo Repuestos', 'Empaquetadura culata', 'Wurtex', 'Metlica', '', '', 'Unidad', 20000.00, 30000.00, '2025-10-30 18:28:09.938239+00', '0001344', 1, '0001344', 'Peugeot, Citroen', 'China', 'TU5JP4', 'yyyyyy', NULL, NULL, NULL, NULL);
INSERT INTO public.car_repuesto VALUES (201, 'EMPAQ-VW-AP, GU,-9276', '0261033832', 'Mundo Repuestos', 'Empaquetadura culata', 'Wurtex', 'Grafito', '', '', 'Unidad', 10000.00, 15000.00, '2025-10-30 17:26:25.130734+00', '4114248', 0, '4114248', 'VW', 'China', 'AP, GU, UNF, UDH, ACC, BAH, AKL, APF, AUR', 'G1, G2, G3, A3,', NULL, NULL, NULL, NULL);
INSERT INTO public.car_repuesto VALUES (144, 'AMPOL-XXXX-ZZZZZZ-3038', NULL, NULL, 'Ampolleta C10W', 'Osram', '', '', 'Repisa 4 Nivel 2', 'Unidad', 300.00, 500.00, '2025-10-09 15:54:09.59213+00', '4050300891361', 7, NULL, NULL, 'Italia', '', 'yyyyyy', NULL, NULL, NULL, NULL);
INSERT INTO public.car_repuesto VALUES (194, 'CORRE-RENA-K4MZZZ-0195', NULL, 'Mundo Repuestos', 'Correa accesorios', 'Continental', '6PK-1815 
(Medida original 6PK-1820)', '', '', 'Unidad', 20000.00, 35000.00, '2025-10-28 20:23:01.825149+00', '4010858481353', 1, '9950655', 'Renault', 'Alemania', 'K4M', 'yyyyyy', NULL, NULL, NULL, NULL);
INSERT INTO public.car_repuesto VALUES (8, 'REFRI-XXXX-ZZZZZZ-6142', NULL, 'Caren', 'Refrigerante Verde', 'Dark Bear', 'Refrigerante y Anticongelante marca Dark Bear  Color verde  Punto congelamiento -3 y punto ebullicin 103  Formato 3.78 L', '3.785 L', '', 'Unidad', 3590.00, 5000.00, '2025-10-06 18:24:03.395172+00', '04525', 8, '300218', NULL, NULL, '', 'yyyyyy', NULL, NULL, NULL, NULL);
INSERT INTO public.car_repuesto VALUES (211, 'FILTR-XXXX-ZZZZZZ-2554', '90915-20001', 'Noriega', 'Filtro W712/22', 'Beste', '', '', '', 'Unidad', 2000.00, 6000.00, '2025-11-07 19:45:14.060834+00', '6956216207020', 3, '14BA712/22', 'xxx', 'China', 'zzzzzz', 'yyyyyy', NULL, NULL, NULL, NULL);
INSERT INTO public.car_repuesto VALUES (212, 'CORRE-XXXX-ZZZZZZ-2414', 'oem', 'Mundo Repuestos', 'Correa accesorios', 'Continental', '', '', '', 'Unidad', 15000.00, 30000.00, '2025-11-07 20:05:08.729966+00', '7898447713927', 0, '9950658', 'xxx', 'Alemania', 'zzzzzz', 'yyyyyy', NULL, NULL, NULL, NULL);
INSERT INTO public.car_repuesto VALUES (208, 'KIT D-CHEV-F14D3, -5343', 'GBKD-001', 'Mundo Repuestos', 'Kit distribucin', 'Onnuri', '', '', '', 'Juego', 42000.00, 65000.00, '2025-11-07 19:28:28.0021+00', '0005315', 0, '0005315', 'Chevrolet, Daewoo', 'Korea', 'F14D3, F16D3, A16DMN, A16DMS', 'yyyyyy', NULL, NULL, NULL, NULL);
INSERT INTO public.car_repuesto VALUES (209, 'BOMBA-CHEV-F14D3, -7078', '96182871', 'Mundo Repuestos', 'Bomba de agua', 'Toto', '', '', '', 'Unidad', 17000.00, 32000.00, '2025-11-07 19:34:14.039698+00', '9954571', 0, '9954571', 'Chevrolet, Daewoo', 'Japn', 'F14D3, F16D3, A16DMN, A16DMS', 'yyyyyy', NULL, NULL, NULL, NULL);
INSERT INTO public.car_repuesto VALUES (210, 'TERMO-CHEV-F16D3, -9229', '96460002', 'Mundo Repuestos', 'Termostato', 'GM', '', '', '', 'Unidad', 35000.00, 60000.00, '2025-11-07 19:37:22.324603+00', '0020280', 0, '0020280', 'Chevrolet, Daewoo', 'Original', 'F16D3, A16DMS', 'yyyyyy', NULL, NULL, NULL, NULL);
INSERT INTO public.car_repuesto VALUES (147, 'AMPOL-XXXX-ZZZZZZ-6234', NULL, NULL, 'Ampolleta T10', 'Hella', '', '', '', 'Unidad', 500.00, 800.00, '2025-10-09 16:00:37.94557+00', '0012457', 28, '0012457', NULL, 'China', '', 'yyyyyy', NULL, NULL, NULL, NULL);
INSERT INTO public.car_repuesto VALUES (179, 'AMPOL-XXXX-ZZZZZZ-6832', 'oem', 'no-tiene', 'Ampolleta H4', 'Megalite', '', '', '', 'Unidad', 1500.00, 5000.00, '2025-10-21 15:33:13.691959+00', '8811032550799', 16, '330326', 'xxx', 'Korea', 'zzzzzz', 'yyyyyy', NULL, NULL, NULL, NULL);
INSERT INTO public.car_repuesto VALUES (213, 'FILTR-XXXX-ZZZZZZ-1986', '95627135', 'Noriega', 'Filtro C3028', 'Beste', '', '', '', 'Unidad', 2500.00, 7000.00, '2025-11-07 20:09:32.496353+00', '6956216260643', 4, '14B03028', 'xxx', 'China', 'zzzzzz', 'yyyyyy', NULL, NULL, NULL, NULL);
INSERT INTO public.car_repuesto VALUES (207, 'JUEGO-CHEV-F14D3, -7230', '93742687', 'Mundo Repuestos', 'Juego de Empaquetaduras', 'Toto', '', '', '', 'Juego', 40000.00, 62000.00, '2025-11-07 19:22:33.949646+00', '9958718', 0, '9958718', 'Chevrolet', 'Japon', 'F14D3, F16D3', 'yyyyyy', NULL, NULL, NULL, NULL);
INSERT INTO public.car_repuesto VALUES (214, 'DEPOS-RENA-K4MZZZ-4257', NULL, 'Mercado Libre', 'Deposito radiador', 'IRP', 'Con tapa', '', '', 'Unidad', 20000.00, 32000.00, '2025-11-10 17:04:57.271023+00', 'A880466212458976A', 0, NULL, 'Renault', 'USA', 'K4M', 'yyyyyy', NULL, NULL, NULL, NULL);
INSERT INTO public.car_repuesto VALUES (220, 'CAZOL-CHEV-F14D3, -7830', '96653239', 'Gabtec', 'Cazoletas delanteras', 'IBN', 'Con rodamientos', '', '', 'Unidad', 12000.00, 19000.00, '2025-11-10 20:44:19.303586+00', '96653239', 0, NULL, 'Chevrolet', 'Korea', 'F14D3, LCU14', 'yyyyyy', NULL, NULL, NULL, NULL);
INSERT INTO public.car_repuesto VALUES (218, 'AMORT-CHEV-F14D3, -7905', '96410166', 'Mundo Repuestos', 'Amortiguador delantero izquierdo', 'Wurtex', '', '', '', 'Unidad', 22000.00, 35000.00, '2025-11-10 20:38:16.457352+00', '1115000', 0, '1115000', 'Chevrolet', 'China', 'F14D3, LCU14', 'yyyyyy', NULL, NULL, NULL, NULL);
INSERT INTO public.car_repuesto VALUES (219, 'AMORT-CHEV-F14D3, -4022', '96408735', 'Mundo Repuestos', 'Amortiguador delantero derecho', 'Wurtex', '', '', '', 'Unidad', 22000.00, 35000.00, '2025-11-10 20:39:55.419203+00', '1115010', 0, '1115010', 'Chevrolet', 'China', 'F14D3, LCU14', 'yyyyyy', NULL, NULL, NULL, NULL);
INSERT INTO public.car_repuesto VALUES (222, 'SOPOR-RENA-K4MZZZ-1840', '11210-00QAG', 'Mundo Repuestos', 'Soporte motor distribucin', 'Wurtex', '', '', '', 'Unidad', 21000.00, 35000.00, '2025-11-11 15:28:50.247715+00', '9948634', 0, '9948634', 'Renault', 'China', 'K4M', 'yyyyyy', NULL, NULL, NULL, NULL);
INSERT INTO public.car_repuesto VALUES (223, 'POLEA-RENA-K4MZZZ-0172', '1003-RE127', 'Mercado Libre/Bolomey', 'Polea auxiliar', 'OKAP', '', '', '', 'Unidad', 10000.00, 17000.00, '2025-11-11 15:37:50.296943+00', 'R-230461', 0, NULL, 'Renault', NULL, 'K4M', 'yyyyyy', NULL, NULL, NULL, NULL);
INSERT INTO public.car_repuesto VALUES (224, 'FILTR-XXXX-ZZZZZZ-1229', '90915-10003', 'Noriega', 'Filtro W610/80', 'HAN', '', '', '', 'Unidad', 3000.00, 6000.00, '2025-11-11 18:30:18.999604+00', '5000000049561', 3, '247733', 'xxx', 'Korea', 'zzzzzz', 'yyyyyy', NULL, NULL, NULL, NULL);
INSERT INTO public.car_repuesto VALUES (215, 'FILTR-XXXX-ZZZZZZ-8129', '26300-35500', 'Noriega', 'Filtro W811/80', 'Beste', '', '', '', 'Unidad', 3000.00, 5000.00, '2025-11-10 17:35:54.196335+00', '6956216253423', 7, '14BA811/80', 'xxx', 'China', 'zzzzzz', 'yyyyyy', NULL, NULL, NULL, NULL);
INSERT INTO public.car_repuesto VALUES (221, 'KIT E-CHEV-C16SE. -3266', 'GMK-055', 'Noriega', 'Kit Embrague', 'Valeo', 'Disco + Prensa + Rodamiento empuje', '', '', 'Juego', 65000.00, 100000.00, '2025-11-11 13:52:22.512458+00', 'GMK''055', 0, '140076', 'Chevrolet', 'Korea', 'C16SE. C16NZ', 'yyyyyy', NULL, NULL, NULL, NULL);
INSERT INTO public.car_repuesto VALUES (226, 'TERMI-CHEV-ZZZZZZ-9202', '93296756', 'Mundo Repuestos', 'Terminal de direccin', 'STP', '', '', '', 'Juego', 10000.00, 15000.00, '2025-11-12 16:25:33.000265+00', '9953453', 0, '9953453', 'Chevrolet', 'Taiwan', 'zzzzzz', 'yyyyyy', NULL, NULL, NULL, NULL);
INSERT INTO public.car_repuesto VALUES (216, 'KIT E-VW-CAAZZZ-5875', NULL, 'Novovolks', 'Kit Embrague', 'LUK', 'Disco + Prensa + Rodamiento', '', '', 'Juego', 320000.00, 380000.00, '2025-11-10 20:00:24.193656+00', '4005108818652', 0, NULL, 'VW', 'Hungria', 'CAA', 'yyyyyy', NULL, NULL, NULL, NULL);
INSERT INTO public.car_repuesto VALUES (217, 'VOLAN-VW-CAAZZZ-4413', NULL, 'Novovolks', 'Volante', 'LUK', 'Flotante', '', '', 'Unidad', 420000.00, 480000.00, '2025-11-10 20:02:59.82266+00', '4005108743794', 0, NULL, 'VW', 'Hungria', 'CAA', 'yyyyyy', NULL, NULL, NULL, NULL);
INSERT INTO public.car_repuesto VALUES (228, 'AMORT-HYUN-G4EE, G-5293', '5224-0122', 'Bicimoto', 'Amortiguador delantero derecho', 'Yokomitsu', '', '', '', 'Unidad', 28000.00, 35000.00, '2025-11-13 12:42:00.737659+00', NULL, 0, 'SPHY011231', 'Hyundai, Kia', 'China', 'G4EE, G4ED', 'yyyyyy', NULL, NULL, NULL, NULL);
INSERT INTO public.car_repuesto VALUES (227, 'AMORT-HYUN-G4EE, G-5130', '5214-0121', 'Bicimoto', 'Amortiguador delantero izquierdo', 'Yokomitsu', '', '', '', 'Unidad', 28000.00, 35000.00, '2025-11-13 12:40:27.179003+00', NULL, 0, 'SPHY011232', 'Hyundai, Kia', 'China', 'G4EE, G4ED', 'yyyyyy', NULL, NULL, NULL, NULL);
INSERT INTO public.car_repuesto VALUES (233, 'KIT D-HYUN-D4BA, D-4160', NULL, 'Vimae', 'Kit distribucin', 'Royal', 'Correa larga
Tensor grande
Correa corta
Tensor chico', '', '', 'Juego', 50000.00, 65000.00, '2025-11-14 18:46:34.224638+00', NULL, 1, NULL, 'Hyundai, Kia, Mitsubishi', 'Korea', 'D4BA, D4BH, D4BX, D4BB, 4D56, 4D56T', 'yyyyyy', NULL, NULL, NULL, NULL);
INSERT INTO public.car_repuesto VALUES (225, 'KIT E-HAIM-HM474Q-5565', NULL, 'Solu Parts/ML', 'Kit Embrague', 'LENV', 'Disco 140 x 200 mm', '', '', 'Juego', 45000.00, 100000.00, '2025-11-12 16:02:48.716052+00', '2400840', 0, '2400840', 'Haima', 'China', 'HM474Q', 'yyyyyy', NULL, NULL, NULL, NULL);
INSERT INTO public.car_repuesto VALUES (235, 'MAZA -JAC-ZZZZZZ-5934', NULL, 'Catatumbo/ML', 'Maza delantera', 'Genrico', '', '', '', 'Unidad', 27000.00, 45000.00, '2025-11-17 14:30:11.015138+00', '094410033', 0, '094410033', 'Jac', 'China', 'zzzzzz', 'yyyyyy', NULL, NULL, NULL, NULL);
INSERT INTO public.car_repuesto VALUES (234, 'RODAM-XXXX-ZZZZZZ-2717', '51720-29100', 'Mundo Repuestos', 'Rodamiento de maza delantera', 'MRK', '37x70x37', '', '', 'Unidad', 17000.00, 28000.00, '2025-11-17 14:24:04.119365+00', '9942223', 0, '9942223', 'xxx', 'Japon', 'zzzzzz', 'yyyyyy', NULL, NULL, NULL, NULL);
INSERT INTO public.car_repuesto VALUES (232, 'BIELE-CHEV-LCU14Z-1044', '9021967', 'Mundo Repuestos', 'Bieleta delantera', 'Samyung', '', '', '', 'Unidad', 8000.00, 15000.00, '2025-11-14 14:14:30.270958+00', '1500490', 0, '1500490', 'Chevrolet', 'Korea', 'LCU14', 'yyyyyy', NULL, NULL, NULL, NULL);
INSERT INTO public.car_repuesto VALUES (231, 'TERMI-CHEV-LCU14Z-7087', '9005917', 'Mundo Repuestos', 'Terminal de direccin izquierdo', 'STP', '', '', '', 'Unidad', 12000.00, 18000.00, '2025-11-14 14:11:08.193633+00', '9953458', 0, '9953458', 'Chevrolet', 'Taiwan', 'LCU14', 'yyyyyy', NULL, NULL, NULL, NULL);
INSERT INTO public.car_repuesto VALUES (230, 'TERMI-CHEV-LCU14Z-5333', '9005918', 'Mundo Repuestos', 'Terminal de direccin derecho', 'STP', '', '', '', 'Unidad', 12000.00, 18000.00, '2025-11-14 14:09:47.219865+00', '9953457', 0, '9953457', 'Chevrolet', 'Taiwan', 'LCU14', 'yyyyyy', NULL, NULL, NULL, NULL);
INSERT INTO public.car_repuesto VALUES (229, 'CREMA-CHEV-LCU14Z-6909', '9062911', 'Mundo Repuestos', 'Cremallera direccin', 'Alternativa china', '', '', '', 'Unidad', 90000.00, 130000.00, '2025-11-14 14:07:02.46006+00', '0023438', 0, '0023438', 'Chevrolet', 'China', 'LCU14', 'yyyyyy', NULL, NULL, NULL, NULL);
INSERT INTO public.car_repuesto VALUES (238, 'FILTR-PEUG-TU3JP, -4895', NULL, 'Noriega', 'Filtro HU612X', 'Beste', '', '', '', 'Unidad', 2500.00, 5000.00, '2025-11-20 15:41:33.270464+00', '6956216253324', 4, '14BAHU612X', 'Peugeot, Citroen', 'China', 'TU3JP, TU5JP', 'yyyyyy', NULL, NULL, NULL, NULL);
INSERT INTO public.car_repuesto VALUES (54, 'JUEGO-HYUN-D4BHZZ-3290', '20910-42A200', NULL, 'Juego de Empaquetaduras', 'Mando', 'Juego de empaquetadura marca Mando  Origen: Korea  OEM: 20910-42A200  Cdigo Proveedor: 0013282  Marca Vehculo: Hyundai - Kia - Mitsubishi  D4BH - D4BF - D4BB - D4BA - D4BX - 4D56 - 4D56T', 'STD', 'Repisa 5 Nivel 1', 'Juego', 28000.00, 42000.00, '2025-10-07 16:14:39.322448+00', '0013282', 0, '0013282', 'Hyundai', 'Korea', 'D4BH - D4BF - D4BB - D4BA - D4BX', 'yyyyyy', NULL, NULL, NULL, NULL);
INSERT INTO public.car_repuesto VALUES (236, 'BOMBA-HYUN-G4LC, G-0161', '25100-03010', 'Noriega', 'Bomba de agua', 'Onnuri', '', '', '', 'Unidad', 15000.00, 30000.00, '2025-11-20 15:06:27.48708+00', '008726', 0, '008726', 'Hyundai, Kia', 'Korea', 'G4LC, G4LA', 'yyyyyy', NULL, NULL, NULL, NULL);
INSERT INTO public.car_repuesto VALUES (237, 'CORRE-HYUN-G4LC, G-9056', NULL, 'Noriega', 'Correa accesorios', 'Mitsuboshi', '5PK-1230', '', '', 'Unidad', 15000.00, 27000.00, '2025-11-20 15:08:33.683342+00', '325618', 0, '325618', 'Hyundai, Kia', 'Japon', 'G4LC, G4LA', 'yyyyyy', NULL, NULL, NULL, NULL);
INSERT INTO public.car_repuesto VALUES (245, 'PERNO-MITS-4D56TU-9626', NULL, 'Ian Marc', 'Pernos de culata', 'general', '12x92x1.25
x18 unidades', '12x92x1.25', '', 'Juego', 40000.00, 60000.00, '2025-11-28 12:19:48.020344+00', '0000101005A327', 0, NULL, 'Mitsubishi', 'China', '4D56TU', 'yyyyyy', NULL, NULL, NULL, NULL);
INSERT INTO public.car_repuesto VALUES (241, 'BOMBA-CHAN-ZZZZZZ-9025', NULL, 'Chinauto/ML', 'Bomba de agua', 'OLED', 'Changan CX-70 1.5T', '', '', 'Unidad', 30000.00, 50000.00, '2025-11-26 15:29:55.12291+00', 'OSB''3029', 0, 'OSB-3029', 'Changan, Ford, Dahiatsu, Mazda, Suzuki', 'China', 'zzzzzz', 'yyyyyy', NULL, NULL, NULL, NULL);
INSERT INTO public.car_repuesto VALUES (243, 'JUEGO-CHAN-ZZZZZZ-7309', NULL, 'ChinaKorea', 'Juego empaquetaduras', 'JTB', 'Changan CX-70 1.5T', '', '', 'Juego', 64000.00, 90000.00, '2025-11-26 15:34:43.457781+00', 'CKF00266', 0, NULL, 'Changan', 'China', 'zzzzzz', 'yyyyyy', NULL, NULL, NULL, NULL);
INSERT INTO public.car_repuesto VALUES (242, 'KIT D-CHAN-ZZZZZZ-6438', NULL, 'Chinauto/ML', 'Kit distribucin', 'Original', 'Changan CX-70 1.5T', '', '', 'Juego', 100000.00, 150000.00, '2025-11-26 15:32:28.330134+00', NULL, 0, NULL, 'Changan', 'Original', 'zzzzzz', 'yyyyyy', NULL, NULL, NULL, NULL);
INSERT INTO public.car_repuesto VALUES (240, 'PERNO-CHAN-ZZZZZZ-5222', NULL, 'LosalPesspa/ML', 'Pernos de culata', 'Original', 'Changan CX-70 1.5T', '10x150x1.5', '', 'Juego', 113000.00, 140000.00, '2025-11-26 15:27:09.013786+00', '1000011''B03', 0, NULL, 'Changan, Ford, Dahiatsu, Mazda, Suzuki', 'Original', '', 'yyyyyy', NULL, NULL, NULL, NULL);
INSERT INTO public.car_repuesto VALUES (244, 'BALAN-MITS-4D56TU-2958', '1025-A091', 'Ian Marc', 'Balancines', 'general', '4D56TU
x8 Unidades
Admisin/Escape', '', '', 'Juego', 56500.00, 80000.00, '2025-11-28 12:10:56.19842+00', '090810123', 0, NULL, 'Mitsubishi', 'China', '4D56TU', 'yyyyyy', NULL, NULL, NULL, NULL);
INSERT INTO public.car_repuesto VALUES (239, 'RETEN-XXXX-ZZZZZZ-8190', NULL, 'Pernos Villegas', 'Reten 38x55x7', 'NAK', '', '38x55x7', '', 'Unidad', 3500.00, 10000.00, '2025-11-26 15:04:02.208523+00', NULL, 1, NULL, 'xxx', 'Taiwan', 'zzzzzz', 'yyyyyy', NULL, NULL, NULL, NULL);
INSERT INTO public.car_repuesto VALUES (10, 'REFRI-XXXX-ZZZZZZ-5585', NULL, 'Caren', 'Refrigerante Azul', 'Dark Bear', 'Refrigerante y Anticongelante marca Dark Bear  Color azul  Punto congelamiento -37 y punto ebullicin 129  Formato 3.78 L', '3.785 L', '', 'Unidad', 10000.00, 15000.00, '2025-10-06 18:29:08.154053+00', '04527', 1, NULL, NULL, NULL, '', 'yyyyyy', NULL, NULL, NULL, NULL);
INSERT INTO public.car_repuesto VALUES (249, 'MOTOR-PEUG-DV6TDZ-9762', '5802-FG', 'EuroFrance', 'Motor de partida', 'NetMotors', '11 Dientes', '', '', 'Unidad', 64000.00, 90000.00, '2025-12-02 12:42:50.634176+00', '0002304155', 0, NULL, 'Peugeot, Citroen', 'China', 'DV6TD', 'yyyyyy', NULL, NULL, NULL, NULL);
INSERT INTO public.car_repuesto VALUES (250, 'BALAT-MITS-4D56TU-7722', NULL, 'Ian Marc', 'Balatas de freno', 'NIBK', '', '', '', 'Juego', 34000.00, 60000.00, '2025-12-03 14:14:35.144827+00', '0000014600A106', 1, NULL, 'Mitsubishi', 'Japon', '4D56TU', 'Katana', '2.5', 'Diesel', 16, NULL);
INSERT INTO public.car_repuesto VALUES (251, 'AMORT-MITS-4D56TU-3647', NULL, 'Ian Marc', 'Amortiguador delantero', 'Yokomitsu', 'Izquierdo/Derecho', '', '', 'Unidad', 24000.00, 45000.00, '2025-12-03 14:18:23.647202+00', '000010MR992321', 2, NULL, 'Mitsubishi', 'Taiwan', '4D56TU', 'Katana', '2.5', 'Diesel', 16, NULL);
INSERT INTO public.car_repuesto VALUES (252, 'EMPAQ-MITS-4D56TU-6935', NULL, 'Ian Marc', 'Empaquetadura M escape', 'Original', '', '', '', 'Unidad', 14000.00, 25000.00, '2025-12-03 14:22:06.167269+00', '0000101555A160', 1, NULL, 'Mitsubishi', 'Original', '4D56TU', 'Katana', '2.5', 'Diesel', 16, NULL);
INSERT INTO public.car_repuesto VALUES (253, 'ACEIT-XXXX-ZZZZZZ-7923', NULL, 'LubChile', 'Aceite 15w-40', 'Mannol', 'TS-4 SHPD
Vehculos Diesel sin DPF', '', '', 'Unidad', 28000.00, 48000.00, '2025-12-04 14:09:17.169043+00', '4036021146638', 2, NULL, 'xxx', 'Alemania', 'zzzzzz', 'yyyyyy', NULL, NULL, NULL, NULL);
INSERT INTO public.car_repuesto VALUES (247, 'PIN-CHAN-ZZZZZZ-4844', '1006030-B02', 'Chinauto/ML', 'Pin admisin', 'INA', 'Changan CX-70 1.5T
Changan CS55', '', '', 'Unidad', 90000.00, 125000.00, '2025-12-01 11:54:17.918385+00', NULL, 0, NULL, 'Changan', 'Alemania', 'zzzzzz', 'yyyyyy', NULL, NULL, NULL, NULL);
INSERT INTO public.car_repuesto VALUES (248, 'PIN-CHAN-ZZZZZZ-1977', '1006040-B02', 'Chinauto/ML', 'Pin escape', 'INA', 'Changan CX-70 1.5T
Changan CS55', '', '', 'Unidad', 90000.00, 125000.00, '2025-12-01 11:55:37.983218+00', NULL, 0, NULL, 'Changan', 'Alemania', 'zzzzzz', 'yyyyyy', NULL, NULL, NULL, NULL);
INSERT INTO public.car_repuesto VALUES (255, 'BUJA-XXXX-ZZZZZZ-0698', NULL, 'CarPlus', 'Buja Iridio XP5325', 'Autolite', '100.000 Kms', '', '', 'Juego', 32000.00, 50000.00, '2025-12-04 17:25:13.785831+00', '009100044495', 0, NULL, 'xxx', 'USA', 'zzzzzz', 'yyyyyy', NULL, NULL, NULL, NULL);
INSERT INTO public.car_repuesto VALUES (256, 'VLVU-SUZU-ZZZZZZ-7110', NULL, 'no-tiene', 'Vlvula PCV', 'AKAMA', '', '', '', 'Unidad', 6000.00, 10000.00, '2025-12-04 21:23:28.975668+00', '0017650319', 0, NULL, 'Suzuki, Changan', 'China', 'zzzzzz', 'yyyyyy', NULL, NULL, NULL, NULL);
INSERT INTO public.car_repuesto VALUES (154, 'AMPOL-XXXX-ZZZZZZ-6181', NULL, NULL, 'Ampolleta R5W', 'Hella', '', '', 'Repisa 4 Nivel 2', 'Unidad', 700.00, 1000.00, '2025-10-09 16:17:02.674869+00', '5994100008576', 9, NULL, NULL, 'China', '', 'yyyyyy', NULL, NULL, NULL, NULL);
INSERT INTO public.car_repuesto VALUES (254, 'ACEIT-XXXX-ZZZZZZ-8821', NULL, 'LubChile', 'Aceite 5w-30', 'Mannol', 'Energy Premium 
Diesel con DPF ACEA C3
Bencinero API SP', '', '', 'Unidad', 38000.00, 58000.00, '2025-12-04 14:11:24.491405+00', '4036021148663', 3, NULL, 'xxx', 'Alemania', 'zzzzzz', 'yyyyyy', NULL, NULL, NULL, NULL);
INSERT INTO public.car_repuesto VALUES (246, 'JUEGO-MITS-4D56TU-2100', '1000-A407', 'Ian Marc', 'Juego de Empaquetaduras', 'Atsuki', '', '', '', 'Juego', 45500.00, 80000.00, '2025-11-28 12:22:37.017994+00', '0000101000A406', 0, NULL, 'Mitsubishi', 'China', '4D56TU', 'yyyyyy', NULL, NULL, NULL, NULL);
INSERT INTO public.car_repuesto VALUES (259, 'FILTR-XXXX-ZZZZZZ-4618', '94797406', 'Noriega', 'Filtro W712/22', 'Onnuri', '', '', '', 'Unidad', 3000.00, 8000.00, '2025-12-11 15:43:01.798375+00', '5000000049431', 6, '010606', 'xxx', 'Korea', 'zzzzzz', 'yyyyyy', NULL, NULL, NULL, NULL);
INSERT INTO public.car_repuesto VALUES (257, 'FILTR-XXXX-ZZZZZZ-4469', '96537170', 'Noriega', 'Filtro WK55/3', 'Onnuri', '', '', '', 'Unidad', 5100.00, 10000.00, '2025-12-05 16:12:43.13168+00', NULL, 4, '260394', 'xxx', 'China', 'zzzzzz', 'yyyyyy', NULL, NULL, NULL, NULL);
INSERT INTO public.car_repuesto VALUES (260, 'JUEGO-HYUN-D4BA, D-2505', NULL, 'Noriega', 'Juego metales biela', 'Taiho', 'STD', '', '', 'pieza', 7000.00, 20000.00, '2025-12-11 16:42:26.499041+00', '5000000069941', 1, '230125', 'Hyundai', 'Japon', 'D4BA, D4BH, D4BB, D4BX, D4BF', 'yyyyyy', '2.5', 'Diesel', 8, NULL);
INSERT INTO public.car_repuesto VALUES (261, 'JUEGO-HYUN-D4BA, D-2161', NULL, 'Noriega', 'Juego metales bancada', 'Taiho', 'STD', '', '', 'Juego', 13000.00, 35000.00, '2025-12-11 16:44:22.975509+00', '5000000062362', 1, '230140', 'Hyundai', 'Japn', 'D4BA, D4BH, D4BB, D4BF, D4BX', 'yyyyyy', '2500', 'Diesel', 8, NULL);
INSERT INTO public.car_repuesto VALUES (262, 'JUEGO-HYUN-D4BA, D-5377', '20910-42A00', 'Mundo Repuestos', 'Juego empaquetaduras', 'Toto', '', '', '', 'Juego', 30000.00, 50000.00, '2025-12-11 16:47:55.344048+00', '0004184', 1, '0004184', 'Hyundai', 'Japn', 'D4BA, D4BB, D4BX', 'yyyyyy', '2500', 'Diesel', 8, NULL);
INSERT INTO public.car_repuesto VALUES (263, 'BOMBA-HYUN-D4BA, D-4414', NULL, 'Mundo Repuestos', 'Bomba aceite', 'ATC', '', '', '', 'pieza', 120000.00, 160000.00, '2025-12-11 17:19:58.61682+00', '0025258', 1, '0025258', 'Hyundai', 'Korea', 'D4BA, D4BB, D4BF', 'yyyyyy', '2500', 'Diesel', 8, NULL);
INSERT INTO public.car_repuesto VALUES (264, 'CIGE-HYUN-D4BA, D-9238', NULL, 'Mundo Repuestos', 'Cigeal', 'Alternativa china', 'Forjado', '', '', 'Unidad', 200000.00, 260000.00, '2025-12-11 17:24:15.705741+00', '0013082', 1, '0013082', 'Hyundai', 'China', 'D4BA, D4BF, D4BH, D4BX', 'yyyyyy', '2500', 'Diesel', 8, NULL);
INSERT INTO public.car_repuesto VALUES (258, 'RADIA-HYUN-D4BHZZ-7275', '25310-4H100', 'Mara Soto', 'Radiador motor', 'Hanon', '', '', '', 'Unidad', 90000.00, 120000.00, '2025-12-10 16:44:31.983036+00', '253104H100     0001', 0, NULL, 'Hyundai', 'Korea', 'D4BH', 'yyyyyy', '2.5', 'Diesel', 8, NULL);
INSERT INTO public.car_repuesto VALUES (265, 'TAPA -XXXX-ZZZZZZ-1601', NULL, NULL, 'Tapa radiador', 'Alternativa korea', '1.1 Lbs.
Vlvula grande', '', '', 'Unidad', 5000.00, 8000.00, '2025-12-11 18:15:37.917969+00', NULL, 2, NULL, 'xxx', 'Korea', 'zzzzzz', 'yyyyyy', NULL, NULL, NULL, NULL);


--
-- Data for Name: car_repuestoaplicacion; Type: TABLE DATA; Schema: public; Owner: maxgonpe
--

INSERT INTO public.car_repuestoaplicacion VALUES (1, '', 191, 6, '', 'DW10TD', NULL, NULL, NULL, NULL);
INSERT INTO public.car_repuestoaplicacion VALUES (2, '', 192, 7, '', 'TU3AF', NULL, NULL, NULL, NULL);
INSERT INTO public.car_repuestoaplicacion VALUES (7, '', 193, 11, '', 'TU5JP4', NULL, NULL, NULL, NULL);
INSERT INTO public.car_repuestoaplicacion VALUES (8, '', 193, 10, '', 'TU5JP4', NULL, NULL, NULL, NULL);
INSERT INTO public.car_repuestoaplicacion VALUES (9, '', 193, 9, '', 'TU5JP4', NULL, NULL, NULL, NULL);
INSERT INTO public.car_repuestoaplicacion VALUES (10, '', 193, 8, '', 'TU5JP4', NULL, NULL, NULL, NULL);
INSERT INTO public.car_repuestoaplicacion VALUES (11, '', 196, 14, '', 'Sigma', NULL, NULL, NULL, NULL);
INSERT INTO public.car_repuestoaplicacion VALUES (12, '', 196, 13, '', 'Sigma', NULL, NULL, NULL, NULL);
INSERT INTO public.car_repuestoaplicacion VALUES (14, '', 194, 12, '', 'K4M', NULL, NULL, NULL, NULL);
INSERT INTO public.car_repuestoaplicacion VALUES (15, '', 195, 15, '', '', NULL, NULL, NULL, NULL);
INSERT INTO public.car_repuestoaplicacion VALUES (16, '', 195, 12, '', 'K4M', NULL, NULL, NULL, NULL);
INSERT INTO public.car_repuestoaplicacion VALUES (17, '', 200, 18, 'T200', 'F14D3', NULL, NULL, NULL, NULL);
INSERT INTO public.car_repuestoaplicacion VALUES (18, '', 200, 19, 'T250', 'F14D3', NULL, NULL, NULL, NULL);
INSERT INTO public.car_repuestoaplicacion VALUES (19, '', 200, 20, 'T255', 'F14D3', NULL, NULL, NULL, NULL);
INSERT INTO public.car_repuestoaplicacion VALUES (20, '', 200, 21, 'LCU', 'F14D', NULL, NULL, NULL, NULL);
INSERT INTO public.car_repuestoaplicacion VALUES (21, '', 200, 22, '', 'A16DMN', NULL, NULL, NULL, NULL);
INSERT INTO public.car_repuestoaplicacion VALUES (22, '', 201, 17, 'G3', 'UDH', NULL, NULL, NULL, NULL);
INSERT INTO public.car_repuestoaplicacion VALUES (23, '', 201, 16, 'A3', 'ACC', NULL, NULL, NULL, NULL);
INSERT INTO public.car_repuestoaplicacion VALUES (24, '', 202, 24, '', 'APK', NULL, NULL, NULL, NULL);
INSERT INTO public.car_repuestoaplicacion VALUES (25, '', 202, 17, 'G3', 'UDH', NULL, NULL, NULL, NULL);
INSERT INTO public.car_repuestoaplicacion VALUES (26, '', 202, 16, 'A3', 'ACC', NULL, NULL, NULL, NULL);
INSERT INTO public.car_repuestoaplicacion VALUES (27, '', 202, 23, 'A4', 'ABF, AKR', NULL, NULL, NULL, NULL);
INSERT INTO public.car_repuestoaplicacion VALUES (28, '', 204, 11, '', 'TU5JP4', NULL, NULL, NULL, NULL);
INSERT INTO public.car_repuestoaplicacion VALUES (29, '', 204, 25, '', 'TU5JP4', NULL, NULL, NULL, NULL);
INSERT INTO public.car_repuestoaplicacion VALUES (30, '', 204, 10, '', 'TU5JP4', NULL, NULL, NULL, NULL);
INSERT INTO public.car_repuestoaplicacion VALUES (31, '', 204, 9, '', 'TU5JP4', NULL, NULL, NULL, NULL);
INSERT INTO public.car_repuestoaplicacion VALUES (32, '', 204, 8, '', 'TU5JP4', NULL, NULL, NULL, NULL);
INSERT INTO public.car_repuestoaplicacion VALUES (36, '', 207, 18, 'T200', 'F14D3', NULL, NULL, NULL, NULL);
INSERT INTO public.car_repuestoaplicacion VALUES (37, '', 207, 19, 'T250', 'F14D3', NULL, NULL, NULL, NULL);
INSERT INTO public.car_repuestoaplicacion VALUES (38, '', 207, 20, 'T255', 'F14D3', NULL, NULL, NULL, NULL);
INSERT INTO public.car_repuestoaplicacion VALUES (39, '', 207, 31, '', '', NULL, NULL, NULL, NULL);
INSERT INTO public.car_repuestoaplicacion VALUES (45, '', 208, 18, 'T200', 'F14D3', NULL, NULL, NULL, NULL);
INSERT INTO public.car_repuestoaplicacion VALUES (46, '', 208, 19, 'T250', 'F14D3', NULL, NULL, NULL, NULL);
INSERT INTO public.car_repuestoaplicacion VALUES (47, '', 208, 20, 'T255', 'F14D3', NULL, NULL, NULL, NULL);
INSERT INTO public.car_repuestoaplicacion VALUES (48, '', 208, 31, '', 'F16D3', NULL, NULL, NULL, NULL);
INSERT INTO public.car_repuestoaplicacion VALUES (49, '', 208, 32, '', '', NULL, NULL, NULL, NULL);
INSERT INTO public.car_repuestoaplicacion VALUES (50, '', 208, 22, '', 'A16DMN', NULL, NULL, NULL, NULL);
INSERT INTO public.car_repuestoaplicacion VALUES (51, '', 208, 33, '', '', NULL, NULL, NULL, NULL);
INSERT INTO public.car_repuestoaplicacion VALUES (52, '', 209, 18, 'T200', 'F14D3', NULL, NULL, NULL, NULL);
INSERT INTO public.car_repuestoaplicacion VALUES (53, '', 209, 19, 'T250', 'F14D3', NULL, NULL, NULL, NULL);
INSERT INTO public.car_repuestoaplicacion VALUES (54, '', 209, 20, 'T255', 'F14D3', NULL, NULL, NULL, NULL);
INSERT INTO public.car_repuestoaplicacion VALUES (55, '', 209, 31, '', 'F16D3', NULL, NULL, NULL, NULL);
INSERT INTO public.car_repuestoaplicacion VALUES (56, '', 209, 32, '', 'A16DMS', NULL, NULL, NULL, NULL);
INSERT INTO public.car_repuestoaplicacion VALUES (57, '', 209, 22, '', 'A16DMN', NULL, NULL, NULL, NULL);
INSERT INTO public.car_repuestoaplicacion VALUES (58, '', 209, 33, '', 'A16DMS', NULL, NULL, NULL, NULL);
INSERT INTO public.car_repuestoaplicacion VALUES (59, '', 210, 31, '', 'F16D3', NULL, NULL, NULL, NULL);
INSERT INTO public.car_repuestoaplicacion VALUES (60, '', 210, 32, '', 'A16DMS', NULL, NULL, NULL, NULL);
INSERT INTO public.car_repuestoaplicacion VALUES (61, '', 210, 33, '', 'A16DMS', NULL, NULL, NULL, NULL);


--
-- Data for Name: car_repuestoenstock; Type: TABLE DATA; Schema: public; Owner: maxgonpe
--

INSERT INTO public.car_repuestoenstock VALUES (2, 'bodega-principal', 'Seiwa', 2, 0, NULL, 16000.00, '2025-10-06 23:00:06.35967+00', 27);
INSERT INTO public.car_repuestoenstock VALUES (3, 'bodega-principal', 'cyon', 1, 0, NULL, 13000.00, '2025-10-06 23:00:43.666381+00', 23);
INSERT INTO public.car_repuestoenstock VALUES (4, 'bodega-principal', 'Onnuri', 1, 0, NULL, 23000.00, '2025-10-06 23:01:31.403385+00', 22);
INSERT INTO public.car_repuestoenstock VALUES (5, 'bodega-principal', 'Kit', 3, 0, NULL, 5000.00, '2025-10-06 23:04:30.746169+00', 21);
INSERT INTO public.car_repuestoenstock VALUES (6, 'bodega-principal', 'Getsun', 2, 0, NULL, 5000.00, '2025-10-06 23:05:14.585609+00', 20);
INSERT INTO public.car_repuestoenstock VALUES (7, 'bodega-principal', 'Abro', 9, 0, NULL, 1000.00, '2025-10-06 23:05:55.167577+00', 19);
INSERT INTO public.car_repuestoenstock VALUES (8, 'bodega-principal', 'Senfineco', 4, 0, NULL, 5000.00, '2025-10-06 23:06:27.382242+00', 18);
INSERT INTO public.car_repuestoenstock VALUES (11, 'bodega-principal', 'Repsol', 3, 0, NULL, 53000.00, '2025-10-06 23:08:19.621526+00', 15);
INSERT INTO public.car_repuestoenstock VALUES (12, 'bodega-principal', 'motul', 3, 0, NULL, 35000.00, '2025-10-06 23:09:09.37757+00', 14);
INSERT INTO public.car_repuestoenstock VALUES (13, 'bodega-principal', 'Repsol', 5, 0, NULL, 52000.00, '2025-10-06 23:10:04.64946+00', 12);
INSERT INTO public.car_repuestoenstock VALUES (15, 'bodega-principal', 'pemco', 3, 0, NULL, 55000.00, '2025-10-06 23:11:16.342368+00', 11);
INSERT INTO public.car_repuestoenstock VALUES (53, 'bodega-principal', '', 0, 0, 28000.00, 42000.00, '2025-11-20 19:34:32.857762+00', 54);
INSERT INTO public.car_repuestoenstock VALUES (19, 'bodega-principal', 'Pemco', 4, 0, NULL, 57000.00, '2025-10-06 23:14:16.80744+00', 6);
INSERT INTO public.car_repuestoenstock VALUES (21, 'bodega-principal', 'Pennzoil', 2, 0, NULL, 30000.00, '2025-10-06 23:15:25.473277+00', 4);
INSERT INTO public.car_repuestoenstock VALUES (22, 'bodega-principal', 'Stutzer', 1, 0, NULL, 16000.00, '2025-10-06 23:16:05.987522+00', 26);
INSERT INTO public.car_repuestoenstock VALUES (23, 'bodega-principal', 'Mando', 1, 0, NULL, 15000.00, '2025-10-06 23:17:50.823729+00', 25);
INSERT INTO public.car_repuestoenstock VALUES (24, 'bodega-principal', 'Onnuri', 2, 0, NULL, 15000.00, '2025-10-06 23:18:24.620885+00', 24);
INSERT INTO public.car_repuestoenstock VALUES (25, 'bodega-principal', 'Aguacol', 3, 0, NULL, 5000.00, '2025-10-06 23:29:24.073989+00', 7);
INSERT INTO public.car_repuestoenstock VALUES (26, 'bodega-principal', 'Motul', 4, 0, NULL, 42000.00, '2025-10-06 23:30:53.211564+00', 13);
INSERT INTO public.car_repuestoenstock VALUES (27, 'bodega-principal', '', 1, 0, 8000.00, 13000.00, '2025-10-07 13:34:02.503248+00', 29);
INSERT INTO public.car_repuestoenstock VALUES (28, 'bodega-principal', '', 1, 0, 15000.00, 21000.00, '2025-10-07 13:39:05.527602+00', 30);
INSERT INTO public.car_repuestoenstock VALUES (29, 'bodega-principal', '', 1, 0, 25000.00, 32000.00, '2025-10-07 13:42:23.569717+00', 31);
INSERT INTO public.car_repuestoenstock VALUES (30, 'bodega-principal', '', 1, 0, 22000.00, 30000.00, '2025-10-07 13:44:34.255511+00', 32);
INSERT INTO public.car_repuestoenstock VALUES (31, 'bodega-principal', '', 1, 0, 8000.00, 13000.00, '2025-10-07 13:47:03.61325+00', 33);
INSERT INTO public.car_repuestoenstock VALUES (32, 'bodega-principal', '', 1, 0, 13000.00, 20000.00, '2025-10-07 13:51:21.816602+00', 34);
INSERT INTO public.car_repuestoenstock VALUES (34, 'bodega-principal', '', 1, 0, 8000.00, 14000.00, '2025-10-07 13:56:39.956669+00', 36);
INSERT INTO public.car_repuestoenstock VALUES (35, 'bodega-principal', '', 2, 0, 18000.00, 27000.00, '2025-10-07 14:10:51.874403+00', 28);
INSERT INTO public.car_repuestoenstock VALUES (36, 'bodega-principal', '', 2, 0, 18000.00, 22000.00, '2025-10-07 14:15:00.881396+00', 37);
INSERT INTO public.car_repuestoenstock VALUES (37, 'bodega-principal', '', 3, 0, 5000.00, 12000.00, '2025-10-07 14:17:38.703473+00', 38);
INSERT INTO public.car_repuestoenstock VALUES (38, 'bodega-principal', '', 3, 0, 7000.00, 12000.00, '2025-10-07 14:19:12.272182+00', 39);
INSERT INTO public.car_repuestoenstock VALUES (39, 'bodega-principal', '', 1, 0, 8000.00, 15000.00, '2025-10-07 14:20:47.352571+00', 40);
INSERT INTO public.car_repuestoenstock VALUES (40, 'bodega-principal', '', 1, 0, 8000.00, 15000.00, '2025-10-07 14:23:06.396905+00', 41);
INSERT INTO public.car_repuestoenstock VALUES (41, 'bodega-principal', '', 1, 0, 10000.00, 16000.00, '2025-10-07 14:28:11.80292+00', 42);
INSERT INTO public.car_repuestoenstock VALUES (42, 'bodega-principal', '', 1, 0, 15000.00, 22000.00, '2025-10-07 14:31:17.394391+00', 43);
INSERT INTO public.car_repuestoenstock VALUES (44, 'bodega-principal', '', 1, 0, 20000.00, 27500.00, '2025-10-07 15:15:49.879445+00', 45);
INSERT INTO public.car_repuestoenstock VALUES (43, 'bodega-principal', '', 1, 0, 32000.00, 42000.00, '2025-10-07 15:16:09.849881+00', 44);
INSERT INTO public.car_repuestoenstock VALUES (45, 'bodega-principal', '', 1, 0, 29000.00, 43000.00, '2025-10-07 15:18:18.797371+00', 46);
INSERT INTO public.car_repuestoenstock VALUES (46, 'bodega-principal', '', 1, 0, 31000.00, 45000.00, '2025-10-07 15:20:23.006809+00', 47);
INSERT INTO public.car_repuestoenstock VALUES (47, 'bodega-principal', '', 1, 0, 37000.00, 52000.00, '2025-10-07 15:22:19.199133+00', 48);
INSERT INTO public.car_repuestoenstock VALUES (48, 'bodega-principal', '', 1, 0, 20000.00, 30000.00, '2025-10-07 15:33:26.975277+00', 49);
INSERT INTO public.car_repuestoenstock VALUES (49, 'bodega-principal', '', 1, 0, 30000.00, 50000.00, '2025-10-07 15:41:44.443162+00', 50);
INSERT INTO public.car_repuestoenstock VALUES (50, 'bodega-principal', '', 1, 0, 100000.00, 130000.00, '2025-10-07 15:45:33.343235+00', 51);
INSERT INTO public.car_repuestoenstock VALUES (51, 'bodega-principal', '', 1, 0, 35000.00, 48000.00, '2025-10-07 15:57:47.036108+00', 52);
INSERT INTO public.car_repuestoenstock VALUES (52, 'bodega-principal', '', 1, 0, 25000.00, 40000.00, '2025-10-07 16:07:11.653171+00', 53);
INSERT INTO public.car_repuestoenstock VALUES (54, 'bodega-principal', '', 1, 0, 20000.00, 33000.00, '2025-10-07 16:22:13.838475+00', 55);
INSERT INTO public.car_repuestoenstock VALUES (55, 'bodega-principal', '', 1, 0, 22000.00, 35000.00, '2025-10-07 16:23:21.271321+00', 56);
INSERT INTO public.car_repuestoenstock VALUES (56, 'bodega-principal', '', 1, 0, 40000.00, 55000.00, '2025-10-07 16:29:26.296673+00', 57);
INSERT INTO public.car_repuestoenstock VALUES (57, 'bodega-principal', '', 1, 0, 22000.00, 35000.00, '2025-10-07 16:34:33.637949+00', 58);
INSERT INTO public.car_repuestoenstock VALUES (58, 'bodega-principal', '', 1, 0, 15000.00, 25000.00, '2025-10-07 16:40:02.933703+00', 59);
INSERT INTO public.car_repuestoenstock VALUES (59, 'bodega-principal', '', 1, 0, 46000.00, 65000.00, '2025-10-07 16:45:56.990849+00', 60);
INSERT INTO public.car_repuestoenstock VALUES (60, 'bodega-principal', '', 1, 0, 37000.00, 50000.00, '2025-10-07 16:47:57.662379+00', 61);
INSERT INTO public.car_repuestoenstock VALUES (61, 'bodega-principal', '', 1, 0, 45000.00, 58000.00, '2025-10-07 16:50:22.78+00', 62);
INSERT INTO public.car_repuestoenstock VALUES (62, 'bodega-principal', '', 1, 0, 39000.00, 45000.00, '2025-10-07 16:52:38.612396+00', 63);
INSERT INTO public.car_repuestoenstock VALUES (65, 'bodega-principal', '', 2, 0, 11500.00, 15000.00, '2025-10-07 17:01:37.252005+00', 66);
INSERT INTO public.car_repuestoenstock VALUES (66, 'bodega-principal', '', 1, 0, 9000.00, 14500.00, '2025-10-07 17:03:31.535189+00', 67);
INSERT INTO public.car_repuestoenstock VALUES (67, 'bodega-principal', '', 1, 0, 23500.00, 30000.00, '2025-10-07 17:05:23.023973+00', 68);
INSERT INTO public.car_repuestoenstock VALUES (63, 'bodega-principal', '', 2, 0, 14000.00, 17000.00, '2025-10-07 17:06:18.693768+00', 64);
INSERT INTO public.car_repuestoenstock VALUES (64, 'bodega-principal', '', 1, 0, 11500.00, 18000.00, '2025-10-07 17:06:32.957598+00', 65);
INSERT INTO public.car_repuestoenstock VALUES (68, 'bodega-principal', '', 1, 0, 9500.00, 20000.00, '2025-10-07 17:09:57.12521+00', 69);
INSERT INTO public.car_repuestoenstock VALUES (69, 'bodega-principal', '', 1, 0, 9500.00, 15000.00, '2025-10-07 17:12:57.536791+00', 70);
INSERT INTO public.car_repuestoenstock VALUES (70, 'bodega-principal', '', 1, 0, 20000.00, 27000.00, '2025-10-07 17:15:55.233637+00', 71);
INSERT INTO public.car_repuestoenstock VALUES (71, 'bodega-principal', '', 2, 0, 23000.00, 32000.00, '2025-10-07 17:19:39.207086+00', 72);
INSERT INTO public.car_repuestoenstock VALUES (72, 'bodega-principal', '', 1, 0, 13000.00, 17000.00, '2025-10-07 17:23:06.980104+00', 73);
INSERT INTO public.car_repuestoenstock VALUES (73, 'bodega-principal', '', 1, 0, 28000.00, 35000.00, '2025-10-07 17:27:43.774473+00', 74);
INSERT INTO public.car_repuestoenstock VALUES (74, 'bodega-principal', '', 1, 0, 19000.00, 40000.00, '2025-10-07 17:31:55.489049+00', 75);
INSERT INTO public.car_repuestoenstock VALUES (75, 'bodega-principal', '', 1, 0, 16000.00, 24500.00, '2025-10-07 17:35:49.464742+00', 76);
INSERT INTO public.car_repuestoenstock VALUES (76, 'bodega-principal', '', 1, 0, 17000.00, 25000.00, '2025-10-07 17:44:52.377532+00', 77);
INSERT INTO public.car_repuestoenstock VALUES (77, 'bodega-principal', '', 1, 0, 21000.00, 33000.00, '2025-10-07 18:43:17.801597+00', 78);
INSERT INTO public.car_repuestoenstock VALUES (78, 'bodega-principal', '', 1, 0, 17000.00, 26500.00, '2025-10-07 18:45:58.077062+00', 79);
INSERT INTO public.car_repuestoenstock VALUES (79, 'bodega-principal', '', 1, 0, 21000.00, 34500.00, '2025-10-07 18:48:31.788334+00', 80);
INSERT INTO public.car_repuestoenstock VALUES (80, 'bodega-principal', '', 1, 0, 42000.00, 71500.00, '2025-10-07 18:51:27.40061+00', 81);
INSERT INTO public.car_repuestoenstock VALUES (81, 'bodega-principal', '', 1, 0, 23000.00, 38000.00, '2025-10-07 18:54:10.94987+00', 82);
INSERT INTO public.car_repuestoenstock VALUES (82, 'bodega-principal', '', 1, 0, 19000.00, 31000.00, '2025-10-07 18:56:21.649873+00', 83);
INSERT INTO public.car_repuestoenstock VALUES (10, 'bodega-principal', 'Pemco', 1, 0, NULL, 12000.00, '2025-11-13 16:10:40.391617+00', 16);
INSERT INTO public.car_repuestoenstock VALUES (20, 'bodega-principal', 'Pennzoil', 0, 0, NULL, 55000.00, '2025-12-04 18:10:45.96491+00', 5);
INSERT INTO public.car_repuestoenstock VALUES (9, 'bodega-principal', 'Mobil', 8, 0, NULL, 7000.00, '2025-12-03 20:05:18.412084+00', 17);
INSERT INTO public.car_repuestoenstock VALUES (33, 'bodega-principal', '', 1, 0, 7000.00, 12000.00, '2025-12-11 16:03:37.210293+00', 35);
INSERT INTO public.car_repuestoenstock VALUES (83, 'bodega-principal', '', 1, 0, 12000.00, 25000.00, '2025-10-07 19:00:05.728188+00', 84);
INSERT INTO public.car_repuestoenstock VALUES (84, 'bodega-principal', '', 1, 0, 16000.00, 28500.00, '2025-10-07 19:02:29.920796+00', 85);
INSERT INTO public.car_repuestoenstock VALUES (85, 'bodega-principal', '', 1, 0, 15000.00, 28000.00, '2025-10-07 19:04:12.554141+00', 86);
INSERT INTO public.car_repuestoenstock VALUES (86, 'bodega-principal', '', 1, 0, 13000.00, 25000.00, '2025-10-07 19:06:14.838635+00', 87);
INSERT INTO public.car_repuestoenstock VALUES (87, 'bodega-principal', '', 1, 0, 13000.00, 21500.00, '2025-10-07 19:09:11.019954+00', 88);
INSERT INTO public.car_repuestoenstock VALUES (88, 'bodega-principal', '', 1, 0, 15000.00, 24000.00, '2025-10-07 19:11:28.961698+00', 89);
INSERT INTO public.car_repuestoenstock VALUES (89, 'bodega-principal', '', 1, 0, 55000.00, 90000.00, '2025-10-07 19:14:40.700475+00', 90);
INSERT INTO public.car_repuestoenstock VALUES (90, 'bodega-principal', '', 1, 0, 26000.00, 46000.00, '2025-10-07 19:18:16.700509+00', 91);
INSERT INTO public.car_repuestoenstock VALUES (91, 'bodega-principal', '', 1, 0, 21000.00, 32000.00, '2025-10-07 19:22:01.876274+00', 92);
INSERT INTO public.car_repuestoenstock VALUES (92, 'bodega-principal', '', 1, 0, 48000.00, 60000.00, '2025-10-07 19:30:33.289461+00', 93);
INSERT INTO public.car_repuestoenstock VALUES (93, 'bodega-principal', '', 1, 0, 38000.00, 50000.00, '2025-10-07 19:34:33.199923+00', 94);
INSERT INTO public.car_repuestoenstock VALUES (94, 'bodega-principal', '', 2, 0, 39000.00, 52000.00, '2025-10-07 19:42:23.486943+00', 95);
INSERT INTO public.car_repuestoenstock VALUES (95, 'bodega-principal', '', 1, 0, 38000.00, 50000.00, '2025-10-07 19:46:41.539231+00', 96);
INSERT INTO public.car_repuestoenstock VALUES (96, 'bodega-principal', '', 1, 0, 23000.00, 32000.00, '2025-10-07 19:50:12.293112+00', 97);
INSERT INTO public.car_repuestoenstock VALUES (97, 'bodega-principal', '', 1, 0, 24000.00, 28000.00, '2025-10-07 19:56:19.467849+00', 98);
INSERT INTO public.car_repuestoenstock VALUES (98, 'bodega-principal', '', 1, 0, 30000.00, 35000.00, '2025-10-07 20:00:29.552263+00', 99);
INSERT INTO public.car_repuestoenstock VALUES (99, 'bodega-principal', '', 1, 0, 76000.00, 85000.00, '2025-10-07 20:04:59.095508+00', 100);
INSERT INTO public.car_repuestoenstock VALUES (101, 'bodega-principal', '', 1, 0, 24000.00, 30000.00, '2025-10-07 20:17:33.561811+00', 102);
INSERT INTO public.car_repuestoenstock VALUES (102, 'bodega-principal', '', 1, 0, 17000.00, 25000.00, '2025-10-07 20:20:34.012974+00', 103);
INSERT INTO public.car_repuestoenstock VALUES (103, 'bodega-principal', '', 1, 0, 20000.00, 30000.00, '2025-10-07 20:24:23.019421+00', 104);
INSERT INTO public.car_repuestoenstock VALUES (104, 'bodega-principal', '', 1, 0, 22000.00, 35000.00, '2025-10-07 20:34:47.623356+00', 105);
INSERT INTO public.car_repuestoenstock VALUES (105, 'bodega-principal', '', 1, 0, 15000.00, 21000.00, '2025-10-07 20:39:41.051826+00', 106);
INSERT INTO public.car_repuestoenstock VALUES (106, 'bodega-principal', '', 1, 0, 20000.00, 35000.00, '2025-10-07 20:42:45.677075+00', 107);
INSERT INTO public.car_repuestoenstock VALUES (107, 'bodega-principal', '', 1, 0, 16000.00, 30000.00, '2025-10-07 20:45:21.054971+00', 108);
INSERT INTO public.car_repuestoenstock VALUES (108, 'bodega-principal', '', 1, 0, 22000.00, 29000.00, '2025-10-07 20:49:04.504726+00', 109);
INSERT INTO public.car_repuestoenstock VALUES (109, 'bodega-principal', '', 1, 0, 42000.00, 60000.00, '2025-10-07 21:06:21.533346+00', 110);
INSERT INTO public.car_repuestoenstock VALUES (110, 'bodega-principal', '', 1, 0, 27000.00, 45000.00, '2025-10-07 21:13:24.695136+00', 111);
INSERT INTO public.car_repuestoenstock VALUES (100, 'bodega-principal', '', 1, 0, 24000.00, 35000.00, '2025-10-08 13:16:15.675716+00', 101);
INSERT INTO public.car_repuestoenstock VALUES (155, 'bodega-principal', '', 4, 0, 1800.00, 2500.00, '2025-10-09 16:18:14.120317+00', 155);
INSERT INTO public.car_repuestoenstock VALUES (114, 'bodega-principal', '', 1, 0, 58000.00, 70000.00, '2025-10-08 19:36:41.125872+00', 114);
INSERT INTO public.car_repuestoenstock VALUES (115, 'bodega-principal', '', 1, 0, 31000.00, 45000.00, '2025-10-08 19:40:33.610209+00', 115);
INSERT INTO public.car_repuestoenstock VALUES (111, 'bodega-principal', '', 0, 0, 3000.00, 5000.00, '2025-10-30 21:12:59.425166+00', 112);
INSERT INTO public.car_repuestoenstock VALUES (116, 'bodega-principal', '', 1, 0, 39000.00, 54500.00, '2025-10-08 19:49:30.751259+00', 116);
INSERT INTO public.car_repuestoenstock VALUES (117, 'bodega-principal', '', 1, 0, 18500.00, 24000.00, '2025-10-08 19:53:31.103372+00', 117);
INSERT INTO public.car_repuestoenstock VALUES (118, 'bodega-principal', '', 1, 0, 15000.00, 24900.00, '2025-10-08 20:06:10.84449+00', 118);
INSERT INTO public.car_repuestoenstock VALUES (119, 'bodega-principal', '', 1, 0, 52500.00, 65000.00, '2025-10-08 20:13:34.043159+00', 119);
INSERT INTO public.car_repuestoenstock VALUES (120, 'bodega-principal', '', 1, 0, 30000.00, 45000.00, '2025-10-08 20:44:29.037045+00', 120);
INSERT INTO public.car_repuestoenstock VALUES (121, 'bodega-principal', '', 1, 0, 28000.00, 35000.00, '2025-10-08 21:06:22.557214+00', 121);
INSERT INTO public.car_repuestoenstock VALUES (122, 'bodega-principal', '', 1, 0, 20000.00, 32000.00, '2025-10-08 21:10:27.668482+00', 122);
INSERT INTO public.car_repuestoenstock VALUES (124, 'bodega-principal', '', 2, 0, 26000.00, 35000.00, '2025-10-09 14:26:32.029878+00', 124);
INSERT INTO public.car_repuestoenstock VALUES (125, 'bodega-principal', '', 2, 0, 26000.00, 35000.00, '2025-10-09 14:27:40.807593+00', 125);
INSERT INTO public.car_repuestoenstock VALUES (126, 'bodega-principal', '', 1, 0, 10000.00, 17500.00, '2025-10-09 14:29:45.463754+00', 126);
INSERT INTO public.car_repuestoenstock VALUES (127, 'bodega-principal', '', 1, 0, 10000.00, 17500.00, '2025-10-09 14:30:52.123578+00', 127);
INSERT INTO public.car_repuestoenstock VALUES (128, 'bodega-principal', '', 1, 0, 10000.00, 19000.00, '2025-10-09 14:35:27.907531+00', 128);
INSERT INTO public.car_repuestoenstock VALUES (129, 'bodega-principal', '', 1, 0, 10000.00, 19000.00, '2025-10-09 14:37:02.055739+00', 129);
INSERT INTO public.car_repuestoenstock VALUES (130, 'bodega-principal', '', 1, 0, 15000.00, 25000.00, '2025-10-09 14:39:54.459647+00', 130);
INSERT INTO public.car_repuestoenstock VALUES (131, 'bodega-principal', '', 1, 0, 8000.00, 18000.00, '2025-10-09 14:44:39.407772+00', 131);
INSERT INTO public.car_repuestoenstock VALUES (132, 'bodega-principal', '', 1, 0, 15000.00, 25000.00, '2025-10-09 14:52:03.249493+00', 132);
INSERT INTO public.car_repuestoenstock VALUES (133, 'bodega-principal', '', 1, 0, 14000.00, 22000.00, '2025-10-09 14:56:17.401316+00', 133);
INSERT INTO public.car_repuestoenstock VALUES (134, 'bodega-principal', '', 1, 0, 8000.00, 15000.00, '2025-10-09 15:03:23.347681+00', 134);
INSERT INTO public.car_repuestoenstock VALUES (135, 'bodega-principal', '', 3, 0, 12000.00, 22000.00, '2025-10-09 15:10:40.370648+00', 135);
INSERT INTO public.car_repuestoenstock VALUES (136, 'bodega-principal', '', 2, 0, 15000.00, 21000.00, '2025-10-09 15:13:25.287816+00', 136);
INSERT INTO public.car_repuestoenstock VALUES (137, 'bodega-principal', '', 2, 0, 15000.00, 25000.00, '2025-10-09 15:18:01.148003+00', 137);
INSERT INTO public.car_repuestoenstock VALUES (138, 'bodega-principal', '', 2, 0, 8000.00, 15000.00, '2025-10-09 15:20:31.016119+00', 138);
INSERT INTO public.car_repuestoenstock VALUES (139, 'bodega-principal', '', 1, 0, 25000.00, 35000.00, '2025-10-09 15:25:46.43681+00', 139);
INSERT INTO public.car_repuestoenstock VALUES (140, 'bodega-principal', '', 1, 0, 8000.00, 15000.00, '2025-10-09 15:36:34.763693+00', 140);
INSERT INTO public.car_repuestoenstock VALUES (141, 'bodega-principal', '', 1, 0, 15000.00, 23000.00, '2025-10-09 15:39:07.734931+00', 141);
INSERT INTO public.car_repuestoenstock VALUES (142, 'bodega-principal', '', 1, 0, 10000.00, 18000.00, '2025-10-09 15:41:05.735269+00', 142);
INSERT INTO public.car_repuestoenstock VALUES (112, 'bodega-principal', '', 10, 0, 4500.00, 7000.00, '2025-10-09 15:49:34.814657+00', 113);
INSERT INTO public.car_repuestoenstock VALUES (148, 'bodega-principal', '', 8, 0, 1800.00, 3000.00, '2025-10-09 16:02:58.090706+00', 148);
INSERT INTO public.car_repuestoenstock VALUES (149, 'bodega-principal', '', 7, 0, 2200.00, 3500.00, '2025-10-09 16:04:53.833722+00', 149);
INSERT INTO public.car_repuestoenstock VALUES (150, 'bodega-principal', '', 3, 0, 3000.00, 4500.00, '2025-10-09 16:06:38.667029+00', 150);
INSERT INTO public.car_repuestoenstock VALUES (151, 'bodega-principal', '', 8, 0, 1000.00, 1500.00, '2025-10-09 16:08:33.68503+00', 151);
INSERT INTO public.car_repuestoenstock VALUES (152, 'bodega-principal', '', 8, 0, 2000.00, 3000.00, '2025-10-09 16:13:28.057405+00', 152);
INSERT INTO public.car_repuestoenstock VALUES (153, 'bodega-principal', '', 7, 0, 1000.00, 2000.00, '2025-10-09 16:14:51.52612+00', 153);
INSERT INTO public.car_repuestoenstock VALUES (156, 'bodega-principal', '', 11, 0, 300.00, 500.00, '2025-10-09 16:20:17.231658+00', 156);
INSERT INTO public.car_repuestoenstock VALUES (157, 'bodega-principal', '', 19, 0, 1000.00, 1500.00, '2025-10-09 16:22:14.502096+00', 157);
INSERT INTO public.car_repuestoenstock VALUES (158, 'bodega-principal', '', 7, 0, 200.00, 400.00, '2025-10-09 16:23:41.225428+00', 158);
INSERT INTO public.car_repuestoenstock VALUES (159, 'bodega-principal', '', 8, 0, 200.00, 500.00, '2025-10-09 16:24:53.980106+00', 159);
INSERT INTO public.car_repuestoenstock VALUES (160, 'bodega-principal', '', 1, 0, 16000.00, 25000.00, '2025-10-09 17:58:14.112345+00', 160);
INSERT INTO public.car_repuestoenstock VALUES (161, 'bodega-principal', '', 1, 0, 22000.00, 35000.00, '2025-10-09 18:02:25.166586+00', 161);
INSERT INTO public.car_repuestoenstock VALUES (162, 'bodega-principal', '', 2, 0, 17000.00, 23000.00, '2025-10-09 18:10:23.753815+00', 162);
INSERT INTO public.car_repuestoenstock VALUES (163, 'bodega-principal', '', 1, 0, 9000.00, 17500.00, '2025-10-09 18:20:15.592259+00', 163);
INSERT INTO public.car_repuestoenstock VALUES (166, 'bodega-principal', '', 1, 0, 24000.00, 31000.00, '2025-10-09 18:31:44.599649+00', 166);
INSERT INTO public.car_repuestoenstock VALUES (165, 'bodega-principal', '', 1, 0, 12000.00, 22000.00, '2025-10-14 19:48:01.74341+00', 165);
INSERT INTO public.car_repuestoenstock VALUES (143, 'bodega-principal', '', 5, 0, 300.00, 500.00, '2025-11-05 18:32:23.652606+00', 143);
INSERT INTO public.car_repuestoenstock VALUES (146, 'bodega-principal', '', 12, 0, 600.00, 1000.00, '2025-11-11 17:29:01.193898+00', 146);
INSERT INTO public.car_repuestoenstock VALUES (144, 'bodega-principal', '', 7, 0, 300.00, 500.00, '2025-11-05 18:32:23.659217+00', 144);
INSERT INTO public.car_repuestoenstock VALUES (123, 'bodega-principal', '', 0, 0, 25000.00, 39000.00, '2025-11-07 17:31:57.504746+00', 123);
INSERT INTO public.car_repuestoenstock VALUES (147, 'bodega-principal', '', 28, 0, 500.00, 800.00, '2025-12-05 14:16:15.452648+00', 147);
INSERT INTO public.car_repuestoenstock VALUES (145, 'bodega-principal', '', 16, 0, 600.00, 1000.00, '2025-12-05 14:16:15.465897+00', 145);
INSERT INTO public.car_repuestoenstock VALUES (168, 'bodega-principal', '', 1, 0, 9000.00, 16500.00, '2025-10-09 18:44:32.940148+00', 168);
INSERT INTO public.car_repuestoenstock VALUES (169, 'bodega-principal', '', 1, 0, 13000.00, 20000.00, '2025-10-09 18:48:38.628809+00', 169);
INSERT INTO public.car_repuestoenstock VALUES (170, 'bodega-principal', '', 1, 0, 30000.00, 48000.00, '2025-10-09 18:59:41.177925+00', 170);
INSERT INTO public.car_repuestoenstock VALUES (171, 'bodega-principal', '', 1, 0, 12000.00, 25000.00, '2025-10-09 20:05:10.834846+00', 171);
INSERT INTO public.car_repuestoenstock VALUES (172, 'bodega-principal', '', 1, 0, 6000.00, 13000.00, '2025-10-09 20:13:21.432696+00', 172);
INSERT INTO public.car_repuestoenstock VALUES (164, 'bodega-principal', '', 1, 0, 12000.00, 22000.00, '2025-10-09 20:18:19.193895+00', 164);
INSERT INTO public.car_repuestoenstock VALUES (167, 'bodega-principal', '', 1, 0, 21000.00, 28000.00, '2025-10-09 20:18:57.418744+00', 167);
INSERT INTO public.car_repuestoenstock VALUES (173, 'bodega-principal', '', 1, 0, 8000.00, 14000.00, '2025-10-09 20:19:59.108858+00', 173);
INSERT INTO public.car_repuestoenstock VALUES (174, 'bodega-principal', '', 1, 0, 15000.00, 24000.00, '2025-10-09 20:32:02.821134+00', 174);
INSERT INTO public.car_repuestoenstock VALUES (175, 'bodega-principal', '', 1, 0, 20000.00, 36000.00, '2025-10-09 20:44:08.580734+00', 175);
INSERT INTO public.car_repuestoenstock VALUES (176, 'bodega-principal', '', 1, 0, 35000.00, 48000.00, '2025-10-09 20:51:54.942398+00', 176);
INSERT INTO public.car_repuestoenstock VALUES (177, 'bodega-principal', '', 1, 0, 13000.00, 17000.00, '2025-10-09 21:12:49.844791+00', 177);
INSERT INTO public.car_repuestoenstock VALUES (182, 'bodega-principal', '', 3, 0, 1940.00, 7000.00, '2025-10-21 16:09:20.376863+00', 182);
INSERT INTO public.car_repuestoenstock VALUES (184, 'bodega-principal', '', 1, 0, 6855.00, 10000.00, '2025-10-21 16:23:58.89757+00', 184);
INSERT INTO public.car_repuestoenstock VALUES (186, 'bodega-principal', '', 0, 0, 12000.00, 18000.00, '2025-10-23 00:42:46.443602+00', 1);
INSERT INTO public.car_repuestoenstock VALUES (187, 'bodega-principal', '', 0, 0, 13000.00, 18000.00, '2025-10-23 00:42:46.444242+00', 2);
INSERT INTO public.car_repuestoenstock VALUES (205, 'bodega-principal', '', 60, 0, 15600.00, 21500.00, '2025-10-29 17:08:31.721875+00', 199);
INSERT INTO public.car_repuestoenstock VALUES (204, 'bodega-principal', '', 70, 0, 8600.00, 9800.00, '2025-10-29 17:08:35.142676+00', 198);
INSERT INTO public.car_repuestoenstock VALUES (203, 'bodega-principal', '', 80, 0, 10000.00, 13000.00, '2025-10-29 17:08:38.900851+00', 197);
INSERT INTO public.car_repuestoenstock VALUES (191, 'bodega-principal', '', 2, 0, 10500.00, 15000.00, '2025-10-23 17:56:12.246365+00', 186);
INSERT INTO public.car_repuestoenstock VALUES (192, 'bodega-principal', '', 0, 0, 80855.00, 110000.00, '2025-10-23 20:21:57.829847+00', 187);
INSERT INTO public.car_repuestoenstock VALUES (209, 'bodega-principal', '', 2, 0, 7000.00, 12000.00, '2025-10-30 17:21:32.047913+00', 200);
INSERT INTO public.car_repuestoenstock VALUES (190, 'bodega-principal', 'netgogo', 84, 0, 11000.00, 13200.00, '2025-10-24 00:31:35.487372+00', 185);
INSERT INTO public.car_repuestoenstock VALUES (193, 'bodega-principal', '', 0, 0, 75000.00, 100000.00, '2025-10-24 16:37:44.58517+00', 188);
INSERT INTO public.car_repuestoenstock VALUES (211, 'bodega-principal', '', 0, 0, 10000.00, 15000.00, '2025-10-30 17:41:18.129336+00', 202);
INSERT INTO public.car_repuestoenstock VALUES (194, 'bodega-principal', '', 0, 0, 15000.00, 25000.00, '2025-10-27 14:16:06.402517+00', 189);
INSERT INTO public.car_repuestoenstock VALUES (195, 'bodega-principal', '', 4, 0, 3500.00, 8000.00, '2025-10-30 17:47:19.336068+00', 190);
INSERT INTO public.car_repuestoenstock VALUES (197, 'bodega-principal', '', 0, 0, 15000.00, 23000.00, '2025-10-28 14:55:16.313184+00', 191);
INSERT INTO public.car_repuestoenstock VALUES (199, 'bodega-principal', '', 1, 0, 15000.00, 25000.00, '2025-10-28 15:49:35.309982+00', 193);
INSERT INTO public.car_repuestoenstock VALUES (198, 'bodega-principal', '', 1, 0, 16000.00, 30000.00, '2025-10-28 16:51:08.065371+00', 192);
INSERT INTO public.car_repuestoenstock VALUES (206, 'bodega-principal', '', 8, 0, 3590.00, 5000.00, '2025-12-11 17:24:42.944388+00', 8);
INSERT INTO public.car_repuestoenstock VALUES (212, 'bodega-principal', '', 4, 0, 5000.00, 8000.00, '2025-10-30 17:50:18.264553+00', 203);
INSERT INTO public.car_repuestoenstock VALUES (213, 'bodega-principal', '', 1, 0, 20000.00, 30000.00, '2025-10-30 18:28:09.944045+00', 204);
INSERT INTO public.car_repuestoenstock VALUES (210, 'bodega-principal', '', 0, 0, 10000.00, 15000.00, '2025-10-30 18:28:30.365005+00', 201);
INSERT INTO public.car_repuestoenstock VALUES (223, 'bodega-principal', '', 0, 0, 20000.00, 32000.00, '2025-11-11 15:41:52.094844+00', 214);
INSERT INTO public.car_repuestoenstock VALUES (202, 'bodega-principal', '', 0, 0, 37655.00, 52000.00, '2025-10-30 20:01:05.790087+00', 196);
INSERT INTO public.car_repuestoenstock VALUES (251, 'bodega-principal', '', 0, 0, 30000.00, 50000.00, '2025-12-04 18:10:07.48682+00', 241);
INSERT INTO public.car_repuestoenstock VALUES (214, 'bodega-principal', '', 1, 0, 15000.00, 22000.00, '2025-11-03 14:53:03.688801+00', 205);
INSERT INTO public.car_repuestoenstock VALUES (215, 'bodega-principal', '', 3, 0, 2500.00, 5000.00, '2025-11-04 11:45:56.627916+00', 206);
INSERT INTO public.car_repuestoenstock VALUES (248, 'bodega-principal', '', 4, 0, 2500.00, 5000.00, '2025-11-20 15:41:33.278106+00', 238);
INSERT INTO public.car_repuestoenstock VALUES (216, 'bodega-principal', '', 0, 0, 40000.00, 62000.00, '2025-11-10 21:31:04.997473+00', 207);
INSERT INTO public.car_repuestoenstock VALUES (201, 'bodega-principal', '', 0, 0, 120000.00, 150000.00, '2025-11-04 20:57:25.762263+00', 195);
INSERT INTO public.car_repuestoenstock VALUES (200, 'bodega-principal', '', 1, 0, 20000.00, 35000.00, '2025-11-06 15:22:19.726676+00', 194);
INSERT INTO public.car_repuestoenstock VALUES (229, 'bodega-principal', '', 0, 0, 12000.00, 19000.00, '2025-11-11 17:28:52.596483+00', 220);
INSERT INTO public.car_repuestoenstock VALUES (227, 'bodega-principal', '', 0, 0, 22000.00, 35000.00, '2025-11-11 17:28:55.345896+00', 218);
INSERT INTO public.car_repuestoenstock VALUES (228, 'bodega-principal', '', 0, 0, 22000.00, 35000.00, '2025-11-11 17:28:58.080846+00', 219);
INSERT INTO public.car_repuestoenstock VALUES (221, 'bodega-principal', '', 0, 0, 15000.00, 30000.00, '2025-11-10 21:31:09.076737+00', 212);
INSERT INTO public.car_repuestoenstock VALUES (235, 'bodega-principal', '', 0, 0, 10000.00, 15000.00, '2025-11-12 18:13:58.833882+00', 226);
INSERT INTO public.car_repuestoenstock VALUES (231, 'bodega-principal', '', 0, 0, 21000.00, 35000.00, '2025-11-11 17:58:16.851251+00', 222);
INSERT INTO public.car_repuestoenstock VALUES (217, 'bodega-principal', '', 0, 0, 42000.00, 65000.00, '2025-11-10 21:31:17.594001+00', 208);
INSERT INTO public.car_repuestoenstock VALUES (181, 'bodega-principal', '', 5, 0, 2950.00, 7000.00, '2025-11-07 19:41:49.522708+00', 181);
INSERT INTO public.car_repuestoenstock VALUES (218, 'bodega-principal', '', 0, 0, 17000.00, 32000.00, '2025-11-10 21:31:28.878721+00', 209);
INSERT INTO public.car_repuestoenstock VALUES (220, 'bodega-principal', '', 3, 0, 2000.00, 6000.00, '2025-12-11 15:29:01.27319+00', 211);
INSERT INTO public.car_repuestoenstock VALUES (219, 'bodega-principal', '', 0, 0, 35000.00, 60000.00, '2025-11-10 21:58:30.302593+00', 210);
INSERT INTO public.car_repuestoenstock VALUES (180, 'bodega-principal', '', 7, 0, 4400.00, 8000.00, '2025-11-21 20:07:21.748366+00', 180);
INSERT INTO public.car_repuestoenstock VALUES (232, 'bodega-principal', '', 0, 0, 10000.00, 17000.00, '2025-11-11 17:58:19.745466+00', 223);
INSERT INTO public.car_repuestoenstock VALUES (233, 'bodega-principal', '', 3, 0, 3000.00, 6000.00, '2025-11-11 18:30:19.010817+00', 224);
INSERT INTO public.car_repuestoenstock VALUES (234, 'bodega-principal', '', 0, 0, 45000.00, 100000.00, '2025-11-17 15:59:59.184926+00', 225);
INSERT INTO public.car_repuestoenstock VALUES (230, 'bodega-principal', '', 0, 0, 65000.00, 100000.00, '2025-11-12 18:13:55.39454+00', 221);
INSERT INTO public.car_repuestoenstock VALUES (225, 'bodega-principal', '', 0, 0, 320000.00, 380000.00, '2025-11-13 15:48:47.765425+00', 216);
INSERT INTO public.car_repuestoenstock VALUES (226, 'bodega-principal', '', 0, 0, 420000.00, 480000.00, '2025-11-13 15:48:51.89617+00', 217);
INSERT INTO public.car_repuestoenstock VALUES (237, 'bodega-principal', '', 0, 0, 28000.00, 35000.00, '2025-11-13 16:11:35.948879+00', 228);
INSERT INTO public.car_repuestoenstock VALUES (236, 'bodega-principal', '', 0, 0, 28000.00, 35000.00, '2025-11-13 16:11:39.46062+00', 227);
INSERT INTO public.car_repuestoenstock VALUES (242, 'bodega-principal', '', 7, 0, 5000.00, 7000.00, '2025-11-14 14:17:44.839104+00', 17);
INSERT INTO public.car_repuestoenstock VALUES (208, 'bodega-principal', '', 1, 0, 10000.00, 15000.00, '2025-12-11 17:58:11.000716+00', 10);
INSERT INTO public.car_repuestoenstock VALUES (243, 'bodega-principal', '', 1, 0, 50000.00, 65000.00, '2025-11-14 19:17:19.644962+00', 233);
INSERT INTO public.car_repuestoenstock VALUES (245, 'bodega-principal', '', 0, 0, 27000.00, 45000.00, '2025-11-17 17:20:22.27845+00', 235);
INSERT INTO public.car_repuestoenstock VALUES (244, 'bodega-principal', '', 0, 0, 17000.00, 28000.00, '2025-11-17 17:20:25.101433+00', 234);
INSERT INTO public.car_repuestoenstock VALUES (241, 'bodega-principal', '', 0, 0, 8000.00, 15000.00, '2025-11-17 17:30:17.01436+00', 232);
INSERT INTO public.car_repuestoenstock VALUES (240, 'bodega-principal', '', 0, 0, 12000.00, 18000.00, '2025-11-17 17:30:20.447818+00', 231);
INSERT INTO public.car_repuestoenstock VALUES (239, 'bodega-principal', '', 0, 0, 12000.00, 18000.00, '2025-11-17 17:30:23.468984+00', 230);
INSERT INTO public.car_repuestoenstock VALUES (238, 'bodega-principal', '', 0, 0, 90000.00, 130000.00, '2025-11-17 17:30:27.431589+00', 229);
INSERT INTO public.car_repuestoenstock VALUES (224, 'bodega-principal', '', 7, 0, 3000.00, 5000.00, '2025-11-20 15:32:43.729544+00', 215);
INSERT INTO public.car_repuestoenstock VALUES (246, 'bodega-principal', '', 0, 0, 15000.00, 30000.00, '2025-11-20 20:49:11.611472+00', 236);
INSERT INTO public.car_repuestoenstock VALUES (247, 'bodega-principal', '', 0, 0, 15000.00, 27000.00, '2025-11-20 20:49:14.637922+00', 237);
INSERT INTO public.car_repuestoenstock VALUES (183, 'bodega-principal', '', 5, 0, 4855.00, 10000.00, '2025-12-05 18:39:48.859612+00', 183);
INSERT INTO public.car_repuestoenstock VALUES (196, 'bodega-principal', '', 3, 0, 19278.00, 30000.00, '2025-12-05 16:47:22.877163+00', 3);
INSERT INTO public.car_repuestoenstock VALUES (252, 'bodega-principal', '', 0, 0, 100000.00, 150000.00, '2025-12-04 18:10:15.339256+00', 242);
INSERT INTO public.car_repuestoenstock VALUES (250, 'bodega-principal', '', 0, 0, 113000.00, 140000.00, '2025-12-04 18:10:35.770198+00', 240);
INSERT INTO public.car_repuestoenstock VALUES (179, 'bodega-principal', '', 16, 0, 1500.00, 5000.00, '2025-12-04 18:18:18.922361+00', 179);
INSERT INTO public.car_repuestoenstock VALUES (249, 'bodega-principal', '', 1, 0, 3500.00, 10000.00, '2025-12-09 15:00:53.972393+00', 239);
INSERT INTO public.car_repuestoenstock VALUES (222, 'bodega-principal', '', 4, 0, 2500.00, 7000.00, '2025-12-11 16:36:04.345951+00', 213);
INSERT INTO public.car_repuestoenstock VALUES (259, 'bodega-principal', '', 0, 0, 64000.00, 90000.00, '2025-12-02 15:30:51.398139+00', 249);
INSERT INTO public.car_repuestoenstock VALUES (260, 'bodega-principal', '', 1, 0, 34000.00, 60000.00, '2025-12-03 14:14:35.158874+00', 250);
INSERT INTO public.car_repuestoenstock VALUES (261, 'bodega-principal', '', 2, 0, 24000.00, 45000.00, '2025-12-03 14:18:23.663053+00', 251);
INSERT INTO public.car_repuestoenstock VALUES (262, 'bodega-principal', '', 1, 0, 14000.00, 25000.00, '2025-12-03 14:22:06.176725+00', 252);
INSERT INTO public.car_repuestoenstock VALUES (263, 'bodega-principal', '', 2, 0, 28000.00, 48000.00, '2025-12-04 14:09:17.191828+00', 253);
INSERT INTO public.car_repuestoenstock VALUES (253, 'bodega-principal', '', 0, 0, 64000.00, 90000.00, '2025-12-04 18:10:10.848239+00', 243);
INSERT INTO public.car_repuestoenstock VALUES (257, 'bodega-principal', '', 0, 0, 90000.00, 125000.00, '2025-12-04 18:10:39.87519+00', 247);
INSERT INTO public.car_repuestoenstock VALUES (258, 'bodega-principal', '', 0, 0, 90000.00, 125000.00, '2025-12-04 18:10:42.885669+00', 248);
INSERT INTO public.car_repuestoenstock VALUES (265, 'bodega-principal', '', 0, 0, 32000.00, 50000.00, '2025-12-04 18:31:13.513726+00', 255);
INSERT INTO public.car_repuestoenstock VALUES (207, 'bodega-principal', '', 2, 0, 4590.00, 10000.00, '2025-12-04 21:24:09.893088+00', 9);
INSERT INTO public.car_repuestoenstock VALUES (266, 'bodega-principal', '', 0, 0, 6000.00, 10000.00, '2025-12-04 21:24:13.195254+00', 256);
INSERT INTO public.car_repuestoenstock VALUES (154, 'bodega-principal', '', 9, 0, 700.00, 1000.00, '2025-12-05 14:16:15.478517+00', 154);
INSERT INTO public.car_repuestoenstock VALUES (264, 'bodega-principal', '', 3, 0, 38000.00, 58000.00, '2025-12-05 18:39:52.474405+00', 254);
INSERT INTO public.car_repuestoenstock VALUES (256, 'bodega-principal', '', 0, 0, 45500.00, 80000.00, '2025-12-05 18:39:55.507703+00', 246);
INSERT INTO public.car_repuestoenstock VALUES (255, 'bodega-principal', '', 0, 0, 40000.00, 60000.00, '2025-12-05 18:39:58.376189+00', 245);
INSERT INTO public.car_repuestoenstock VALUES (254, 'bodega-principal', '', 0, 0, 56500.00, 80000.00, '2025-12-05 18:40:01.122148+00', 244);
INSERT INTO public.car_repuestoenstock VALUES (269, 'bodega-principal', '', 6, 0, 3000.00, 8000.00, '2025-12-11 15:43:01.835821+00', 259);
INSERT INTO public.car_repuestoenstock VALUES (267, 'bodega-principal', '', 4, 0, 5100.00, 10000.00, '2025-12-11 16:15:45.529344+00', 257);
INSERT INTO public.car_repuestoenstock VALUES (270, 'bodega-principal', '', 1, 0, 7000.00, 20000.00, '2025-12-11 16:42:26.531047+00', 260);
INSERT INTO public.car_repuestoenstock VALUES (271, 'bodega-principal', '', 1, 0, 13000.00, 35000.00, '2025-12-11 16:44:23.019796+00', 261);
INSERT INTO public.car_repuestoenstock VALUES (272, 'bodega-principal', '', 1, 0, 30000.00, 50000.00, '2025-12-11 16:47:55.368748+00', 262);
INSERT INTO public.car_repuestoenstock VALUES (273, 'bodega-principal', '', 1, 0, 120000.00, 160000.00, '2025-12-11 17:19:58.634907+00', 263);
INSERT INTO public.car_repuestoenstock VALUES (274, 'bodega-principal', '', 1, 0, 200000.00, 260000.00, '2025-12-11 17:24:15.722205+00', 264);
INSERT INTO public.car_repuestoenstock VALUES (268, 'bodega-principal', '', 0, 0, 90000.00, 120000.00, '2025-12-11 17:58:15.176658+00', 258);
INSERT INTO public.car_repuestoenstock VALUES (275, 'bodega-principal', '', 2, 0, 5000.00, 8000.00, '2025-12-11 18:16:06.052619+00', 265);


--
-- Data for Name: car_repuestoexterno; Type: TABLE DATA; Schema: public; Owner: maxgonpe
--

INSERT INTO public.car_repuestoexterno VALUES (1, 'Bomba de Agua GMB GWT101A', 'autoplanet', NULL, '102583', 30000, 'https://www.autoplanet.cl/producto/bomba_de_agua_gmb_gwt101a/102583', 'Cdigo Fabricante:
GWT-101A', 'GMB', '2025-10-28 03:27:23.108557+00', '2025-10-28 03:27:23.108574+00', true, 1, 1);


--
-- Data for Name: car_repuestoexterno_vehiculos_compatibles; Type: TABLE DATA; Schema: public; Owner: maxgonpe
--



--
-- Data for Name: car_resumentrabajo; Type: TABLE DATA; Schema: public; Owner: maxgonpe
--

INSERT INTO public.car_resumentrabajo VALUES (12, 31, 'GKVV29', 'CHEVROLET', 'SAIL II 1.4', 'Carolina Lpez', '2025-11-10 20:45:53.030599+00', '2025-11-17 14:41:02.572737+00', '2025-11-17 14:41:02.479955+00', 'entregado', 2, 2, 7, 85000.00, 115800.00, 174800.00, 174800.00, 100, 100, 6, 0, '2', '2025-11-17 14:41:02.619815+00', 7);
INSERT INTO public.car_resumentrabajo VALUES (9, 28, 'XP7074', 'RENAULT', 'CLIO EXPRESSION 1.6', 'Alexis Chavarria', '2025-11-11 15:38:24.960534+00', '2025-11-17 14:41:46.980277+00', '2025-11-17 14:41:46.902095+00', 'entregado', 3, 3, 3, 50000.00, 101000.00, 145000.00, 145000.00, 100, 100, 5, 0, '8', '2025-11-17 14:41:47.006565+00', 3);
INSERT INTO public.car_resumentrabajo VALUES (2, 15, 'KSBP94', 'RENAULT', 'DUSTER LIFE 1.6', 'Hortencia Oyanedel valos', '2025-10-28 20:27:24.953944+00', '2025-11-04 21:12:18.140886+00', '2025-11-04 21:12:04.667674+00', 'entregado', 1, 1, 3, 50000.00, 192000.00, 242000.00, 242000.00, 100, 100, 7, 0, '8', '2025-11-04 21:12:18.158995+00', 3);
INSERT INTO public.car_resumentrabajo VALUES (15, 34, 'FJKP10', 'CHEVROLET', 'SAIL II 1.4', 'Rosa Tapia', '2025-11-17 17:29:59.06479+00', '2025-11-17 18:37:54.79441+00', '2025-11-17 18:37:54.677273+00', 'entregado', 1, 1, 5, 130000.00, 203000.00, 320000.00, 320000.00, 100, 100, 0, 0, '2', '2025-11-17 18:37:54.829794+00', 5);
INSERT INTO public.car_resumentrabajo VALUES (14, 33, 'FJKP10', 'CHEVROLET', 'SAIL II 1.4', 'Rosa Tapia', '2025-11-12 14:12:13.551256+00', '2025-11-12 14:25:11.928035+00', '2025-11-12 14:25:11.841171+00', 'entregado', 1, 1, 0, 25000.00, 0.00, 25000.00, 25000.00, 100, 100, 0, 0, '2', '2025-11-12 14:25:11.957712+00', 0);
INSERT INTO public.car_resumentrabajo VALUES (3, 22, 'SHFW42', 'FIAT', 'ARGO HB 1.3', 'Richard Cortz', '2025-11-04 21:10:16.042711+00', '2025-11-04 21:36:45.247382+00', '2025-11-04 21:36:45.177143+00', 'entregado', 1, 1, 0, 45000.00, 0.00, 45000.00, 45000.00, 100, 100, 0, 0, '8', '2025-11-04 21:36:45.273719+00', 0);
INSERT INTO public.car_resumentrabajo VALUES (1, 18, 'TJ4952', 'CITROEN', 'XSARA SX 1.8', 'Max Gonzalez', '2025-10-29 17:09:29.544522+00', '2025-11-05 19:53:09.98854+00', NULL, 'completado', 2, 2, 3, 80777.00, 257300.00, 383077.00, 257300.00, 100, 67, 7, NULL, '1', '2025-11-05 19:53:10.004287+00', 3);
INSERT INTO public.car_resumentrabajo VALUES (5, 24, 'XX1610', 'PEUGEOT', 'PARTNER 1.9', 'Jos Jarpa', '2025-11-05 20:02:06.705916+00', '2025-11-05 21:08:56.97784+00', '2025-11-05 21:08:56.928018+00', 'entregado', 1, 1, 0, 20000.00, 0.00, 20000.00, 20000.00, 100, 100, 0, 0, '8', '2025-11-05 21:08:56.994304+00', 0);
INSERT INTO public.car_resumentrabajo VALUES (4, 23, 'CJST88', 'CHEVROLET', 'CAPTIVA LS 2.0', 'Diego Ahumada', '2025-11-04 21:30:19.078531+00', '2025-11-05 21:25:31.361113+00', '2025-11-05 21:25:31.310077+00', 'entregado', 1, 1, 0, 65000.00, 0.00, 65000.00, 65000.00, 100, 100, 0, 0, '8', '2025-11-05 21:25:31.372591+00', 0);
INSERT INTO public.car_resumentrabajo VALUES (8, 27, 'UX7362', 'NISSAN', 'TERRANO', 'Walter Vicencio', '2025-11-07 15:23:36.615233+00', '2025-11-07 15:27:23.3851+00', '2025-11-07 15:27:23.338104+00', 'entregado', 1, 1, 2, 20000.00, 37000.00, 57000.00, 57000.00, 100, 100, 0, 0, '8', '2025-11-07 15:27:23.408926+00', 2);
INSERT INTO public.car_resumentrabajo VALUES (25, 44, 'GFGS92', 'HYUNDAI', 'NEW H1 GL 2.5', 'Rodrigo Osses', '2025-11-20 15:59:17.179982+00', '2025-11-20 20:17:18.208648+00', '2025-11-20 20:17:18.075523+00', 'entregado', 1, 1, 0, 25000.00, 0.00, 25000.00, 25000.00, 100, 100, 0, 0, NULL, '2025-11-20 20:17:18.250409+00', 0);
INSERT INTO public.car_resumentrabajo VALUES (17, 36, 'LDXC58', 'JAC', 'S3 1.6', 'Daniela Arancibia', '2025-11-13 21:16:39.536345+00', '2025-11-18 14:26:31.411082+00', '2025-11-18 14:26:31.298589+00', 'entregado', 1, 1, 2, 70000.00, 146000.00, 200000.00, 200000.00, 100, 100, 4, 0, '8', '2025-11-18 14:26:31.431276+00', 2);
INSERT INTO public.car_resumentrabajo VALUES (13, 32, 'WP7442', 'CHEVROLET', 'CHEVY TAXI II PWR 1.6', 'Hctor Humaa Sepulveda', '2025-11-11 13:52:48.694768+00', '2025-11-12 18:16:07.996066+00', '2025-11-12 18:16:07.910279+00', 'entregado', 1, 1, 2, 140000.00, 130000.00, 239000.00, 0.00, 100, 0, 1, 0, '8', '2025-11-12 18:16:08.023993+00', 2);
INSERT INTO public.car_resumentrabajo VALUES (16, 35, 'BSJL29', 'HYUNDAI', 'ACCENT GL PS 1.4', 'ngela Oyanedel', '2025-11-13 12:33:25.155636+00', '2025-11-18 22:05:52.698402+00', '2025-11-13 16:14:17.775743+00', 'entregado', 1, 1, 3, 70000.00, 75000.00, 131000.00, 131000.00, 100, 100, 0, 5, '8', '2025-11-18 22:05:52.750547+00', 3);
INSERT INTO public.car_resumentrabajo VALUES (7, 26, 'XP7074', 'RENAULT', 'CLIO EXPRESSION 1.6', 'Alexis Chavarria', '2025-11-06 16:15:03.517113+00', '2025-11-07 19:54:31.747513+00', '2025-11-07 19:54:31.681365+00', 'entregado', 1, 1, 1, 90000.00, 39000.00, 135000.00, 135000.00, 100, 100, 1, 0, '2', '2025-11-07 19:54:31.770647+00', 1);
INSERT INTO public.car_resumentrabajo VALUES (6, 25, 'DSVT44', 'CHEVROLET', 'OPTRA LS LIMITED 1.6', 'Leonardo Araya', '2025-11-06 10:58:07.369773+00', '2025-11-11 16:24:41.557298+00', '2025-11-11 16:24:41.48761+00', 'entregado', 1, 1, 10, 350000.00, 307600.00, 755000.00, 755000.00, 100, 100, 5, 0, '8', '2025-11-11 16:24:41.584828+00', 10);
INSERT INTO public.car_resumentrabajo VALUES (24, 43, 'JLDC39', 'HYUNDAI', 'GRAND I10 BA GL 1.2', 'Pia Vicencio', '2025-11-17 21:58:36.606343+00', '2025-11-20 21:16:25.667659+00', '2025-11-20 21:16:25.583847+00', 'entregado', 1, 1, 3, 50000.00, 72000.00, 122000.00, 122000.00, 100, 100, 2, 0, '8', '2025-11-20 21:16:25.68697+00', 3);
INSERT INTO public.car_resumentrabajo VALUES (22, 41, 'PV2750', 'HYUNDAI', 'GRACE', 'Rhem lvaro Mellado Mella', '2025-11-17 16:21:13.074419+00', '2025-11-20 21:16:43.762186+00', '2025-11-20 21:16:43.680633+00', 'entregado', 1, 1, 0, 140000.00, 0.00, 320000.00, 210000.00, 100, 65, 3, 0, NULL, '2025-11-20 21:16:43.780182+00', 0);
INSERT INTO public.car_resumentrabajo VALUES (11, 30, 'JCTX12', 'SUZUKI', 'VITARA GLX 4X4 1.4 AUT', 'Arturo Fernndez', '2025-11-10 20:09:26.359278+00', '2025-11-11 16:42:29.457833+00', '2025-11-11 16:42:29.348901+00', 'entregado', 1, 1, 0, 25000.00, 0.00, 25000.00, 25000.00, 100, 100, 0, 0, '2', '2025-11-11 16:42:29.484151+00', 0);
INSERT INTO public.car_resumentrabajo VALUES (26, 45, 'GPWF32', 'PEUGEOT', '301 ACTIVE HDI 1.6', 'Bastin Vergara Bustamante', '2025-11-21 19:41:30.675927+00', '2025-11-21 21:57:58.325832+00', '2025-11-21 21:57:58.268954+00', 'entregado', 4, 4, 2, 260000.00, 9600.00, 295000.00, 295000.00, 100, 100, 0, 0, '2', '2025-11-21 21:57:58.34271+00', 2);
INSERT INTO public.car_resumentrabajo VALUES (28, 47, 'YL1966', 'CITROEN', 'C3 SX 1.6', 'Hernan Ramirez', '2025-11-25 19:51:45.500081+00', '2025-11-25 20:54:35.626524+00', '2025-11-25 20:54:35.534695+00', 'entregado', 1, 1, 0, 40000.00, 0.00, 40000.00, 40000.00, 100, 100, 0, 0, '2', '2025-11-25 20:54:35.650947+00', 0);
INSERT INTO public.car_resumentrabajo VALUES (10, 29, 'GYJX10', 'VOLKSWAGEN', 'TRANSPORTER KOMBI 2.0', 'Claudia Barraza', '2025-11-13 15:48:14.724811+00', '2025-11-13 19:59:01.477293+00', '2025-11-13 19:53:27.260393+00', 'entregado', 1, 1, 3, 400000.00, 896000.00, 1260000.00, 1260000.00, 100, 100, 0, 0, '2', '2025-11-13 19:59:01.506098+00', 3);
INSERT INTO public.car_resumentrabajo VALUES (29, 48, 'KDPR70', 'MAZDA', 'NEW 2 1.5', 'ngel Tejeda', '2025-11-25 19:31:00.880299+00', '2025-11-25 20:55:05.827003+00', '2025-11-25 20:55:05.686127+00', 'entregado', 1, 1, 0, 30000.00, 0.00, 30000.00, 30000.00, 100, 100, 0, 0, '2', '2025-11-25 20:55:05.870363+00', 0);
INSERT INTO public.car_resumentrabajo VALUES (35, 54, 'DLXZ47', 'FORD', 'NEW FIESTA HB 1.6', 'Gonzalo Moreno Urbina', '2025-12-03 14:49:36.685185+00', '2025-12-03 14:49:36.828951+00', NULL, 'iniciado', 0, 0, 0, 0.00, 15000.00, 15000.00, 0.00, 0, 0, 0, NULL, NULL, '2025-12-03 14:49:36.85356+00', 1);
INSERT INTO public.car_resumentrabajo VALUES (30, 49, 'YL1966', 'CITROEN', 'C3 SX 1.6', 'Hernan Ramirez', '2025-11-28 16:06:44.19747+00', '2025-12-01 11:58:20.456264+00', '2025-12-01 11:58:06.230944+00', 'entregado', 1, 1, 0, 40000.00, 0.00, 40000.00, 40000.00, 100, 100, 2, 0, NULL, '2025-12-01 11:58:20.499306+00', 0);
INSERT INTO public.car_resumentrabajo VALUES (20, 39, 'NU7212', 'HYUNDAI', 'PORTER SUPER H100 2.5', 'Juan Carlos Bravo', '2025-11-14 19:16:55.245034+00', '2025-11-15 12:47:23.027809+00', '2025-11-15 12:47:22.964347+00', 'entregado', 1, 1, 2, 90000.00, 70000.00, 160000.00, 160000.00, 100, 100, 0, 0, '8', '2025-11-15 12:47:23.054351+00', 2);
INSERT INTO public.car_resumentrabajo VALUES (32, 51, 'BKLK16', 'PEUGEOT', 'EXPERT', 'Johana Martnez Reinoso', '2025-12-02 12:48:25.628896+00', '2025-12-02 15:31:04.773821+00', '2025-12-02 15:31:04.65485+00', 'entregado', 1, 1, 1, 40000.00, 90000.00, 104000.00, 104000.00, 100, 100, 0, 0, '8', '2025-12-02 15:31:04.795241+00', 1);
INSERT INTO public.car_resumentrabajo VALUES (18, 37, 'BCGK32', 'MITSUBISHI', 'MONTERO SPORT 2.5 AUT', 'Arturo Fernndez', '2025-11-13 21:36:00.751319+00', '2025-12-02 12:49:10.117266+00', NULL, 'completado', 1, 0, 0, 300000.00, 10000.00, 380000.00, 0.00, 0, 0, 18, NULL, '8', '2025-12-02 12:49:10.149869+00', 1);
INSERT INTO public.car_resumentrabajo VALUES (19, 38, 'GZBR77', 'MITSUBISHI', 'L200 KATANA D CAB CRT 4X4 2.5', 'Melissa tapia', '2025-11-13 21:30:39.099945+00', '2025-12-02 12:23:23.221303+00', NULL, 'trabajando', 1, 1, 0, 15000.00, 0.00, 15000.00, 200000.00, 100, 1333, 18, NULL, NULL, '2025-12-02 12:23:23.254407+00', 0);
INSERT INTO public.car_resumentrabajo VALUES (31, 50, 'FKZH45', 'HAFEI', 'MINYI 1.1', 'Sandra vila', '2025-12-01 18:14:54.312321+00', '2025-12-03 16:44:43.748464+00', '2025-12-03 16:44:43.632973+00', 'entregado', 1, 1, 0, 90000.00, 0.00, 190000.00, 190000.00, 100, 100, 1, 0, '2', '2025-12-03 16:44:43.773081+00', 0);
INSERT INTO public.car_resumentrabajo VALUES (34, 53, 'KSPV63', 'MAXUS', 'T60 DCAB DX 2.8', 'Nilson Zamora', '2025-12-02 20:16:08.767847+00', '2025-12-03 20:37:47.44715+00', '2025-12-03 20:37:34.233917+00', 'entregado', 1, 1, 1, 65000.00, 7000.00, 100000.00, 100000.00, 100, 100, 1, 0, NULL, '2025-12-03 20:37:47.484759+00', 1);
INSERT INTO public.car_resumentrabajo VALUES (21, 40, 'LDBW15', 'CHANGAN', 'CX70 ELITE 1.5', 'Alejandro Aguirre', '2025-11-18 14:21:49.253795+00', '2025-12-06 12:20:14.74492+00', '2025-12-06 12:20:14.569615+00', 'entregado', 2, 2, 9, 365000.00, 765000.00, 1200000.00, 1200000.00, 100, 100, 17, 0, '8', '2025-12-06 12:20:14.774339+00', 9);
INSERT INTO public.car_resumentrabajo VALUES (36, 55, 'KVXS81', 'CHANGAN', 'CX70 LUXURY 1.6', 'Elas Valle Gonzlez', '2025-12-04 18:28:31.963987+00', '2025-12-04 21:21:33.34788+00', '2025-12-04 21:21:21.57505+00', 'entregado', 2, 2, 1, 50000.00, 50000.00, 100000.00, 100000.00, 100, 100, 0, 0, NULL, '2025-12-04 21:21:33.374698+00', 1);
INSERT INTO public.car_resumentrabajo VALUES (37, 56, 'XS3515', 'CHEVROLET', 'OPTRA LS 1.6', 'Miguel Vargas Vega', '2025-12-05 16:13:47.264225+00', '2025-12-05 16:48:08.43048+00', '2025-12-05 16:47:57.104799+00', 'entregado', 1, 1, 4, 20000.00, 48000.00, 68000.00, 68000.00, 100, 100, 0, 0, '8', '2025-12-05 16:48:08.467172+00', 4);
INSERT INTO public.car_resumentrabajo VALUES (27, 46, 'HDWG99', 'MITSUBISHI', 'L200 KATANA CR 2.5', 'Josefina Jimnez Olivares', '2025-11-24 17:29:44.164712+00', '2025-12-06 12:48:38.487606+00', '2025-12-06 12:48:38.396087+00', 'entregado', 1, 1, 6, 580000.00, 318000.00, 1108000.00, 1108000.00, 100, 100, 11, 0, '2', '2025-12-06 12:48:38.505393+00', 6);
INSERT INTO public.car_resumentrabajo VALUES (23, 42, 'GLPF90', 'CHEVROLET', 'CAPTIVA 4X4 2.0 AUT', 'Vctor Onetto', '2025-11-17 16:46:08.144666+00', '2025-12-06 13:15:01.472354+00', '2025-12-06 13:15:01.231172+00', 'entregado', 2, 2, 0, 165000.00, 0.00, 165000.00, 150000.00, 100, 90, 18, 0, '2', '2025-12-06 13:15:01.51184+00', 0);
INSERT INTO public.car_resumentrabajo VALUES (33, 52, 'CVCX37', 'HYUNDAI', 'NEW H1 GLS TCI 2.5', 'Francisco Castro', '2025-12-10 16:41:03.360149+00', '2025-12-11 17:58:42.224892+00', NULL, 'completado', 2, 2, 2, 105000.00, 150000.00, 255000.00, 100000.00, 100, 39, 1, NULL, '2', '2025-12-11 17:58:42.276919+00', 2);
INSERT INTO public.car_resumentrabajo VALUES (38, 57, 'VN6792', 'MAZDA', 'TRIBUTE 4X4', 'Jaime Quiroz Fuigeroa', '2025-12-10 15:57:56.528304+00', '2025-12-10 15:58:57.093717+00', NULL, 'completado', 1, 1, 0, 25000.00, 0.00, 25000.00, 0.00, 100, 0, 0, NULL, NULL, '2025-12-10 15:58:57.123619+00', 0);
INSERT INTO public.car_resumentrabajo VALUES (39, 58, 'PV2750', 'HYUNDAI', 'GRACE', 'Rhem lvaro Mellado Mella', '2025-12-11 16:38:10.985832+00', '2025-12-11 17:30:06.277751+00', NULL, 'iniciado', 0, 0, 0, 0.00, 525000.00, 440000.00, 420000.00, 0, -494, 0, NULL, NULL, '2025-12-11 17:30:06.326392+00', 5);


--
-- Data for Name: car_sesionventa; Type: TABLE DATA; Schema: public; Owner: maxgonpe
--

INSERT INTO public.car_sesionventa VALUES (21, '2025-10-14 19:10:03.199336+00', NULL, true, 382200.00, 18, 3);
INSERT INTO public.car_sesionventa VALUES (22, '2025-10-20 14:48:50.009098+00', NULL, true, 0.00, 0, 4);
INSERT INTO public.car_sesionventa VALUES (25, '2025-10-22 12:27:04.80152+00', NULL, true, 0.00, 0, 8);
INSERT INTO public.car_sesionventa VALUES (20, '2025-10-14 18:18:30.380799+00', NULL, true, 199028.00, 5, 1);


--
-- Data for Name: car_stockmovimiento; Type: TABLE DATA; Schema: public; Owner: maxgonpe
--

INSERT INTO public.car_stockmovimiento VALUES (2, 'salida', 1, 'Venta POS #5', '5', '2025-10-21 16:09:20.378135+00', 182, 3);
INSERT INTO public.car_stockmovimiento VALUES (4, 'entrada', 2, 'Compra #COMP-0002', 'COMPRA-6', '2025-10-23 01:51:59.610721+00', 190, 1);
INSERT INTO public.car_stockmovimiento VALUES (6, 'entrada', 1, 'Compra #COMP-0003', 'COMPRA-7', '2025-10-23 23:02:26.200104+00', 190, 1);
INSERT INTO public.car_stockmovimiento VALUES (7, 'salida', 1, 'Venta POS #7', '7', '2025-10-23 23:03:36.64647+00', 190, 1);
INSERT INTO public.car_stockmovimiento VALUES (8, 'salida', 9, 'Venta POS #8', '8', '2025-10-24 00:28:37.286729+00', 190, 1);
INSERT INTO public.car_stockmovimiento VALUES (9, 'entrada', 5, 'Compra #COMP-0004', 'COMPRA-8', '2025-10-24 00:30:31.183636+00', 190, 1);
INSERT INTO public.car_stockmovimiento VALUES (10, 'salida', 1, 'Venta POS #9', '9', '2025-10-24 00:31:35.488588+00', 190, 1);
INSERT INTO public.car_stockmovimiento VALUES (12, 'salida', 1, 'Venta POS #10', '10', '2025-10-27 14:16:06.394771+00', 195, 3);
INSERT INTO public.car_stockmovimiento VALUES (13, 'salida', 1, 'Venta POS #10', '10', '2025-10-27 14:16:06.404402+00', 194, 3);
INSERT INTO public.car_stockmovimiento VALUES (15, 'salida', 5, 'Venta POS #11', '11', '2025-10-27 20:26:20.439869+00', 146, 3);
INSERT INTO public.car_stockmovimiento VALUES (16, 'salida', 1, 'Venta POS #12', '12', '2025-10-29 15:26:05.451526+00', 203, 1);
INSERT INTO public.car_stockmovimiento VALUES (17, 'salida', 1, 'Venta POS #12', '12', '2025-10-29 15:26:05.467028+00', 204, 1);
INSERT INTO public.car_stockmovimiento VALUES (18, 'salida', 1, 'Venta POS #12', '12', '2025-10-29 15:26:05.477358+00', 205, 1);
INSERT INTO public.car_stockmovimiento VALUES (19, 'salida', 1, 'Venta POS #13', '13', '2025-10-30 15:56:55.694933+00', 111, 3);
INSERT INTO public.car_stockmovimiento VALUES (20, 'salida', 1, 'Venta POS #14', '14', '2025-11-05 18:32:23.653856+00', 143, 3);
INSERT INTO public.car_stockmovimiento VALUES (21, 'salida', 1, 'Venta POS #14', '14', '2025-11-05 18:32:23.660477+00', 144, 3);
INSERT INTO public.car_stockmovimiento VALUES (22, 'salida', 1, 'Venta POS #15', '15', '2025-11-07 19:54:03.802536+00', 206, 3);
INSERT INTO public.car_stockmovimiento VALUES (23, 'salida', 1, 'Venta POS #16', '16', '2025-11-10 12:25:05.237952+00', 179, 3);
INSERT INTO public.car_stockmovimiento VALUES (24, 'salida', 1, 'Venta POS #17', '17', '2025-11-10 17:37:45.562111+00', 224, 3);
INSERT INTO public.car_stockmovimiento VALUES (25, 'salida', 1, 'Venta POS #17', '17', '2025-11-10 17:37:45.573183+00', 196, 3);
INSERT INTO public.car_stockmovimiento VALUES (26, 'salida', 1, 'Venta POS #18', '18', '2025-11-12 16:03:50.319515+00', 234, 3);
INSERT INTO public.car_stockmovimiento VALUES (27, 'salida', 1, 'Venta POS #19', '19', '2025-11-20 19:34:32.861039+00', 53, 3);
INSERT INTO public.car_stockmovimiento VALUES (28, 'salida', 1, 'Venta POS #20', '20', '2025-11-25 20:55:57.013758+00', 145, 3);
INSERT INTO public.car_stockmovimiento VALUES (29, 'salida', 1, 'Venta POS #20', '20', '2025-11-25 20:55:57.026309+00', 179, 3);
INSERT INTO public.car_stockmovimiento VALUES (30, 'salida', 2, 'Venta POS #21', '21', '2025-11-27 22:09:03.189111+00', 207, 3);
INSERT INTO public.car_stockmovimiento VALUES (31, 'salida', 2, 'Venta POS #22', '22', '2025-11-28 16:02:00.24841+00', 145, 3);
INSERT INTO public.car_stockmovimiento VALUES (32, 'salida', 2, 'Venta POS #23', '23', '2025-12-04 18:18:18.924348+00', 179, 3);
INSERT INTO public.car_stockmovimiento VALUES (33, 'salida', 4, 'Venta POS #24', '24', '2025-12-05 14:16:15.45503+00', 147, 3);
INSERT INTO public.car_stockmovimiento VALUES (34, 'salida', 1, 'Venta POS #24', '24', '2025-12-05 14:16:15.46732+00', 145, 3);
INSERT INTO public.car_stockmovimiento VALUES (35, 'salida', 1, 'Venta POS #24', '24', '2025-12-05 14:16:15.480191+00', 154, 3);
INSERT INTO public.car_stockmovimiento VALUES (36, 'salida', 1, 'Venta POS #25', '25', '2025-12-11 16:03:37.213483+00', 33, 3);
INSERT INTO public.car_stockmovimiento VALUES (37, 'salida', 1, 'Venta POS #26', '26', '2025-12-11 17:24:42.947361+00', 206, 3);


--
-- Data for Name: car_trabajo; Type: TABLE DATA; Schema: public; Owner: maxgonpe
--

INSERT INTO public.car_trabajo VALUES (29, '2025-11-13 15:48:14.724811+00', '2025-11-13 19:53:27.260393+00', 'entregado', 'Ruido en rodamiento de embrague', 36, 38, 105113, false);
INSERT INTO public.car_trabajo VALUES (39, '2025-11-14 19:16:55.245034+00', '2025-11-15 12:47:22.964347+00', 'entregado', 'Cambio correa distribucin', 57, 59, NULL, false);
INSERT INTO public.car_trabajo VALUES (10, '2025-10-28 13:44:20.117211+00', '2025-10-30 18:19:08.046745+00', 'entregado', 'homocinetica lado copiloto para reemplazo 
Rodamiento de masa lado copiloto presenta un leve juego
Cambiar batera 
Bornes de batera', 15, 19, NULL, false);
INSERT INTO public.car_trabajo VALUES (19, '2025-10-29 19:54:56.678514+00', '2025-10-30 21:55:09.021964+00', 'entregado', 'Soporte motor lado caja (falta)
Cambiar eje palier lado chofer
Cambiar radiador', 25, 25, NULL, false);
INSERT INTO public.car_trabajo VALUES (34, '2025-11-17 17:29:59.06479+00', '2025-11-17 18:37:54.677273+00', 'entregado', 'Cremallera direccin
Terminales de direccin
Bieletas delanteras

Necesario Alinear', 52, 54, 211033, false);
INSERT INTO public.car_trabajo VALUES (36, '2025-11-13 21:16:39.536345+00', '2025-11-18 14:26:31.298589+00', 'entregado', 'Rodamientos de maza delanteros
Mazas delanteras

-Alinear
-Prximo a cambiar:

Axiales de direccin
Terminales de direccin 
Aceite y filtros
Batera', 54, 56, 139818, false);
INSERT INTO public.car_trabajo VALUES (45, '2025-11-21 19:41:30.675927+00', '2025-11-21 21:57:58.268954+00', 'entregado', 'Embrague
Fugas
Frenos

Pendiente:
Balatas y rectificado tambores', 63, 63, 390028, false);
INSERT INTO public.car_trabajo VALUES (40, '2025-11-18 14:21:49.253795+00', '2025-12-06 12:20:14.569615+00', 'entregado', 'Ruido al arrancar

Problema en tensor de cadena de distribucin 
Cadena estirada
Piones de levas daados

Prueba de compresin:
-Cilindro 1: 140PSI
-Cilindro 2: 0PSI
Cilindro 3: 0PSI
Cilindro 4: 80PSI', 58, 60, 83917, true);
INSERT INTO public.car_trabajo VALUES (55, '2025-12-04 18:28:31.963987+00', '2025-12-04 21:21:21.57505+00', 'entregado', 'Prdida de fuerza
Check Engine encendido

Cdigo de fallo de encendido cilindro N1', 73, 71, NULL, false);
INSERT INTO public.car_trabajo VALUES (38, '2025-11-13 21:30:39.099945+00', NULL, 'trabajando', 'Multiple de escape roto
Aire acondicionado sin carga
Compresor A/C presenta ruido
Amortiguadores delanteros malos
Balatas desgastadas', 56, 58, NULL, true);
INSERT INTO public.car_trabajo VALUES (26, '2025-11-06 16:15:03.517113+00', '2025-11-07 19:54:31.681365+00', 'entregado', 'Ruido al arrancar en fro (bomba de agua)

Detalles a reparar:

-Soporte motor distribucin
-Polea gua (correa alternador)', 35, 37, 163520, false);
INSERT INTO public.car_trabajo VALUES (46, '2025-11-24 17:29:44.164712+00', '2025-12-06 12:48:38.396087+00', 'entregado', 'Correa de distribucin cortada
Balancines quebrados', 64, 64, 125591, true);
INSERT INTO public.car_trabajo VALUES (24, '2025-11-05 20:02:06.705916+00', '2025-11-05 21:08:56.928018+00', 'entregado', 'Cambio bieletas delanteras', 34, 25, NULL, false);
INSERT INTO public.car_trabajo VALUES (21, '2025-10-30 18:17:34.258591+00', '2025-10-30 20:05:07.913295+00', 'entregado', 'Fuga refrigerante', 30, 15, NULL, false);
INSERT INTO public.car_trabajo VALUES (27, '2025-11-07 15:23:36.615233+00', '2025-11-07 15:27:23.338104+00', 'entregado', 'Cambio aceite motor', 37, 40, 582090, false);
INSERT INTO public.car_trabajo VALUES (54, '2025-12-03 14:49:36.685185+00', NULL, 'iniciado', 'Piola capot', 72, 15, NULL, true);
INSERT INTO public.car_trabajo VALUES (15, '2025-10-28 20:27:24.953944+00', '2025-11-04 21:12:04.667674+00', 'entregado', 'Problema en bomba de direccin', 16, 18, NULL, false);
INSERT INTO public.car_trabajo VALUES (14, '2025-10-28 18:00:04.210618+00', '2025-10-29 18:41:03.055989+00', 'entregado', 'Prdida de fuerza y jaloneos', 19, 21, NULL, false);
INSERT INTO public.car_trabajo VALUES (37, '2025-11-13 21:36:00.751319+00', '2025-12-02 12:49:10.069282+00', 'completado', 'Desmontaje y montaje caja de cambios', 55, 57, NULL, true);
INSERT INTO public.car_trabajo VALUES (23, '2025-11-04 21:30:19.078531+00', '2025-11-05 21:25:31.310077+00', 'entregado', 'Fuga refrigerante por manguera de calefaccin', 32, 34, 277665, false);
INSERT INTO public.car_trabajo VALUES (22, '2025-11-04 21:10:16.042711+00', '2025-11-04 21:36:45.177143+00', 'entregado', 'Lavado automotriz completo', 31, 33, NULL, false);
INSERT INTO public.car_trabajo VALUES (30, '2025-11-10 20:09:26.359278+00', '2025-11-11 16:42:29.348901+00', 'entregado', 'Ruido en tren delantero

Problema en amortiguadores y cazoletas delanteras', 46, 51, 257054, false);
INSERT INTO public.car_trabajo VALUES (32, '2025-11-11 13:52:48.694768+00', '2025-11-12 18:16:07.910279+00', 'entregado', 'Embrague resbala', 48, 53, NULL, false);
INSERT INTO public.car_trabajo VALUES (33, '2025-11-12 14:12:13.551256+00', '2025-11-12 14:25:11.841171+00', 'entregado', 'Ruido tren delantero
Juego en cremallera de direccin 
Bieletas 
Bandejas bujes leve juego', 51, 54, NULL, false);
INSERT INTO public.car_trabajo VALUES (50, '2025-12-01 18:14:54.312321+00', '2025-12-03 16:44:43.632973+00', 'entregado', 'Eje trasero izquierdo partido', 68, 67, 107193, true);
INSERT INTO public.car_trabajo VALUES (31, '2025-11-10 20:45:53.030599+00', '2025-11-17 14:41:02.479955+00', 'entregado', 'Ruido en tren delantero 
Amortiguadores y cazoletas malas', 47, 52, 70558, false);
INSERT INTO public.car_trabajo VALUES (28, '2025-11-11 15:38:24.960534+00', '2025-11-17 14:41:46.902095+00', 'entregado', 'Soporte motor lado distribucin 
Gua correa accesorios x2
Depsito refrigerante', 40, 37, 163782, false);
INSERT INTO public.car_trabajo VALUES (35, '2025-11-13 12:33:25.155636+00', '2025-11-13 16:14:17.775743+00', 'entregado', 'Cambio amortiguadores

Bujes de barra estabilizadora en mal estado (golpe)', 53, 55, NULL, false);
INSERT INTO public.car_trabajo VALUES (25, '2025-11-06 10:58:07.369773+00', '2025-11-11 16:24:41.48761+00', 'entregado', 'Vehculo no arranca

Bomba de agua
Kit de distribucin 
Kit de empaquetaduras
Correa de accesorios
Filtros (todos)
Termostato', 26, 26, NULL, false);
INSERT INTO public.car_trabajo VALUES (42, '2025-11-17 16:46:08.144666+00', '2025-12-06 13:15:01.231172+00', 'entregado', 'Prdida de potencia

Turbo atascado', 59, 61, 173410, true);
INSERT INTO public.car_trabajo VALUES (53, '2025-12-02 20:16:08.767847+00', '2025-12-03 20:37:34.233917+00', 'entregado', 'Fuga hidrulico', 71, 70, NULL, false);
INSERT INTO public.car_trabajo VALUES (57, '2025-12-10 15:57:56.528304+00', '2025-12-10 15:58:57.063632+00', 'completado', 'Ruido al avanzar
No engrana traccin doble

- Punta cardan daada
- Caja de cambios con fugas de aceite
- No llega alimentacin a motor paso a paso de acople de traccin doble', 75, 73, 170499, true);
INSERT INTO public.car_trabajo VALUES (47, '2025-11-25 19:51:45.500081+00', '2025-11-25 20:54:35.534695+00', 'entregado', 'Fuga combustible
Cojeo en ralent', 65, 65, NULL, false);
INSERT INTO public.car_trabajo VALUES (49, '2025-11-28 16:06:44.19747+00', '2025-12-01 11:58:06.230944+00', 'entregado', 'Fuga combustible', 67, 65, NULL, false);
INSERT INTO public.car_trabajo VALUES (48, '2025-11-25 19:31:00.880299+00', '2025-11-25 20:55:05.686127+00', 'entregado', 'Conector sensor de oxigeno N 2', 66, 66, NULL, false);
INSERT INTO public.car_trabajo VALUES (44, '2025-11-20 15:59:17.179982+00', '2025-11-20 20:17:18.075523+00', 'entregado', 'Vibracin en alta velocidad
Volante inclinado a la izquierda

Neumticos traseros con deformaciones
Es necesario alinear
Leve holgura en axiales y terminales de direccin', 62, 62, NULL, false);
INSERT INTO public.car_trabajo VALUES (41, '2025-11-17 16:21:13.074419+00', '2025-11-20 21:16:43.680633+00', 'entregado', 'Ruido en tren delantero', 60, 29, NULL, false);
INSERT INTO public.car_trabajo VALUES (52, '2025-12-10 16:41:03.360149+00', '2025-12-11 17:58:42.157379+00', 'completado', 'Temperatura sobrepasa la media, con carga', 70, 69, 478237, true);
INSERT INTO public.car_trabajo VALUES (43, '2025-11-17 21:58:36.606343+00', '2025-11-20 21:16:25.583847+00', 'entregado', 'Correa alternador deshilachada', 61, 10, 151362, false);
INSERT INTO public.car_trabajo VALUES (58, '2025-12-11 16:38:10.985832+00', NULL, 'iniciado', 'Fuga aceite 

Cigeal partido', 76, 29, NULL, true);
INSERT INTO public.car_trabajo VALUES (56, '2025-12-05 16:13:47.264225+00', '2025-12-05 16:47:57.104799+00', 'entregado', 'Mantencin aceite', 74, 72, 213201, false);
INSERT INTO public.car_trabajo VALUES (51, '2025-12-02 12:48:25.628896+00', '2025-12-02 15:31:04.65485+00', 'entregado', 'No arranca', 69, 68, NULL, false);


--
-- Data for Name: car_trabajo_componentes; Type: TABLE DATA; Schema: public; Owner: maxgonpe
--

INSERT INTO public.car_trabajo_componentes VALUES (15, 14, 9);
INSERT INTO public.car_trabajo_componentes VALUES (16, 14, 111);
INSERT INTO public.car_trabajo_componentes VALUES (17, 15, 69);
INSERT INTO public.car_trabajo_componentes VALUES (25, 19, 36);
INSERT INTO public.car_trabajo_componentes VALUES (26, 19, 29);
INSERT INTO public.car_trabajo_componentes VALUES (27, 19, 122);
INSERT INTO public.car_trabajo_componentes VALUES (28, 19, 123);
INSERT INTO public.car_trabajo_componentes VALUES (29, 19, 125);
INSERT INTO public.car_trabajo_componentes VALUES (30, 21, 64);
INSERT INTO public.car_trabajo_componentes VALUES (31, 23, 131);
INSERT INTO public.car_trabajo_componentes VALUES (32, 24, 92);
INSERT INTO public.car_trabajo_componentes VALUES (33, 26, 32);
INSERT INTO public.car_trabajo_componentes VALUES (34, 26, 9);
INSERT INTO public.car_trabajo_componentes VALUES (35, 27, 11);
INSERT INTO public.car_trabajo_componentes VALUES (36, 28, 24);
INSERT INTO public.car_trabajo_componentes VALUES (37, 28, 32);
INSERT INTO public.car_trabajo_componentes VALUES (38, 28, 122);
INSERT INTO public.car_trabajo_componentes VALUES (39, 29, 34);
INSERT INTO public.car_trabajo_componentes VALUES (40, 30, 86);
INSERT INTO public.car_trabajo_componentes VALUES (41, 31, 9);
INSERT INTO public.car_trabajo_componentes VALUES (42, 32, 34);
INSERT INTO public.car_trabajo_componentes VALUES (43, 33, 9);
INSERT INTO public.car_trabajo_componentes VALUES (44, 34, 20);
INSERT INTO public.car_trabajo_componentes VALUES (45, 34, 70);
INSERT INTO public.car_trabajo_componentes VALUES (46, 34, 92);
INSERT INTO public.car_trabajo_componentes VALUES (47, 35, 86);
INSERT INTO public.car_trabajo_componentes VALUES (48, 36, 84);
INSERT INTO public.car_trabajo_componentes VALUES (49, 38, 9);
INSERT INTO public.car_trabajo_componentes VALUES (50, 39, 132);
INSERT INTO public.car_trabajo_componentes VALUES (51, 40, 9);
INSERT INTO public.car_trabajo_componentes VALUES (52, 41, 88);
INSERT INTO public.car_trabajo_componentes VALUES (53, 43, 27);
INSERT INTO public.car_trabajo_componentes VALUES (54, 44, 9);
INSERT INTO public.car_trabajo_componentes VALUES (55, 45, 34);
INSERT INTO public.car_trabajo_componentes VALUES (56, 45, 38);
INSERT INTO public.car_trabajo_componentes VALUES (57, 48, 65);
INSERT INTO public.car_trabajo_componentes VALUES (58, 50, 42);
INSERT INTO public.car_trabajo_componentes VALUES (59, 52, 9);
INSERT INTO public.car_trabajo_componentes VALUES (60, 56, 11);
INSERT INTO public.car_trabajo_componentes VALUES (61, 57, 9);


--
-- Data for Name: car_trabajo_mecanicos; Type: TABLE DATA; Schema: public; Owner: maxgonpe
--

INSERT INTO public.car_trabajo_mecanicos VALUES (9, 10, 8);
INSERT INTO public.car_trabajo_mecanicos VALUES (10, 14, 8);
INSERT INTO public.car_trabajo_mecanicos VALUES (11, 15, 8);
INSERT INTO public.car_trabajo_mecanicos VALUES (14, 19, 2);
INSERT INTO public.car_trabajo_mecanicos VALUES (16, 21, 8);
INSERT INTO public.car_trabajo_mecanicos VALUES (17, 22, 8);
INSERT INTO public.car_trabajo_mecanicos VALUES (18, 23, 8);
INSERT INTO public.car_trabajo_mecanicos VALUES (19, 24, 8);
INSERT INTO public.car_trabajo_mecanicos VALUES (20, 25, 8);
INSERT INTO public.car_trabajo_mecanicos VALUES (22, 26, 2);
INSERT INTO public.car_trabajo_mecanicos VALUES (23, 27, 8);
INSERT INTO public.car_trabajo_mecanicos VALUES (24, 30, 2);
INSERT INTO public.car_trabajo_mecanicos VALUES (25, 31, 2);
INSERT INTO public.car_trabajo_mecanicos VALUES (26, 32, 8);
INSERT INTO public.car_trabajo_mecanicos VALUES (27, 28, 8);
INSERT INTO public.car_trabajo_mecanicos VALUES (28, 33, 2);
INSERT INTO public.car_trabajo_mecanicos VALUES (29, 35, 8);
INSERT INTO public.car_trabajo_mecanicos VALUES (30, 29, 2);
INSERT INTO public.car_trabajo_mecanicos VALUES (31, 37, 8);
INSERT INTO public.car_trabajo_mecanicos VALUES (32, 39, 8);
INSERT INTO public.car_trabajo_mecanicos VALUES (33, 36, 8);
INSERT INTO public.car_trabajo_mecanicos VALUES (34, 34, 2);
INSERT INTO public.car_trabajo_mecanicos VALUES (35, 43, 8);
INSERT INTO public.car_trabajo_mecanicos VALUES (36, 40, 8);
INSERT INTO public.car_trabajo_mecanicos VALUES (37, 45, 2);
INSERT INTO public.car_trabajo_mecanicos VALUES (38, 48, 2);
INSERT INTO public.car_trabajo_mecanicos VALUES (39, 47, 2);
INSERT INTO public.car_trabajo_mecanicos VALUES (40, 50, 2);
INSERT INTO public.car_trabajo_mecanicos VALUES (41, 51, 8);
INSERT INTO public.car_trabajo_mecanicos VALUES (42, 46, 2);
INSERT INTO public.car_trabajo_mecanicos VALUES (43, 56, 8);
INSERT INTO public.car_trabajo_mecanicos VALUES (44, 42, 2);
INSERT INTO public.car_trabajo_mecanicos VALUES (45, 52, 2);


--
-- Data for Name: car_trabajoabono; Type: TABLE DATA; Schema: public; Owner: maxgonpe
--

INSERT INTO public.car_trabajoabono VALUES (8, '2025-10-28 20:27:50.320804+00', 100000.00, 'transferencia', 'Abono', 15, 3);
INSERT INTO public.car_trabajoabono VALUES (10, '2025-10-29 18:40:57.723687+00', 60000.00, 'transferencia', 'Pago', 14, 3);
INSERT INTO public.car_trabajoabono VALUES (11, '2025-10-30 18:19:00.960175+00', 75000.00, 'transferencia', 'Pago', 10, 3);
INSERT INTO public.car_trabajoabono VALUES (12, '2025-10-30 20:03:18.496483+00', 67000.00, 'tarjeta', 'Pago', 21, 3);
INSERT INTO public.car_trabajoabono VALUES (13, '2025-10-30 21:54:08.641297+00', 246600.00, 'transferencia', 'Pago', 19, 3);
INSERT INTO public.car_trabajoabono VALUES (14, '2025-11-04 21:12:18.123122+00', 142000.00, 'transferencia', 'Pago', 15, 3);
INSERT INTO public.car_trabajoabono VALUES (15, '2025-11-04 21:36:35.436592+00', 45000.00, 'tarjeta', 'Pago', 22, 3);
INSERT INTO public.car_trabajoabono VALUES (16, '2025-11-04 21:55:18.736324+00', 65000.00, 'efectivo', 'Pago', 23, 3);
INSERT INTO public.car_trabajoabono VALUES (17, '2025-11-05 21:08:51.848675+00', 20000.00, 'efectivo', 'Pago', 24, 3);
INSERT INTO public.car_trabajoabono VALUES (18, '2025-11-06 11:02:06.269232+00', 200000.00, 'transferencia', 'Abono', 25, 3);
INSERT INTO public.car_trabajoabono VALUES (19, '2025-11-07 15:27:19.547848+00', 57000.00, 'efectivo', 'Pago', 27, 3);
INSERT INTO public.car_trabajoabono VALUES (20, '2025-11-07 18:44:42.008824+00', 100000.00, 'efectivo', 'Abono', 25, 3);
INSERT INTO public.car_trabajoabono VALUES (21, '2025-11-07 19:54:27.453767+00', 135000.00, 'efectivo', 'Pago', 26, 3);
INSERT INTO public.car_trabajoabono VALUES (22, '2025-11-10 20:06:28.725915+00', 820000.00, 'transferencia', 'Pago repuestos', 29, 3);
INSERT INTO public.car_trabajoabono VALUES (23, '2025-11-11 16:24:22.985004+00', 455000.00, 'efectivo', 'Pago', 25, 3);
INSERT INTO public.car_trabajoabono VALUES (24, '2025-11-11 16:42:25.733395+00', 25000.00, 'tarjeta', 'Pago', 30, 3);
INSERT INTO public.car_trabajoabono VALUES (25, '2025-11-11 17:26:45.505571+00', 165000.00, 'efectivo', 'Abono', 31, 3);
INSERT INTO public.car_trabajoabono VALUES (26, '2025-11-12 14:25:07.912453+00', 25000.00, 'tarjeta', 'Pago', 33, 3);
INSERT INTO public.car_trabajoabono VALUES (27, '2025-11-12 18:21:10.218383+00', 90000.00, 'transferencia', 'Abono', 34, 3);
INSERT INTO public.car_trabajoabono VALUES (28, '2025-11-13 16:15:22.074158+00', 77000.00, 'tarjeta', 'Abono', 35, 3);
INSERT INTO public.car_trabajoabono VALUES (29, '2025-11-13 19:59:01.448115+00', 440000.00, 'transferencia', 'Pago', 29, 3);
INSERT INTO public.car_trabajoabono VALUES (30, '2025-11-15 12:47:18.436666+00', 160000.00, 'efectivo', 'Pago', 39, 3);
INSERT INTO public.car_trabajoabono VALUES (31, '2025-11-17 14:40:43.39723+00', 9800.00, 'efectivo', '', 31, 3);
INSERT INTO public.car_trabajoabono VALUES (32, '2025-11-17 14:41:43.112282+00', 145000.00, 'efectivo', '', 28, 3);
INSERT INTO public.car_trabajoabono VALUES (33, '2025-11-17 16:24:12.799885+00', 210000.00, 'transferencia', 'Pago bandejas', 41, 3);
INSERT INTO public.car_trabajoabono VALUES (34, '2025-11-17 18:37:47.932953+00', 230000.00, 'tarjeta', 'Pago', 34, 3);
INSERT INTO public.car_trabajoabono VALUES (35, '2025-11-18 14:26:25.330319+00', 200000.00, 'tarjeta', 'Pago', 36, 3);
INSERT INTO public.car_trabajoabono VALUES (36, '2025-11-18 22:05:52.64821+00', 54000.00, 'transferencia', 'Pago difrencia', 35, 3);
INSERT INTO public.car_trabajoabono VALUES (37, '2025-11-20 20:17:14.027488+00', 25000.00, 'efectivo', 'Pago', 44, 3);
INSERT INTO public.car_trabajoabono VALUES (38, '2025-11-20 21:16:08.289206+00', 122000.00, 'transferencia', 'Pago', 43, 3);
INSERT INTO public.car_trabajoabono VALUES (39, '2025-11-21 21:57:39.901862+00', 295000.00, 'tarjeta', 'Pago', 45, 3);
INSERT INTO public.car_trabajoabono VALUES (41, '2025-11-24 14:48:41.053535+00', 300000.00, 'transferencia', 'Abono', 40, 3);
INSERT INTO public.car_trabajoabono VALUES (42, '2025-11-24 19:02:20.950769+00', 200000.00, 'transferencia', 'Abono', 46, 3);
INSERT INTO public.car_trabajoabono VALUES (43, '2025-11-25 20:54:24.721325+00', 40000.00, 'efectivo', '', 47, 3);
INSERT INTO public.car_trabajoabono VALUES (44, '2025-11-25 20:55:01.292883+00', 30000.00, 'tarjeta', '', 48, 3);
INSERT INTO public.car_trabajoabono VALUES (45, '2025-11-26 19:30:10.49617+00', 300000.00, 'efectivo', 'Abono', 40, 3);
INSERT INTO public.car_trabajoabono VALUES (46, '2025-12-01 11:58:20.425938+00', 40000.00, 'transferencia', 'Pago', 49, 3);
INSERT INTO public.car_trabajoabono VALUES (47, '2025-12-01 11:59:44.919323+00', 108000.00, 'transferencia', 'Rectificadora', 46, 3);
INSERT INTO public.car_trabajoabono VALUES (48, '2025-12-02 12:18:55.412749+00', 200000.00, 'transferencia', 'Abono', 38, 3);
INSERT INTO public.car_trabajoabono VALUES (49, '2025-12-02 12:44:05.581884+00', 60000.00, 'efectivo', 'Abono', 51, 3);
INSERT INTO public.car_trabajoabono VALUES (50, '2025-12-02 15:30:36.302775+00', 44000.00, 'efectivo', 'Pago', 51, 3);
INSERT INTO public.car_trabajoabono VALUES (51, '2025-12-03 16:44:37.560805+00', 190000.00, 'efectivo', 'Pago', 50, 3);
INSERT INTO public.car_trabajoabono VALUES (52, '2025-12-03 20:37:47.421661+00', 100000.00, 'tarjeta', 'Pago', 53, 3);
INSERT INTO public.car_trabajoabono VALUES (53, '2025-12-04 21:21:33.319301+00', 100000.00, 'tarjeta', 'Pago', 55, 3);
INSERT INTO public.car_trabajoabono VALUES (54, '2025-12-05 16:48:08.376172+00', 68000.00, 'tarjeta', 'Pago', 56, 3);
INSERT INTO public.car_trabajoabono VALUES (55, '2025-12-06 12:20:10.9118+00', 600000.00, 'tarjeta', 'Pago', 40, 3);
INSERT INTO public.car_trabajoabono VALUES (56, '2025-12-06 12:48:25.043808+00', 800000.00, 'efectivo', 'Pago', 46, 3);
INSERT INTO public.car_trabajoabono VALUES (57, '2025-12-06 13:14:55.864083+00', 150000.00, 'efectivo', 'Abono', 42, 3);
INSERT INTO public.car_trabajoabono VALUES (58, '2025-12-09 12:24:28.841169+00', 100000.00, 'transferencia', 'Abono', 52, 3);
INSERT INTO public.car_trabajoabono VALUES (59, '2025-12-11 17:30:06.217162+00', 420000.00, 'transferencia', 'Abono', 58, 3);


--
-- Data for Name: car_trabajoaccion; Type: TABLE DATA; Schema: public; Owner: maxgonpe
--

INSERT INTO public.car_trabajoaccion VALUES (57, 10000.00, 30, 92, 24, true, NULL, 2);
INSERT INTO public.car_trabajoaccion VALUES (103, 65000.00, 32, 145, 53, true, NULL, 1);
INSERT INTO public.car_trabajoaccion VALUES (31, 35000.00, 30, 35, 10, true, NULL, 1);
INSERT INTO public.car_trabajoaccion VALUES (32, 25000.00, 8, 9, 10, true, NULL, 1);
INSERT INTO public.car_trabajoaccion VALUES (78, 15000.00, 7, 9, 40, true, NULL, 1);
INSERT INTO public.car_trabajoaccion VALUES (34, 15000.00, 7, 9, 10, true, NULL, 1);
INSERT INTO public.car_trabajoaccion VALUES (61, 20000.00, 30, 11, 27, true, NULL, 1);
INSERT INTO public.car_trabajoaccion VALUES (60, 90000.00, 31, 6, 26, true, NULL, 1);
INSERT INTO public.car_trabajoaccion VALUES (66, 25000.00, 8, 9, 30, true, NULL, 1);
INSERT INTO public.car_trabajoaccion VALUES (58, 350000.00, 31, 127, 25, true, NULL, 1);
INSERT INTO public.car_trabajoaccion VALUES (39, 15000.00, 30, 111, 14, true, NULL, 1);
INSERT INTO public.car_trabajoaccion VALUES (40, 15000.00, 7, 9, 14, true, NULL, 1);
INSERT INTO public.car_trabajoaccion VALUES (63, 10000.00, 30, 24, 28, true, NULL, 1);
INSERT INTO public.car_trabajoaccion VALUES (67, 15000.00, 7, 9, 31, true, NULL, 1);
INSERT INTO public.car_trabajoaccion VALUES (69, 35000.00, 30, 86, 31, true, NULL, 2);
INSERT INTO public.car_trabajoaccion VALUES (62, 20000.00, 30, 122, 28, true, NULL, 1);
INSERT INTO public.car_trabajoaccion VALUES (46, 45000.00, 30, 125, 19, true, NULL, 1);
INSERT INTO public.car_trabajoaccion VALUES (50, 30000.00, 30, 36, 19, true, NULL, 1);
INSERT INTO public.car_trabajoaccion VALUES (49, 40000.00, 31, 123, 19, true, NULL, 1);
INSERT INTO public.car_trabajoaccion VALUES (47, 20000.00, 30, 122, 19, true, NULL, 1);
INSERT INTO public.car_trabajoaccion VALUES (64, 20000.00, 30, 32, 28, true, NULL, 1);
INSERT INTO public.car_trabajoaccion VALUES (48, 40000.00, 30, 29, 19, true, NULL, 1);
INSERT INTO public.car_trabajoaccion VALUES (70, 25000.00, 8, 9, 33, true, NULL, 1);
INSERT INTO public.car_trabajoaccion VALUES (68, 140000.00, 30, 34, 32, true, NULL, 1);
INSERT INTO public.car_trabajoaccion VALUES (52, 60000.00, 30, 38, 19, true, NULL, 1);
INSERT INTO public.car_trabajoaccion VALUES (65, 400000.00, 32, 34, 29, true, NULL, 1);
INSERT INTO public.car_trabajoaccion VALUES (41, 50000.00, 31, 69, 15, true, NULL, 1);
INSERT INTO public.car_trabajoaccion VALUES (55, 45000.00, 35, 129, 22, true, NULL, 1);
INSERT INTO public.car_trabajoaccion VALUES (56, 65000.00, 32, 131, 23, true, NULL, 1);
INSERT INTO public.car_trabajoaccion VALUES (73, 35000.00, 30, 86, 35, true, NULL, 2);
INSERT INTO public.car_trabajoaccion VALUES (75, 15000.00, 7, 9, 38, true, NULL, 1);
INSERT INTO public.car_trabajoaccion VALUES (77, 90000.00, 30, 132, 39, true, NULL, 1);
INSERT INTO public.car_trabajoaccion VALUES (92, 350000.00, 31, 127, 40, true, NULL, 1);
INSERT INTO public.car_trabajoaccion VALUES (74, 35000.00, 30, 84, 36, true, NULL, 2);
INSERT INTO public.car_trabajoaccion VALUES (71, 130000.00, 31, 70, 34, true, NULL, 1);
INSERT INTO public.car_trabajoaccion VALUES (85, 25000.00, 8, 9, 44, true, NULL, 1);
INSERT INTO public.car_trabajoaccion VALUES (79, 70000.00, 31, 88, 41, true, NULL, 2);
INSERT INTO public.car_trabajoaccion VALUES (83, 50000.00, 30, 6, 43, true, NULL, 1);
INSERT INTO public.car_trabajoaccion VALUES (89, 50000.00, 32, 135, 45, true, NULL, 1);
INSERT INTO public.car_trabajoaccion VALUES (86, 10000.00, 30, 38, 45, true, NULL, 2);
INSERT INTO public.car_trabajoaccion VALUES (87, 140000.00, 30, 34, 45, true, NULL, 1);
INSERT INTO public.car_trabajoaccion VALUES (88, 50000.00, 30, 139, 45, true, NULL, 1);
INSERT INTO public.car_trabajoaccion VALUES (91, 40000.00, 9, 9, 47, true, NULL, 1);
INSERT INTO public.car_trabajoaccion VALUES (90, 30000.00, 32, 65, 48, true, NULL, 1);
INSERT INTO public.car_trabajoaccion VALUES (94, 40000.00, 31, 141, 49, true, NULL, 1);
INSERT INTO public.car_trabajoaccion VALUES (96, 40000.00, 30, 142, 38, false, NULL, 1);
INSERT INTO public.car_trabajoaccion VALUES (97, 60000.00, 30, 138, 38, false, NULL, 1);
INSERT INTO public.car_trabajoaccion VALUES (98, 60000.00, 31, 86, 38, false, NULL, 2);
INSERT INTO public.car_trabajoaccion VALUES (99, 15000.00, 30, 143, 38, false, NULL, 1);
INSERT INTO public.car_trabajoaccion VALUES (100, 40000.00, 30, 144, 51, true, NULL, 1);
INSERT INTO public.car_trabajoaccion VALUES (101, 90000.00, 31, 42, 50, true, NULL, 1);
INSERT INTO public.car_trabajoaccion VALUES (104, 30000.00, 30, 112, 55, true, NULL, 1);
INSERT INTO public.car_trabajoaccion VALUES (105, 20000.00, 30, 146, 55, true, NULL, 1);
INSERT INTO public.car_trabajoaccion VALUES (106, 20000.00, 30, 11, 56, true, NULL, 1);
INSERT INTO public.car_trabajoaccion VALUES (93, 580000.00, 31, 128, 46, true, NULL, 1);
INSERT INTO public.car_trabajoaccion VALUES (80, 15000.00, 7, 9, 42, true, NULL, 1);
INSERT INTO public.car_trabajoaccion VALUES (81, 150000.00, 31, 134, 42, true, NULL, 1);
INSERT INTO public.car_trabajoaccion VALUES (76, 300000.00, 31, 97, 37, true, NULL, 1);
INSERT INTO public.car_trabajoaccion VALUES (108, 25000.00, 8, 9, 57, true, NULL, 1);
INSERT INTO public.car_trabajoaccion VALUES (102, 25000.00, 8, 9, 52, true, NULL, 1);
INSERT INTO public.car_trabajoaccion VALUES (107, 80000.00, 31, 29, 52, true, NULL, 1);


--
-- Data for Name: car_trabajoadicional; Type: TABLE DATA; Schema: public; Owner: maxgonpe
--

INSERT INTO public.car_trabajoadicional VALUES (8, 'Rectificadora', 59000.00, '2025-11-06 15:17:48.082809+00', 25, 3, false);
INSERT INTO public.car_trabajoadicional VALUES (9, 'Tapas traseras levas', 10000.00, '2025-11-07 17:03:21.934462+00', 26, 3, false);
INSERT INTO public.car_trabajoadicional VALUES (10, 'Descuento bomba de agua', 4000.00, '2025-11-07 17:05:57.526344+00', 26, 3, true);
INSERT INTO public.car_trabajoadicional VALUES (11, 'Filtro bencina Bosch', 10000.00, '2025-11-07 20:12:50.57715+00', 25, 3, false);
INSERT INTO public.car_trabajoadicional VALUES (12, 'Descuento volante', 20000.00, '2025-11-10 20:05:27.259236+00', 29, 3, true);
INSERT INTO public.car_trabajoadicional VALUES (13, 'Descuento kit embrague', 20000.00, '2025-11-10 20:05:41.384891+00', 29, 3, true);
INSERT INTO public.car_trabajoadicional VALUES (14, 'Abrazaderas', 2000.00, '2025-11-10 21:58:50.486919+00', 25, 3, false);
INSERT INTO public.car_trabajoadicional VALUES (15, 'Cambio motor alzavidrios', 30000.00, '2025-11-10 23:03:16.297606+00', 25, 3, false);
INSERT INTO public.car_trabajoadicional VALUES (17, 'Descuento embrague', 25000.00, '2025-11-11 13:54:01.713638+00', 32, 3, true);
INSERT INTO public.car_trabajoadicional VALUES (18, 'Descuento', 3600.00, '2025-11-11 16:24:09.00334+00', 25, 3, true);
INSERT INTO public.car_trabajoadicional VALUES (19, 'Descuento amortiguadores', 26000.00, '2025-11-11 17:28:01.514219+00', 31, 3, true);
INSERT INTO public.car_trabajoadicional VALUES (21, 'Descuento', 6000.00, '2025-11-11 18:02:19.078592+00', 28, 3, true);
INSERT INTO public.car_trabajoadicional VALUES (22, 'Descuento terminales', 6000.00, '2025-11-12 16:26:48.443811+00', 32, 3, true);
INSERT INTO public.car_trabajoadicional VALUES (23, 'Descuento amortiguadores', 14000.00, '2025-11-13 12:43:39.807418+00', 35, 3, true);
INSERT INTO public.car_trabajoadicional VALUES (24, 'Liquido de freno (embrague)', 6000.00, '2025-11-13 16:11:08.844856+00', 29, 3, false);
INSERT INTO public.car_trabajoadicional VALUES (25, 'Descuento', 2000.00, '2025-11-13 19:58:45.491565+00', 29, 3, true);
INSERT INTO public.car_trabajoadicional VALUES (28, 'Vlvulas tranccin', 35000.00, '2025-11-13 21:35:53.540955+00', 37, 3, false);
INSERT INTO public.car_trabajoadicional VALUES (29, 'Descuento cremallera', 10000.00, '2025-11-14 14:16:52.255121+00', 34, 3, true);
INSERT INTO public.car_trabajoadicional VALUES (31, 'Gra', 35000.00, '2025-11-17 12:09:51.1872+00', 37, 3, false);
INSERT INTO public.car_trabajoadicional VALUES (33, 'Descuento rodamientos', 10000.00, '2025-11-17 14:33:10.85143+00', 36, 3, true);
INSERT INTO public.car_trabajoadicional VALUES (34, 'Bandejas superiores delanteras', 180000.00, '2025-11-17 16:43:02.665634+00', 41, 3, false);
INSERT INTO public.car_trabajoadicional VALUES (35, 'Descuento', 6000.00, '2025-11-17 17:29:26.886281+00', 36, 3, true);
INSERT INTO public.car_trabajoadicional VALUES (36, 'Descuento', 3000.00, '2025-11-17 17:40:29.223699+00', 34, 3, true);
INSERT INTO public.car_trabajoadicional VALUES (37, 'Aceite 5W-30 1L', 13000.00, '2025-11-17 17:46:51.089948+00', 40, 3, false);
INSERT INTO public.car_trabajoadicional VALUES (39, 'Aceite caja 75w-90 (2L)', 30000.00, '2025-11-21 20:04:35.248319+00', 45, 3, false);
INSERT INTO public.car_trabajoadicional VALUES (40, 'Descuento', 4600.00, '2025-11-21 20:10:36.506244+00', 45, 3, true);
INSERT INTO public.car_trabajoadicional VALUES (41, 'Descuento Juego empaquetaduras', 5000.00, '2025-11-26 15:36:04.818328+00', 40, 3, true);
INSERT INTO public.car_trabajoadicional VALUES (42, 'Descuento kit distribucin', 30000.00, '2025-11-26 15:36:39.087727+00', 40, 3, true);
INSERT INTO public.car_trabajoadicional VALUES (43, 'Descuento pernos de culata', 10000.00, '2025-11-26 15:37:11.704965+00', 40, 3, true);
INSERT INTO public.car_trabajoadicional VALUES (44, 'Rectificadora', 124000.00, '2025-11-28 11:57:18.439711+00', 40, 3, false);
INSERT INTO public.car_trabajoadicional VALUES (45, 'Rectificadora', 108000.00, '2025-11-28 11:57:49.787855+00', 46, 3, false);
INSERT INTO public.car_trabajoadicional VALUES (46, 'Correa distribucin Original', 90000.00, '2025-11-28 12:23:16.40407+00', 46, 3, false);
INSERT INTO public.car_trabajoadicional VALUES (48, 'Descuento piones', 40000.00, '2025-12-01 11:57:38.165614+00', 40, 3, true);
INSERT INTO public.car_trabajoadicional VALUES (49, 'Rodamiento maza (Japn)', 30000.00, '2025-12-01 18:14:00.243187+00', 50, 3, false);
INSERT INTO public.car_trabajoadicional VALUES (50, 'Cambio rodamiento', 50000.00, '2025-12-01 18:14:33.054793+00', 50, 3, false);
INSERT INTO public.car_trabajoadicional VALUES (53, 'Prisioneros y tuercas', 10000.00, '2025-12-01 21:06:59.378424+00', 40, 3, false);
INSERT INTO public.car_trabajoadicional VALUES (54, 'Descuento motor de partida', 26000.00, '2025-12-02 12:43:45.911367+00', 51, 3, true);
INSERT INTO public.car_trabajoadicional VALUES (55, 'Perno rueda', 1500.00, '2025-12-02 16:25:29.211247+00', 50, 3, false);
INSERT INTO public.car_trabajoadicional VALUES (56, 'Aceite 80w-90 2L', 20000.00, '2025-12-02 16:34:01.179047+00', 50, 3, false);
INSERT INTO public.car_trabajoadicional VALUES (57, 'Descuento', 1500.00, '2025-12-02 20:21:12.40435+00', 50, 3, true);
INSERT INTO public.car_trabajoadicional VALUES (58, 'Descuento amortiguadores', 10000.00, '2025-12-03 14:23:42.604387+00', 38, 3, true);
INSERT INTO public.car_trabajoadicional VALUES (59, 'Descuento balatas', 10000.00, '2025-12-03 14:24:04.000342+00', 38, 3, true);
INSERT INTO public.car_trabajoadicional VALUES (60, 'Descuento empaquetadura', 3000.00, '2025-12-03 14:24:23.164315+00', 38, 3, true);
INSERT INTO public.car_trabajoadicional VALUES (61, 'Descuento mano de obra', 20000.00, '2025-12-03 14:25:32.263344+00', 38, 3, true);
INSERT INTO public.car_trabajoadicional VALUES (62, 'Reparacin flexible', 30000.00, '2025-12-03 20:01:16.02213+00', 53, 3, false);
INSERT INTO public.car_trabajoadicional VALUES (63, 'Descuento', 2000.00, '2025-12-03 20:05:03.195633+00', 53, 3, true);
INSERT INTO public.car_trabajoadicional VALUES (64, 'Prisioneros 2', 3000.00, '2025-12-04 17:53:56.677636+00', 40, 3, false);
INSERT INTO public.car_trabajoadicional VALUES (65, 'Filtro aceite w712/81', 5000.00, '2025-12-04 17:54:58.087801+00', 40, 3, false);
INSERT INTO public.car_trabajoadicional VALUES (66, 'Filtro combustible wk55/3', 6000.00, '2025-12-04 17:55:23.627948+00', 40, 3, false);
INSERT INTO public.car_trabajoadicional VALUES (67, 'Filtro de aire', 8000.00, '2025-12-04 18:07:22.287542+00', 40, 3, false);
INSERT INTO public.car_trabajoadicional VALUES (69, 'Filtro Aire', 9000.00, '2025-12-05 14:03:24.759076+00', 46, 3, false);
INSERT INTO public.car_trabajoadicional VALUES (70, 'Filtro Diesel', 6000.00, '2025-12-05 14:03:42.465614+00', 46, 3, false);
INSERT INTO public.car_trabajoadicional VALUES (71, 'Golillas', 5000.00, '2025-12-05 18:38:29.932302+00', 46, 3, false);
INSERT INTO public.car_trabajoadicional VALUES (73, 'Descuento', 14000.00, '2025-12-06 12:19:56.934269+00', 40, 3, true);
INSERT INTO public.car_trabajoadicional VALUES (74, 'Descuento', 8000.00, '2025-12-06 12:48:06.525339+00', 46, 3, true);
INSERT INTO public.car_trabajoadicional VALUES (75, 'Pernos, Prisioneros, Tuercas, Mangueras, Abrazaderas', 20000.00, '2025-12-10 21:29:17.167421+00', 38, 3, false);
INSERT INTO public.car_trabajoadicional VALUES (78, 'Descuentos varios', 85000.00, '2025-12-11 17:29:36.776506+00', 58, 3, true);


--
-- Data for Name: car_trabajofoto; Type: TABLE DATA; Schema: public; Owner: maxgonpe
--

INSERT INTO public.car_trabajofoto VALUES (17, 'trabajos/fotos/2025/11/06/1000062649.jpg', 'Perno de calador de distribucin rodado ', '2025-11-06 20:12:56.719048+00', 26);
INSERT INTO public.car_trabajofoto VALUES (18, 'trabajos/fotos/2025/11/06/1000062656.jpg', '', '2025-11-06 20:25:03.695179+00', 26);
INSERT INTO public.car_trabajofoto VALUES (19, 'trabajos/fotos/2025/11/06/1000062655.jpg', '', '2025-11-06 20:25:17.664576+00', 26);


--
-- Data for Name: car_trabajorepuesto; Type: TABLE DATA; Schema: public; Owner: maxgonpe
--

INSERT INTO public.car_trabajorepuesto VALUES (72, 1, 65000.00, 65000.00, 233, 39, NULL, true, NULL, NULL);
INSERT INTO public.car_trabajorepuesto VALUES (35, 1, 30000.00, 30000.00, 3, 27, NULL, true, NULL, NULL);
INSERT INTO public.car_trabajorepuesto VALUES (36, 1, 7000.00, 7000.00, 181, 27, NULL, true, NULL, NULL);
INSERT INTO public.car_trabajorepuesto VALUES (32, 1, 39000.00, 39000.00, 123, 26, NULL, true, NULL, NULL);
INSERT INTO public.car_trabajorepuesto VALUES (15, 1, 30000.00, 30000.00, 192, 14, NULL, true, NULL, NULL);
INSERT INTO public.car_trabajorepuesto VALUES (31, 1, 30000.00, 30000.00, 3, 25, NULL, true, NULL, NULL);
INSERT INTO public.car_trabajorepuesto VALUES (43, 1, 62000.00, 62000.00, 207, 25, NULL, true, NULL, NULL);
INSERT INTO public.car_trabajorepuesto VALUES (42, 1, 30000.00, 30000.00, 212, 25, NULL, true, NULL, NULL);
INSERT INTO public.car_trabajorepuesto VALUES (41, 1, 65000.00, 65000.00, 208, 25, NULL, true, NULL, NULL);
INSERT INTO public.car_trabajorepuesto VALUES (40, 1, 6000.00, 6000.00, 211, 25, NULL, true, NULL, NULL);
INSERT INTO public.car_trabajorepuesto VALUES (39, 1, 32000.00, 32000.00, 209, 25, NULL, true, NULL, NULL);
INSERT INTO public.car_trabajorepuesto VALUES (37, 1, 6000.00, 6000.00, 213, 25, NULL, true, NULL, NULL);
INSERT INTO public.car_trabajorepuesto VALUES (38, 1, 60000.00, 60000.00, 210, 25, NULL, true, NULL, NULL);
INSERT INTO public.car_trabajorepuesto VALUES (51, 1, 15000.00, 15000.00, 10, 25, NULL, true, NULL, NULL);
INSERT INTO public.car_trabajorepuesto VALUES (53, 2, 800.00, 1600.00, 147, 25, NULL, true, NULL, NULL);
INSERT INTO public.car_trabajorepuesto VALUES (47, 1, 32000.00, 32000.00, 214, 28, NULL, true, NULL, NULL);
INSERT INTO public.car_trabajorepuesto VALUES (28, 1, 52000.00, 52000.00, 196, 21, NULL, true, NULL, NULL);
INSERT INTO public.car_trabajorepuesto VALUES (30, 1, 15000.00, 15000.00, 10, 21, NULL, true, NULL, NULL);
INSERT INTO public.car_trabajorepuesto VALUES (26, 2, 5000.00, 10000.00, 112, 19, NULL, true, NULL, NULL);
INSERT INTO public.car_trabajorepuesto VALUES (27, 2, 800.00, 1600.00, 147, 19, NULL, true, NULL, NULL);
INSERT INTO public.car_trabajorepuesto VALUES (16, 1, 7000.00, 7000.00, 17, 15, NULL, true, NULL, NULL);
INSERT INTO public.car_trabajorepuesto VALUES (18, 1, 35000.00, 35000.00, 194, 15, NULL, true, NULL, NULL);
INSERT INTO public.car_trabajorepuesto VALUES (17, 1, 150000.00, 150000.00, 195, 15, NULL, true, NULL, NULL);
INSERT INTO public.car_trabajorepuesto VALUES (48, 2, 19000.00, 38000.00, 220, 31, NULL, true, NULL, NULL);
INSERT INTO public.car_trabajorepuesto VALUES (49, 1, 35000.00, 35000.00, 218, 31, NULL, true, NULL, NULL);
INSERT INTO public.car_trabajorepuesto VALUES (50, 1, 35000.00, 35000.00, 219, 31, NULL, true, NULL, NULL);
INSERT INTO public.car_trabajorepuesto VALUES (56, 1, 1000.00, 1000.00, 146, 31, NULL, true, NULL, NULL);
INSERT INTO public.car_trabajorepuesto VALUES (57, 1, 1000.00, 1000.00, 154, 31, NULL, true, NULL, NULL);
INSERT INTO public.car_trabajorepuesto VALUES (58, 1, 800.00, 800.00, 147, 31, NULL, true, NULL, NULL);
INSERT INTO public.car_trabajorepuesto VALUES (59, 1, 5000.00, 5000.00, 8, 31, NULL, true, NULL, NULL);
INSERT INTO public.car_trabajorepuesto VALUES (55, 1, 35000.00, 35000.00, 222, 28, NULL, true, NULL, NULL);
INSERT INTO public.car_trabajorepuesto VALUES (60, 2, 17000.00, 34000.00, 223, 28, NULL, true, NULL, NULL);
INSERT INTO public.car_trabajorepuesto VALUES (52, 1, 100000.00, 100000.00, 221, 32, NULL, true, NULL, NULL);
INSERT INTO public.car_trabajorepuesto VALUES (61, 2, 15000.00, 30000.00, 226, 32, NULL, true, NULL, NULL);
INSERT INTO public.car_trabajorepuesto VALUES (45, 1, 380000.00, 380000.00, 216, 29, NULL, true, NULL, NULL);
INSERT INTO public.car_trabajorepuesto VALUES (46, 1, 480000.00, 480000.00, 217, 29, NULL, true, NULL, NULL);
INSERT INTO public.car_trabajorepuesto VALUES (64, 3, 12000.00, 36000.00, 16, 29, NULL, true, NULL, NULL);
INSERT INTO public.car_trabajorepuesto VALUES (62, 1, 35000.00, 35000.00, 228, 35, NULL, true, NULL, NULL);
INSERT INTO public.car_trabajorepuesto VALUES (63, 1, 35000.00, 35000.00, 227, 35, NULL, true, NULL, NULL);
INSERT INTO public.car_trabajorepuesto VALUES (65, 1, 5000.00, 5000.00, 8, 35, NULL, true, NULL, NULL);
INSERT INTO public.car_trabajorepuesto VALUES (71, 1, 5000.00, 5000.00, 8, 39, NULL, true, NULL, NULL);
INSERT INTO public.car_trabajorepuesto VALUES (73, 2, 45000.00, 90000.00, 235, 36, NULL, true, NULL, NULL);
INSERT INTO public.car_trabajorepuesto VALUES (74, 2, 28000.00, 56000.00, 234, 36, NULL, true, NULL, NULL);
INSERT INTO public.car_trabajorepuesto VALUES (66, 2, 15000.00, 30000.00, 232, 34, NULL, true, NULL, NULL);
INSERT INTO public.car_trabajorepuesto VALUES (67, 1, 18000.00, 18000.00, 231, 34, NULL, true, NULL, NULL);
INSERT INTO public.car_trabajorepuesto VALUES (68, 1, 18000.00, 18000.00, 230, 34, NULL, true, NULL, NULL);
INSERT INTO public.car_trabajorepuesto VALUES (69, 1, 130000.00, 130000.00, 229, 34, NULL, true, NULL, NULL);
INSERT INTO public.car_trabajorepuesto VALUES (70, 1, 7000.00, 7000.00, 17, 34, NULL, true, NULL, NULL);
INSERT INTO public.car_trabajorepuesto VALUES (75, 1, 30000.00, 30000.00, 236, 43, NULL, true, NULL, NULL);
INSERT INTO public.car_trabajorepuesto VALUES (76, 1, 27000.00, 27000.00, 237, 43, NULL, true, NULL, NULL);
INSERT INTO public.car_trabajorepuesto VALUES (77, 1, 15000.00, 15000.00, 10, 43, NULL, true, NULL, NULL);
INSERT INTO public.car_trabajorepuesto VALUES (78, 1, 8000.00, 8000.00, 180, 45, NULL, true, NULL, NULL);
INSERT INTO public.car_trabajorepuesto VALUES (79, 2, 800.00, 1600.00, 147, 45, NULL, true, NULL, NULL);
INSERT INTO public.car_trabajorepuesto VALUES (91, 1, 90000.00, 90000.00, 249, 51, NULL, true, NULL, NULL);
INSERT INTO public.car_trabajorepuesto VALUES (92, 2, 45000.00, 90000.00, 251, 38, NULL, false, NULL, NULL);
INSERT INTO public.car_trabajorepuesto VALUES (93, 1, 60000.00, 60000.00, 250, 38, NULL, false, NULL, NULL);
INSERT INTO public.car_trabajorepuesto VALUES (94, 1, 25000.00, 25000.00, 252, 38, NULL, false, NULL, NULL);
INSERT INTO public.car_trabajorepuesto VALUES (95, 1, 15000.00, 15000.00, 10, 54, NULL, false, NULL, NULL);
INSERT INTO public.car_trabajorepuesto VALUES (96, 1, 7000.00, 7000.00, 17, 53, NULL, true, NULL, NULL);
INSERT INTO public.car_trabajorepuesto VALUES (81, 1, 50000.00, 50000.00, 241, 40, NULL, true, NULL, NULL);
INSERT INTO public.car_trabajorepuesto VALUES (82, 1, 90000.00, 90000.00, 243, 40, NULL, true, NULL, NULL);
INSERT INTO public.car_trabajorepuesto VALUES (83, 1, 150000.00, 150000.00, 242, 40, NULL, true, NULL, NULL);
INSERT INTO public.car_trabajorepuesto VALUES (84, 1, 140000.00, 140000.00, 240, 40, NULL, true, NULL, NULL);
INSERT INTO public.car_trabajorepuesto VALUES (89, 1, 125000.00, 125000.00, 247, 40, NULL, true, NULL, NULL);
INSERT INTO public.car_trabajorepuesto VALUES (90, 1, 125000.00, 125000.00, 248, 40, NULL, true, NULL, NULL);
INSERT INTO public.car_trabajorepuesto VALUES (97, 1, 55000.00, 55000.00, 5, 40, NULL, true, NULL, NULL);
INSERT INTO public.car_trabajorepuesto VALUES (98, 1, 50000.00, 50000.00, 255, 55, NULL, true, NULL, NULL);
INSERT INTO public.car_trabajorepuesto VALUES (99, 2, 10000.00, 20000.00, 9, 40, NULL, true, NULL, NULL);
INSERT INTO public.car_trabajorepuesto VALUES (100, 1, 10000.00, 10000.00, 256, 40, NULL, true, NULL, NULL);
INSERT INTO public.car_trabajorepuesto VALUES (103, 1, 30000.00, 30000.00, 3, 56, NULL, true, NULL, NULL);
INSERT INTO public.car_trabajorepuesto VALUES (104, 1, 6000.00, 6000.00, 213, 56, NULL, true, NULL, NULL);
INSERT INTO public.car_trabajorepuesto VALUES (105, 1, 6000.00, 6000.00, 211, 56, NULL, true, NULL, NULL);
INSERT INTO public.car_trabajorepuesto VALUES (106, 1, 6000.00, 6000.00, 257, 56, NULL, true, NULL, NULL);
INSERT INTO public.car_trabajorepuesto VALUES (107, 2, 15000.00, 30000.00, 10, 46, NULL, true, NULL, NULL);
INSERT INTO public.car_trabajorepuesto VALUES (102, 1, 10000.00, 10000.00, 183, 46, NULL, true, NULL, NULL);
INSERT INTO public.car_trabajorepuesto VALUES (101, 1, 58000.00, 58000.00, 254, 46, NULL, true, NULL, NULL);
INSERT INTO public.car_trabajorepuesto VALUES (88, 1, 80000.00, 80000.00, 246, 46, NULL, true, NULL, NULL);
INSERT INTO public.car_trabajorepuesto VALUES (87, 1, 60000.00, 60000.00, 245, 46, NULL, true, NULL, NULL);
INSERT INTO public.car_trabajorepuesto VALUES (86, 1, 80000.00, 80000.00, 244, 46, NULL, true, NULL, NULL);
INSERT INTO public.car_trabajorepuesto VALUES (80, 1, 10000.00, 10000.00, 239, 37, NULL, true, NULL, NULL);
INSERT INTO public.car_trabajorepuesto VALUES (110, 1, 20000.00, 20000.00, 260, 58, NULL, false, NULL, NULL);
INSERT INTO public.car_trabajorepuesto VALUES (111, 1, 35000.00, 35000.00, 261, 58, NULL, false, NULL, NULL);
INSERT INTO public.car_trabajorepuesto VALUES (112, 1, 50000.00, 50000.00, 262, 58, NULL, false, NULL, NULL);
INSERT INTO public.car_trabajorepuesto VALUES (113, 1, 160000.00, 160000.00, 263, 58, NULL, false, NULL, NULL);
INSERT INTO public.car_trabajorepuesto VALUES (114, 1, 260000.00, 260000.00, 264, 58, NULL, false, NULL, NULL);
INSERT INTO public.car_trabajorepuesto VALUES (108, 2, 15000.00, 30000.00, 10, 52, NULL, true, NULL, NULL);
INSERT INTO public.car_trabajorepuesto VALUES (109, 1, 120000.00, 120000.00, 258, 52, NULL, true, NULL, NULL);
INSERT INTO public.car_trabajorepuesto VALUES (115, 1, 8000.00, 8000.00, 265, 52, NULL, true, NULL, NULL);


--
-- Data for Name: car_vehiculo; Type: TABLE DATA; Schema: public; Owner: maxgonpe
--

INSERT INTO public.car_vehiculo VALUES (29, 'HYUNDAI', 'GRACE', 1997, 'KMJRD37APVU303288', 'PV2750', 'D4BA', '171477026');
INSERT INTO public.car_vehiculo VALUES (33, 'FIAT', 'ARGO HB 1.3', 2023, '9BD358A42PYL94156', 'SHFW42', '1.3 DRIVE GSE ELX 4X2 MT 5P', '167011918');
INSERT INTO public.car_vehiculo VALUES (11, 'FIAT', 'UNO SPORTING 1.4', 2018, '9BD195A94J0811565', 'JXFD90', NULL, '119425492');
INSERT INTO public.car_vehiculo VALUES (40, 'NISSAN', 'TERRANO', 2002, 'JN1CDGD22Z0730122', 'UX7362', 'KA24DE', '117208354');
INSERT INTO public.car_vehiculo VALUES (50, 'PEUGEOT', '406 PACK 2.0 AUT', 2003, '2S003428', 'VP1797', 'EW10J4S', '197268484');
INSERT INTO public.car_vehiculo VALUES (51, 'SUZUKI', 'VITARA GLX 4X4 1.4 AUT', 2017, 'TSMYEA1S7HM244115', 'JCTX12', NULL, '76503753');
INSERT INTO public.car_vehiculo VALUES (37, 'RENAULT', 'CLIO EXPRESSION 1.6', 2004, '93YLB01154J481196', 'XP7074', 'K4M mm', '97785325');
INSERT INTO public.car_vehiculo VALUES (47, 'TOYOTA', 'COROLLA XLI 1.6', 2006, '9BR53ZEC168539814', 'ZV3004', NULL, '143481328');
INSERT INTO public.car_vehiculo VALUES (38, 'VOLKSWAGEN', 'TRANSPORTER KOMBI 2.0', 2015, 'WV2ZZZ7HZEH033426', 'GYJX10', 'CAA', '125982328');
INSERT INTO public.car_vehiculo VALUES (34, 'CHEVROLET', 'CAPTIVA LS 2.0', 2010, 'KL1FC1DR7AB038113', 'CJST88', 'Z20S1', '169892881');
INSERT INTO public.car_vehiculo VALUES (17, 'MITSUBISHI', 'NEW OUTLANDER GLS', 2006, 'JMYXRCU5W5U002252', 'ZN1981', '4G69', '171192404');
INSERT INTO public.car_vehiculo VALUES (15, 'FORD', 'NEW FIESTA HB 1.6', 2012, '3FADP4FJ3CM112738', 'DLXZ47', 'Sigma', '135383767');
INSERT INTO public.car_vehiculo VALUES (18, 'RENAULT', 'DUSTER LIFE 1.6', 2018, '9FBHSRA95KM390468', 'KSBP94', 'K4M', '131743793');
INSERT INTO public.car_vehiculo VALUES (25, 'PEUGEOT', 'PARTNER 1.9', 2004, NULL, 'XX1610', 'DW8', '96680465');
INSERT INTO public.car_vehiculo VALUES (21, 'PEUGEOT', 'PARTNER 1.4', 1998, 'VF35BKFXE60091930', 'ST1196', 'TU3AF', '114864870');
INSERT INTO public.car_vehiculo VALUES (26, 'CHEVROLET', 'OPTRA LS LIMITED 1.6', 2012, 'KL1JJ8C65CK589367', 'DSVT44', 'F16D3', '128168192');
INSERT INTO public.car_vehiculo VALUES (45, 'CITROEN', 'SAXO VTS 1.6', 2000, '56523011', 'TJ4953', 'Motor 1600  VTS 1.6', '47305578');
INSERT INTO public.car_vehiculo VALUES (19, 'DAIHATSU', 'TERIOS 1.3', 1998, 'JDAJ100G000512290', 'SA3789', 'DL 1.3 MT 5P', '179939517');
INSERT INTO public.car_vehiculo VALUES (10, 'HYUNDAI', 'GRAND I10 BA GL 1.2', 2017, 'MALA741CAHM225549', 'JLDC39', 'G4LA', '191288602');
INSERT INTO public.car_vehiculo VALUES (4, 'TOYOTA', 'RAV4 2.5 AUT', 2016, 'JTMYF9EV7GJ051042', 'HLCJ97', 'Motor 2500  2.5 LIMITED 7AB AT 4X4', '82632131');
INSERT INTO public.car_vehiculo VALUES (24, 'MG', '3 STD 1.5', 2017, 'LSJZ14U34HS010223', 'JGCX79', 'Motor 1500  1.5 COMFORT PLUS MT', '82632131');
INSERT INTO public.car_vehiculo VALUES (52, 'CHEVROLET', 'SAIL II 1.4', 2014, 'LSGSA52M4EY080130', 'GKVV29', NULL, '150573602');
INSERT INTO public.car_vehiculo VALUES (53, 'CHEVROLET', 'CHEVY TAXI II PWR 1.6', 2007, '9BGSE19N07B202085', 'WP7442', 'C16SE', '47459915');
INSERT INTO public.car_vehiculo VALUES (54, 'CHEVROLET', 'SAIL II 1.4', 2013, 'LSGSA58M8DY037125', 'FJKP10', NULL, '128211551');
INSERT INTO public.car_vehiculo VALUES (55, 'HYUNDAI', 'ACCENT GL PS 1.4', 2008, 'KMHCM41AP8U264548', 'BSJL29', 'G4EE', '204615969');
INSERT INTO public.car_vehiculo VALUES (56, 'JAC', 'S3 1.6', 2019, 'LJ12EKR23L4700095', 'LDXC58', NULL, '179644614');
INSERT INTO public.car_vehiculo VALUES (57, 'MITSUBISHI', 'MONTERO SPORT 2.5 AUT', 2008, 'JMYORK9408J000170', 'BCGK32', '4D56T', '76503753');
INSERT INTO public.car_vehiculo VALUES (58, 'MITSUBISHI', 'L200 KATANA D CAB CRT 4X4 2.5', 2015, 'MMBJNKB40FD049778', 'GZBR77', '4D56TU', '179939517');
INSERT INTO public.car_vehiculo VALUES (59, 'HYUNDAI', 'PORTER SUPER H100 2.5', 1996, 'KMFFA17APTU250099', 'NU7212', 'D4BX', '101293742');
INSERT INTO public.car_vehiculo VALUES (60, 'CHANGAN', 'CX70 ELITE 1.5', 2019, 'LS4ASJ2E2KA987986', 'LDBW15', NULL, '79954764');
INSERT INTO public.car_vehiculo VALUES (61, 'CHEVROLET', 'CAPTIVA 4X4 2.0 AUT', 2008, 'KLACD26RD8B182667', 'GLPF90', NULL, '126831412');
INSERT INTO public.car_vehiculo VALUES (62, 'HYUNDAI', 'NEW H1 GL 2.5', 2014, 'KMFWBX7KADU576997', 'GFGS92', 'D4CB', '112609911');
INSERT INTO public.car_vehiculo VALUES (63, 'PEUGEOT', '301 ACTIVE HDI 1.6', 2017, 'VF3DD9HP0JJ504377', 'GPWF32', NULL, '168902670');
INSERT INTO public.car_vehiculo VALUES (64, 'MITSUBISHI', 'L200 KATANA CR 2.5', 2015, 'MMBJNKA40FD052485', 'HDWG99', '4D56TU', '100452081');
INSERT INTO public.car_vehiculo VALUES (65, 'CITROEN', 'C3 SX 1.6', 2005, '5A004095', 'YL1966', 'TU5JP', '68869293');
INSERT INTO public.car_vehiculo VALUES (66, 'MAZDA', 'NEW 2 1.5', 2018, 'MM7DL2SA6JW323331', 'KDPR70', NULL, '255593145');
INSERT INTO public.car_vehiculo VALUES (67, 'HAFEI', 'MINYI 1.1', 2013, 'LKHNF1CH0DAU01480', 'FKZH45', 'SJ410', '100067544');
INSERT INTO public.car_vehiculo VALUES (68, 'PEUGEOT', 'EXPERT', 2008, '8Z000965', 'BKLK16', 'DV6TD', '167010369');
INSERT INTO public.car_vehiculo VALUES (69, 'HYUNDAI', 'NEW H1 GLS TCI 2.5', 2011, 'KMJWA37HABU305024', 'CVCX37', 'D4BH', '158224054');
INSERT INTO public.car_vehiculo VALUES (70, 'MAXUS', 'T60 DCAB DX 2.8', 2018, 'LSFAM11A6JA070564', 'KSPV63', NULL, '129477768');
INSERT INTO public.car_vehiculo VALUES (71, 'CHANGAN', 'CX70 LUXURY 1.6', 2019, 'LS4ASJ2E4KA986967', 'KVXS81', NULL, '71037878');
INSERT INTO public.car_vehiculo VALUES (72, 'CHEVROLET', 'OPTRA LS 1.6', 2004, 'KL1JJ52654K952171', 'XS3515', 'F16D3', '104343848');
INSERT INTO public.car_vehiculo VALUES (73, 'MAZDA', 'TRIBUTE 4X4', 2002, '5F2YU06B22KM07318', 'VN6792', NULL, '205309020');


--
-- Data for Name: car_vehiculoversion; Type: TABLE DATA; Schema: public; Owner: maxgonpe
--

INSERT INTO public.car_vehiculoversion VALUES (3, 'Honda', 'Accord', 2015, 2020, NULL, NULL, NULL, NULL, NULL, NULL);
INSERT INTO public.car_vehiculoversion VALUES (4, 'Nissan', 'V16', 1993, 2010, NULL, NULL, NULL, NULL, NULL, NULL);
INSERT INTO public.car_vehiculoversion VALUES (6, 'Peugeot', '307', 2002, 2006, NULL, 'DW10TD', NULL, NULL, NULL, NULL);
INSERT INTO public.car_vehiculoversion VALUES (7, 'Peugeot', 'Partner', 1997, 2001, NULL, 'TU3AF', NULL, NULL, NULL, NULL);
INSERT INTO public.car_vehiculoversion VALUES (8, 'Peugeot', '307', 2002, 2009, NULL, 'TU5JP4', NULL, NULL, NULL, NULL);
INSERT INTO public.car_vehiculoversion VALUES (9, 'Peugeot', '206', 1998, 2009, NULL, 'TU5JP4', NULL, NULL, NULL, NULL);
INSERT INTO public.car_vehiculoversion VALUES (10, 'Citroen', 'Xsara', 1998, 2005, NULL, 'TU5JP4', NULL, NULL, NULL, NULL);
INSERT INTO public.car_vehiculoversion VALUES (11, 'Citroen', 'C3', 2002, 2011, NULL, 'TU5JP4', NULL, NULL, NULL, NULL);
INSERT INTO public.car_vehiculoversion VALUES (12, 'Renault', 'Duster', 2011, 2022, NULL, 'K4M', NULL, NULL, NULL, NULL);
INSERT INTO public.car_vehiculoversion VALUES (13, 'Ford', 'Fiesta', 2011, 2020, NULL, 'Sigma', NULL, NULL, NULL, NULL);
INSERT INTO public.car_vehiculoversion VALUES (14, 'Ford', 'Ecosport', 2013, 2015, NULL, 'Sigma', NULL, NULL, NULL, NULL);
INSERT INTO public.car_vehiculoversion VALUES (15, 'Renault', 'Clio 2', 1998, 2008, NULL, 'K4M', NULL, NULL, NULL, NULL);
INSERT INTO public.car_vehiculoversion VALUES (16, 'VW', 'Golf', 1993, 1999, 'A3', 'ACC', NULL, NULL, NULL, NULL);
INSERT INTO public.car_vehiculoversion VALUES (17, 'VW', 'Gol', 2000, 2009, 'G3', 'UDH', NULL, NULL, NULL, NULL);
INSERT INTO public.car_vehiculoversion VALUES (18, 'Chevrolet', 'Aveo', 2004, 2011, 'T200', 'F14D3', NULL, NULL, NULL, NULL);
INSERT INTO public.car_vehiculoversion VALUES (19, 'Chevrolet', 'Aveo', 2006, 2016, 'T250', 'F14D3', NULL, NULL, NULL, NULL);
INSERT INTO public.car_vehiculoversion VALUES (20, 'Chevrolet', 'Aveo', 2008, 2016, 'T255', 'F14D3', NULL, NULL, NULL, NULL);
INSERT INTO public.car_vehiculoversion VALUES (21, 'Chevrolet', 'Sail', 2011, 2017, 'LCU', 'F14D', NULL, NULL, NULL, NULL);
INSERT INTO public.car_vehiculoversion VALUES (22, 'Daewoo', 'Nubira', 1998, 2003, NULL, 'A16DMN', NULL, NULL, NULL, NULL);
INSERT INTO public.car_vehiculoversion VALUES (23, 'VW', 'Golf', 1999, 2008, 'A4', 'ABF, AKR', NULL, NULL, NULL, NULL);
INSERT INTO public.car_vehiculoversion VALUES (24, 'VW', 'Bora', 2008, 2012, NULL, 'APK', NULL, NULL, NULL, NULL);
INSERT INTO public.car_vehiculoversion VALUES (25, 'Citroen', 'C4', 2005, 2010, NULL, 'TU5JP4', NULL, NULL, NULL, NULL);
INSERT INTO public.car_vehiculoversion VALUES (26, 'Hyundai', 'Accent', 2006, 2012, 'ALPHA', 'G4EE', NULL, NULL, NULL, NULL);
INSERT INTO public.car_vehiculoversion VALUES (27, 'Hyundai', 'Accent', 2006, 2011, NULL, 'D4FA', NULL, NULL, NULL, NULL);
INSERT INTO public.car_vehiculoversion VALUES (28, 'Hyundai', 'Verna', 2006, 2012, NULL, 'D4FA', NULL, NULL, NULL, NULL);
INSERT INTO public.car_vehiculoversion VALUES (29, 'Kia', 'Rio', 2006, 2011, 'JB', 'G4EE', NULL, NULL, NULL, NULL);
INSERT INTO public.car_vehiculoversion VALUES (30, 'Kia', 'Rio', 2006, 2007, 'JB', 'G4ED', NULL, NULL, NULL, NULL);
INSERT INTO public.car_vehiculoversion VALUES (31, 'Chevrolet', 'Optra', 2006, 2016, NULL, 'F16D3', NULL, NULL, NULL, NULL);
INSERT INTO public.car_vehiculoversion VALUES (32, 'Chevrolet', 'Vivant', 2004, 2010, NULL, 'A16DMS', NULL, NULL, NULL, NULL);
INSERT INTO public.car_vehiculoversion VALUES (33, 'Daewoo', 'Rezzo', 2002, 2003, NULL, 'A16DMS', NULL, NULL, NULL, NULL);


--
-- Data for Name: car_venta; Type: TABLE DATA; Schema: public; Owner: maxgonpe
--



--
-- Data for Name: car_ventaitem; Type: TABLE DATA; Schema: public; Owner: maxgonpe
--



--
-- Data for Name: car_ventapos; Type: TABLE DATA; Schema: public; Owner: maxgonpe
--

INSERT INTO public.car_ventapos VALUES (4, '2025-10-14 19:13:15.229538+00', 30000.00, 0.00, 30000.00, 'efectivo', true, '', NULL, 21, 3);
INSERT INTO public.car_ventapos VALUES (5, '2025-10-21 16:09:20.370395+00', 7000.00, 0.00, 7000.00, 'efectivo', true, '', NULL, 21, 3);
INSERT INTO public.car_ventapos VALUES (6, '2025-10-23 14:21:04.241201+00', 12648.00, 0.00, 12648.00, 'efectivo', true, '', NULL, 20, 1);
INSERT INTO public.car_ventapos VALUES (7, '2025-10-23 23:03:36.639015+00', 12888.00, 0.00, 12888.00, 'efectivo', true, '', NULL, 20, 1);
INSERT INTO public.car_ventapos VALUES (8, '2025-10-24 00:28:37.27939+00', 115992.00, 0.00, 115992.00, 'efectivo', true, '', NULL, 20, 1);
INSERT INTO public.car_ventapos VALUES (9, '2025-10-24 00:31:35.477436+00', 13200.00, 0.00, 13200.00, 'efectivo', true, '', NULL, 20, 1);
INSERT INTO public.car_ventapos VALUES (10, '2025-10-27 14:16:06.364189+00', 58000.00, 0.00, 58000.00, 'efectivo', true, '', NULL, 21, 3);
INSERT INTO public.car_ventapos VALUES (11, '2025-10-27 20:26:20.40727+00', 15000.00, 0.00, 15000.00, 'efectivo', true, '', NULL, 21, 3);
INSERT INTO public.car_ventapos VALUES (12, '2025-10-29 15:26:05.430342+00', 44300.00, 0.00, 44300.00, 'efectivo', true, '', NULL, 20, 1);
INSERT INTO public.car_ventapos VALUES (13, '2025-10-30 15:56:55.680982+00', 5000.00, 0.00, 5000.00, 'efectivo', true, '', NULL, 21, 3);
INSERT INTO public.car_ventapos VALUES (14, '2025-11-05 18:32:23.642759+00', 1000.00, 0.00, 1000.00, 'efectivo', true, '', NULL, 21, 3);
INSERT INTO public.car_ventapos VALUES (15, '2025-11-07 19:54:03.790199+00', 5000.00, 0.00, 5000.00, 'efectivo', true, '', NULL, 21, 3);
INSERT INTO public.car_ventapos VALUES (16, '2025-11-10 12:25:05.22804+00', 5000.00, 0.00, 5000.00, 'efectivo', true, '', NULL, 21, 3);
INSERT INTO public.car_ventapos VALUES (17, '2025-11-10 17:37:45.551411+00', 35000.00, 0.00, 35000.00, 'transferencia', true, '', NULL, 21, 3);
INSERT INTO public.car_ventapos VALUES (18, '2025-11-12 16:03:50.302151+00', 120000.00, 0.00, 120000.00, 'efectivo', true, 'Abono previo $60000', NULL, 21, 3);
INSERT INTO public.car_ventapos VALUES (19, '2025-11-20 19:34:32.84254+00', 42000.00, 0.00, 42000.00, 'efectivo', true, '', NULL, 21, 3);
INSERT INTO public.car_ventapos VALUES (20, '2025-11-25 20:55:56.988281+00', 6000.00, 0.00, 6000.00, 'efectivo', true, '', NULL, 21, 3);
INSERT INTO public.car_ventapos VALUES (21, '2025-11-27 22:09:03.176141+00', 20000.00, 0.00, 20000.00, 'efectivo', true, '', NULL, 21, 3);
INSERT INTO public.car_ventapos VALUES (22, '2025-11-28 16:02:00.225911+00', 2000.00, 0.00, 2000.00, 'efectivo', true, '', NULL, 21, 3);
INSERT INTO public.car_ventapos VALUES (23, '2025-12-04 18:18:18.905757+00', 10000.00, 0.00, 10000.00, 'efectivo', true, '', NULL, 21, 3);
INSERT INTO public.car_ventapos VALUES (24, '2025-12-05 14:16:15.425944+00', 5200.00, 0.00, 5200.00, 'efectivo', true, '', NULL, 21, 3);
INSERT INTO public.car_ventapos VALUES (25, '2025-12-11 16:03:37.181838+00', 12000.00, 1000.00, 11000.00, 'efectivo', true, '', NULL, 21, 3);
INSERT INTO public.car_ventapos VALUES (26, '2025-12-11 17:24:42.933602+00', 5000.00, 0.00, 5000.00, 'efectivo', true, '', NULL, 21, 3);


--
-- Data for Name: car_ventapositem; Type: TABLE DATA; Schema: public; Owner: maxgonpe
--

INSERT INTO public.car_ventapositem VALUES (4, 1, 30000.00, 30000.00, 3, 4);
INSERT INTO public.car_ventapositem VALUES (5, 1, 7000.00, 7000.00, 182, 5);
INSERT INTO public.car_ventapositem VALUES (6, 1, 12648.00, 12648.00, 185, 6);
INSERT INTO public.car_ventapositem VALUES (7, 1, 12888.00, 12888.00, 185, 7);
INSERT INTO public.car_ventapositem VALUES (8, 9, 12888.00, 115992.00, 185, 8);
INSERT INTO public.car_ventapositem VALUES (9, 1, 13200.00, 13200.00, 185, 9);
INSERT INTO public.car_ventapositem VALUES (10, 2, 15000.00, 30000.00, 10, 10);
INSERT INTO public.car_ventapositem VALUES (11, 1, 8000.00, 8000.00, 190, 10);
INSERT INTO public.car_ventapositem VALUES (12, 1, 20000.00, 20000.00, 189, 10);
INSERT INTO public.car_ventapositem VALUES (13, 2, 5000.00, 10000.00, 8, 11);
INSERT INTO public.car_ventapositem VALUES (14, 5, 1000.00, 5000.00, 146, 11);
INSERT INTO public.car_ventapositem VALUES (15, 1, 13000.00, 13000.00, 197, 12);
INSERT INTO public.car_ventapositem VALUES (16, 1, 9800.00, 9800.00, 198, 12);
INSERT INTO public.car_ventapositem VALUES (17, 1, 21500.00, 21500.00, 199, 12);
INSERT INTO public.car_ventapositem VALUES (18, 1, 5000.00, 5000.00, 112, 13);
INSERT INTO public.car_ventapositem VALUES (19, 1, 500.00, 500.00, 143, 14);
INSERT INTO public.car_ventapositem VALUES (20, 1, 500.00, 500.00, 144, 14);
INSERT INTO public.car_ventapositem VALUES (21, 1, 5000.00, 5000.00, 8, 15);
INSERT INTO public.car_ventapositem VALUES (22, 1, 5000.00, 5000.00, 179, 16);
INSERT INTO public.car_ventapositem VALUES (23, 1, 5000.00, 5000.00, 215, 17);
INSERT INTO public.car_ventapositem VALUES (24, 1, 30000.00, 30000.00, 3, 17);
INSERT INTO public.car_ventapositem VALUES (25, 1, 120000.00, 120000.00, 225, 18);
INSERT INTO public.car_ventapositem VALUES (26, 1, 42000.00, 42000.00, 54, 19);
INSERT INTO public.car_ventapositem VALUES (27, 1, 1000.00, 1000.00, 145, 20);
INSERT INTO public.car_ventapositem VALUES (28, 1, 5000.00, 5000.00, 179, 20);
INSERT INTO public.car_ventapositem VALUES (29, 2, 10000.00, 20000.00, 9, 21);
INSERT INTO public.car_ventapositem VALUES (30, 2, 1000.00, 2000.00, 145, 22);
INSERT INTO public.car_ventapositem VALUES (31, 2, 5000.00, 10000.00, 179, 23);
INSERT INTO public.car_ventapositem VALUES (32, 4, 800.00, 3200.00, 147, 24);
INSERT INTO public.car_ventapositem VALUES (33, 1, 1000.00, 1000.00, 145, 24);
INSERT INTO public.car_ventapositem VALUES (34, 1, 1000.00, 1000.00, 154, 24);
INSERT INTO public.car_ventapositem VALUES (35, 1, 12000.00, 12000.00, 35, 25);
INSERT INTO public.car_ventapositem VALUES (36, 1, 5000.00, 5000.00, 8, 26);


--
-- Data for Name: django_admin_log; Type: TABLE DATA; Schema: public; Owner: maxgonpe
--

INSERT INTO public.django_admin_log VALUES (1, '2025-10-04 00:33:36.91355+00', '3', 'camilo', 1, '[{"added": {}}]', 4, 1);
INSERT INTO public.django_admin_log VALUES (2, '2025-10-04 00:33:52.99532+00', '3', 'camilo', 2, '[{"changed": {"fields": ["First name", "Last name", "Email address"]}}]', 4, 1);
INSERT INTO public.django_admin_log VALUES (33, '2025-10-08 16:15:16.795308+00', '4', 'benjamin', 1, '[{"added": {}}]', 4, 1);
INSERT INTO public.django_admin_log VALUES (34, '2025-10-08 16:15:54.437569+00', '4', 'benjamin', 2, '[{"changed": {"fields": ["First name", "Last name", "Email address"]}}]', 4, 1);
INSERT INTO public.django_admin_log VALUES (35, '2025-10-08 16:20:32.39945+00', '1', 'maxgonpe', 2, '[{"changed": {"fields": ["First name", "Last name"]}}]', 4, 1);
INSERT INTO public.django_admin_log VALUES (36, '2025-10-08 16:59:08.03569+00', '4', 'benjamin', 2, '[{"changed": {"fields": ["Last name"]}}]', 4, 1);
INSERT INTO public.django_admin_log VALUES (37, '2025-10-08 16:59:22.507946+00', '4', 'benjamin', 2, '[]', 4, 1);
INSERT INTO public.django_admin_log VALUES (38, '2025-10-08 17:00:14.220745+00', '5', 'roberto', 1, '[{"added": {}}]', 4, 1);
INSERT INTO public.django_admin_log VALUES (39, '2025-10-08 17:01:12.866974+00', '5', 'roberto', 2, '[{"changed": {"fields": ["First name", "Last name", "Email address"]}}]', 4, 1);
INSERT INTO public.django_admin_log VALUES (40, '2025-10-09 15:16:32.273886+00', '4', 'benjamin', 2, '[{"changed": {"fields": ["password"]}}]', 4, 1);
INSERT INTO public.django_admin_log VALUES (41, '2025-10-09 15:23:16.451857+00', '5', 'roberto', 2, '[{"changed": {"fields": ["password"]}}]', 4, 1);
INSERT INTO public.django_admin_log VALUES (5, '2025-10-14 18:18:26.329512+00', '19', 'Sesin 19 - maxgonpe (14/10/2025 17:56)', 3, '', 56, 1);
INSERT INTO public.django_admin_log VALUES (6, '2025-10-14 18:18:26.329563+00', '18', 'Sesin 18 - maxgonpe (14/10/2025 17:53)', 3, '', 56, 1);
INSERT INTO public.django_admin_log VALUES (7, '2025-10-14 18:18:26.329583+00', '17', 'Sesin 17 - maxgonpe (14/10/2025 17:52)', 3, '', 56, 1);
INSERT INTO public.django_admin_log VALUES (8, '2025-10-14 18:18:26.329601+00', '16', 'Sesin 16 - maxgonpe (14/10/2025 15:04)', 3, '', 56, 1);
INSERT INTO public.django_admin_log VALUES (9, '2025-10-14 18:18:26.329618+00', '15', 'Sesin 15 - maxgonpe (14/10/2025 15:04)', 3, '', 56, 1);
INSERT INTO public.django_admin_log VALUES (10, '2025-10-14 18:18:26.329635+00', '14', 'Sesin 14 - maxgonpe (14/10/2025 15:04)', 3, '', 56, 1);
INSERT INTO public.django_admin_log VALUES (11, '2025-10-14 18:18:26.329674+00', '13', 'Sesin 13 - maxgonpe (14/10/2025 15:04)', 3, '', 56, 1);
INSERT INTO public.django_admin_log VALUES (12, '2025-10-14 18:18:26.329697+00', '12', 'Sesin 12 - maxgonpe (14/10/2025 15:04)', 3, '', 56, 1);
INSERT INTO public.django_admin_log VALUES (13, '2025-10-14 18:18:26.329715+00', '11', 'Sesin 11 - maxgonpe (14/10/2025 15:04)', 3, '', 56, 1);
INSERT INTO public.django_admin_log VALUES (14, '2025-10-14 18:18:26.329733+00', '10', 'Sesin 10 - maxgonpe (14/10/2025 15:04)', 3, '', 56, 1);
INSERT INTO public.django_admin_log VALUES (15, '2025-10-14 18:18:26.329749+00', '9', 'Sesin 9 - maxgonpe (14/10/2025 15:04)', 3, '', 56, 1);
INSERT INTO public.django_admin_log VALUES (16, '2025-10-14 18:18:26.329766+00', '8', 'Sesin 8 - maxgonpe (14/10/2025 15:04)', 3, '', 56, 1);
INSERT INTO public.django_admin_log VALUES (17, '2025-10-14 18:18:26.329783+00', '7', 'Sesin 7 - maxgonpe (14/10/2025 15:03)', 3, '', 56, 1);
INSERT INTO public.django_admin_log VALUES (18, '2025-10-14 18:18:26.329799+00', '6', 'Sesin 6 - benjamin (09/10/2025 15:24)', 3, '', 56, 1);
INSERT INTO public.django_admin_log VALUES (19, '2025-10-14 18:18:26.329814+00', '5', 'Sesin 5 - roberto (09/10/2025 15:23)', 3, '', 56, 1);
INSERT INTO public.django_admin_log VALUES (20, '2025-10-14 18:18:26.329829+00', '4', 'Sesin 4 - camilo (08/10/2025 17:55)', 3, '', 56, 1);
INSERT INTO public.django_admin_log VALUES (21, '2025-10-14 18:18:26.329844+00', '3', 'Sesin 3 - camilo (08/10/2025 17:55)', 3, '', 56, 1);
INSERT INTO public.django_admin_log VALUES (22, '2025-10-14 18:18:26.32986+00', '2', 'Sesin 2 - camilo (07/10/2025 21:14)', 3, '', 56, 1);
INSERT INTO public.django_admin_log VALUES (23, '2025-10-14 18:18:26.329882+00', '1', 'Sesin 1 - maxgonpe (07/10/2025 19:52)', 3, '', 56, 1);
INSERT INTO public.django_admin_log VALUES (24, '2025-10-14 18:43:21.204828+00', '1', 'ComponenteRepuesto object (1)', 1, '[{"added": {}}]', 45, 1);
INSERT INTO public.django_admin_log VALUES (25, '2025-10-14 19:50:36.613322+00', '177', 'Pastillas de freno delanteras (PAS-BES-REP-9949)', 2, '[{"changed": {"fields": ["Referencia"]}}]', 40, 1);
INSERT INTO public.django_admin_log VALUES (26, '2025-10-14 20:02:59.379831+00', '178', 'aaaaaaaaaa (AAAAA-XXXX-ZZZZZZ-4518)', 1, '[{"added": {}}]', 40, 1);
INSERT INTO public.django_admin_log VALUES (27, '2025-10-14 20:03:20.33211+00', '177', 'Pastillas de freno delanteras (PAS-BES-REP-9949)', 2, '[{"changed": {"fields": ["Descripcion"]}}]', 40, 1);
INSERT INTO public.django_admin_log VALUES (28, '2025-10-14 20:04:58.077788+00', '178', 'aaaaaaaaaa (AAAAA-XXXX-ZZZZZZ-4518)', 3, '', 40, 1);
INSERT INTO public.django_admin_log VALUES (29, '2025-10-14 20:07:11.332399+00', '177', 'Pastillas de freno delanteras (PAS-BES-REP-9949)', 2, '[]', 40, 1);
INSERT INTO public.django_admin_log VALUES (30, '2025-10-14 20:07:22.848698+00', '177', 'Pastillas de freno delanteras (PASTI-AUDI-CBZA, C-8552)', 2, '[{"changed": {"fields": ["Sku"]}}]', 40, 1);
INSERT INTO public.django_admin_log VALUES (31, '2025-10-14 20:07:36.555397+00', '176', 'Pastillas de freno delanteras (PASTI-RENA-K9K, H5-8034)', 2, '[{"changed": {"fields": ["Sku"]}}]', 40, 1);
INSERT INTO public.django_admin_log VALUES (32, '2025-10-14 20:07:46.967675+00', '175', 'Pastillas de freno delanteras (PASTI-HOND-B16A, D-3642)', 2, '[{"changed": {"fields": ["Sku"]}}]', 40, 1);
INSERT INTO public.django_admin_log VALUES (42, '2025-10-14 20:15:06.61592+00', '174', 'Pastillas de freno delanteras (PAS-DON-REP-7737)', 2, '[]', 40, 1);
INSERT INTO public.django_admin_log VALUES (43, '2025-10-14 20:15:18.879994+00', '174', 'Pastillas de freno delanteras (PASTI-CHAN-DAM15B,-5939)', 2, '[{"changed": {"fields": ["Sku"]}}]', 40, 1);
INSERT INTO public.django_admin_log VALUES (44, '2025-10-14 20:15:28.343781+00', '173', 'Pastillas de freno delanteras (PASTI-SUZU-G13BB, -7289)', 2, '[{"changed": {"fields": ["Sku"]}}]', 40, 1);
INSERT INTO public.django_admin_log VALUES (45, '2025-10-14 20:15:38.393043+00', '172', 'Pastillas de freno delanteras (PASTI-MITS-3SZVE, -9324)', 2, '[{"changed": {"fields": ["Sku"]}}]', 40, 1);
INSERT INTO public.django_admin_log VALUES (46, '2025-10-14 20:15:55.88286+00', '171', 'Pastillas de freno delanteras (PASTI-FORD-8AFDR, -6897)', 2, '[{"changed": {"fields": ["Sku"]}}]', 40, 1);
INSERT INTO public.django_admin_log VALUES (47, '2025-10-14 20:16:06.061591+00', '170', 'Pastillas de freno traseras (PASTI-MAZD-PY, PE,-6222)', 2, '[{"changed": {"fields": ["Sku"]}}]', 40, 1);
INSERT INTO public.django_admin_log VALUES (48, '2025-10-14 20:16:17.299272+00', '169', 'Pastillas de freno delanteras (PASTI-TOYO-2NZFE, -7322)', 2, '[{"changed": {"fields": ["Sku"]}}]', 40, 1);
INSERT INTO public.django_admin_log VALUES (49, '2025-10-14 20:16:28.217238+00', '168', 'Pastillas de freno delanteras (PASTI-TOYO-2NZFE, -9105)', 2, '[{"changed": {"fields": ["Sku"]}}]', 40, 1);
INSERT INTO public.django_admin_log VALUES (50, '2025-10-14 20:16:39.887324+00', '167', 'Pastillas de freno delanteras (PASTI-NISS-JL473, -6674)', 2, '[{"changed": {"fields": ["Sku"]}}]', 40, 1);
INSERT INTO public.django_admin_log VALUES (51, '2025-10-14 20:16:52.122847+00', '166', 'Pastillas de freno delanteras (PASTI-SUBA-EJ253, -5979)', 2, '[{"changed": {"fields": ["Sku"]}}]', 40, 1);
INSERT INTO public.django_admin_log VALUES (52, '2025-10-14 20:17:03.882128+00', '165', 'Pastillas de freno delanteras (PASTI-NISS-E16E, G-4626)', 2, '[{"changed": {"fields": ["Sku"]}}]', 40, 1);
INSERT INTO public.django_admin_log VALUES (53, '2025-10-14 20:17:16.847983+00', '164', 'Pastillas de freno delanteras (PASTI-NISS-E16E, G-5496)', 2, '[{"changed": {"fields": ["Sku"]}}]', 40, 1);
INSERT INTO public.django_admin_log VALUES (54, '2025-10-14 20:17:34.851322+00', '163', 'Pastillas de freno delanteras (PASTI-NISS-G4GM, G-2138)', 2, '[{"changed": {"fields": ["Sku"]}}]', 40, 1);
INSERT INTO public.django_admin_log VALUES (55, '2025-10-14 20:17:46.507931+00', '162', 'Pastillas de freno delanteras (PASTI-NISS-HR16DE,-8700)', 2, '[{"changed": {"fields": ["Sku"]}}]', 40, 1);
INSERT INTO public.django_admin_log VALUES (56, '2025-10-14 20:17:59.593963+00', '161', 'Pastillas de freno delanteras (PASTI-TOYO-1ZRFE, -2084)', 2, '[{"changed": {"fields": ["Sku"]}}]', 40, 1);
INSERT INTO public.django_admin_log VALUES (57, '2025-10-14 20:18:18.080798+00', '160', 'Pastillas de freno traseras (PASTI-TOYO-2AZFE, -1452)', 2, '[{"changed": {"fields": ["Sku"]}}]', 40, 1);
INSERT INTO public.django_admin_log VALUES (58, '2025-10-14 20:18:31.974182+00', '159', 'Ampolleta T5 (AMPOL-XXXX-ZZZZZZ-9162)', 2, '[{"changed": {"fields": ["Sku"]}}]', 40, 1);
INSERT INTO public.django_admin_log VALUES (59, '2025-10-14 20:18:43.337557+00', '158', 'Ampolleta T4W (AMPOL-XXXX-ZZZZZZ-5897)', 2, '[{"changed": {"fields": ["Sku"]}}]', 40, 1);
INSERT INTO public.django_admin_log VALUES (60, '2025-10-14 20:18:53.42614+00', '157', 'Ampolleta T20 1C (AMPOL-XXXX-ZZZZZZ-8464)', 2, '[{"changed": {"fields": ["Sku"]}}]', 40, 1);
INSERT INTO public.django_admin_log VALUES (61, '2025-10-14 20:19:03.803139+00', '156', 'Ampolleta T15 (AMPOL-XXXX-ZZZZZZ-4278)', 2, '[{"changed": {"fields": ["Sku"]}}]', 40, 1);
INSERT INTO public.django_admin_log VALUES (62, '2025-10-14 20:19:17.376438+00', '155', 'Ampolleta P27/7W (AMPOL-XXXX-ZZZZZZ-3887)', 2, '[{"changed": {"fields": ["Sku"]}}]', 40, 1);
INSERT INTO public.django_admin_log VALUES (63, '2025-10-14 20:19:31.296453+00', '154', 'Ampolleta R5W (AMPOL-XXXX-ZZZZZZ-6181)', 2, '[{"changed": {"fields": ["Sku"]}}]', 40, 1);
INSERT INTO public.django_admin_log VALUES (64, '2025-10-14 20:19:48.613435+00', '153', 'Ampolleta MFX (AMPOL-XXXX-ZZZZZZ-0972)', 2, '[{"changed": {"fields": ["Sku"]}}]', 40, 1);
INSERT INTO public.django_admin_log VALUES (65, '2025-10-14 20:19:59.85852+00', '152', 'Ampolleta H3 (AMPOL-XXXX-ZZZZZZ-2517)', 2, '[{"changed": {"fields": ["Sku"]}}]', 40, 1);
INSERT INTO public.django_admin_log VALUES (66, '2025-10-14 20:20:16.664388+00', '151', 'Ampolleta H3 (AMPOL-XXXX-ZZZZZZ-0941)', 2, '[{"changed": {"fields": ["Sku"]}}]', 40, 1);
INSERT INTO public.django_admin_log VALUES (67, '2025-10-14 20:20:28.067451+00', '150', 'Ampolleta HB4 Blanca (AMPOL-XXXX-ZZZZZZ-9023)', 2, '[{"changed": {"fields": ["Sku"]}}]', 40, 1);
INSERT INTO public.django_admin_log VALUES (68, '2025-10-14 20:20:44.039639+00', '149', 'Ampolleta H3 (AMPOL-XXXX-ZZZZZZ-9317)', 2, '[{"changed": {"fields": ["Sku"]}}]', 40, 1);
INSERT INTO public.django_admin_log VALUES (69, '2025-10-14 20:20:55.664146+00', '148', 'Ampolleta H1 (AMPOL-XXXX-ZZZZZZ-4060)', 2, '[{"changed": {"fields": ["Sku"]}}]', 40, 1);
INSERT INTO public.django_admin_log VALUES (70, '2025-10-14 20:21:06.180211+00', '147', 'Ampolleta T10 (AMPOL-XXXX-ZZZZZZ-6234)', 2, '[{"changed": {"fields": ["Sku"]}}]', 40, 1);
INSERT INTO public.django_admin_log VALUES (71, '2025-10-14 20:21:18.465277+00', '146', 'Ampolleta P21/5W (AMPOL-XXXX-ZZZZZZ-4966)', 2, '[{"changed": {"fields": ["Sku"]}}]', 40, 1);
INSERT INTO public.django_admin_log VALUES (72, '2025-10-14 20:21:29.089232+00', '145', 'Ampolleta P21W (AMPOL-XXXX-ZZZZZZ-9113)', 2, '[{"changed": {"fields": ["Sku"]}}]', 40, 1);
INSERT INTO public.django_admin_log VALUES (73, '2025-10-14 20:21:49.604378+00', '144', 'Ampolleta C10W (AMPOL-XXXX-ZZZZZZ-3038)', 2, '[{"changed": {"fields": ["Sku"]}}]', 40, 1);
INSERT INTO public.django_admin_log VALUES (74, '2025-10-14 20:22:01.526361+00', '143', 'Ampolleta C5W (AMPOL-XXXX-ZZZZZZ-9924)', 2, '[{"changed": {"fields": ["Sku"]}}]', 40, 1);
INSERT INTO public.django_admin_log VALUES (75, '2025-10-14 20:22:12.721992+00', '142', 'Deposito direccion (DEPOS-CHEV-F14DZZ-5706)', 2, '[{"changed": {"fields": ["Sku"]}}]', 40, 1);
INSERT INTO public.django_admin_log VALUES (76, '2025-10-14 20:22:23.67686+00', '141', 'Deposito radiador (DEPOS-PEUG-DW8, XU-0747)', 2, '[{"changed": {"fields": ["Sku"]}}]', 40, 1);
INSERT INTO public.django_admin_log VALUES (77, '2025-10-14 20:22:45.693735+00', '140', 'Deposito radiador (DEPOS-CHEV-C16SEZ-1861)', 2, '[{"changed": {"fields": ["Sku"]}}]', 40, 1);
INSERT INTO public.django_admin_log VALUES (78, '2025-10-14 20:23:00.792798+00', '139', 'Depsito limpiaparabrisas (DEPS-HYUN-D4BH, D-3193)', 2, '[{"changed": {"fields": ["Sku"]}}]', 40, 1);
INSERT INTO public.django_admin_log VALUES (79, '2025-10-14 20:23:11.764003+00', '138', 'Deposito radiador (DEPOS-NISS-HR16DE-9705)', 2, '[{"changed": {"fields": ["Sku"]}}]', 40, 1);
INSERT INTO public.django_admin_log VALUES (80, '2025-10-14 20:23:43.298507+00', '137', 'Deposito radiador (DEPOS-SUZU-F8DZZZ-0082)', 2, '[{"changed": {"fields": ["Sku"]}}]', 40, 1);
INSERT INTO public.django_admin_log VALUES (81, '2025-10-14 20:23:54.810647+00', '136', 'Deposito Radiador (DEPOS-CHEV-F18D4, -9399)', 2, '[{"changed": {"fields": ["Sku"]}}]', 40, 1);
INSERT INTO public.django_admin_log VALUES (82, '2025-10-14 20:24:08.764016+00', '135', 'Deposito radiador (DEPOS-CHEV-F14D, F-4630)', 2, '[{"changed": {"fields": ["Sku"]}}]', 40, 1);
INSERT INTO public.django_admin_log VALUES (83, '2025-10-14 20:24:19.128936+00', '134', 'Neblinero (NEBLI-PEUG-ZZZZZZ-3493)', 2, '[{"changed": {"fields": ["Sku"]}}]', 40, 1);
INSERT INTO public.django_admin_log VALUES (84, '2025-10-14 20:24:30.447325+00', '133', 'Farol punta (FAROL-HYUN-G4EKZZ-0610)', 2, '[{"changed": {"fields": ["Sku"]}}]', 40, 1);
INSERT INTO public.django_admin_log VALUES (85, '2025-10-14 20:24:41.214239+00', '132', 'Juego neblineros (JUEGO-CHEV-B12B3Z-1221)', 2, '[{"changed": {"fields": ["Sku"]}}]', 40, 1);
INSERT INTO public.django_admin_log VALUES (86, '2025-10-14 20:24:55.503922+00', '131', 'Juego espejos retrovisores (JUEGO-CHEV-4ZA1, 4-0260)', 2, '[{"changed": {"fields": ["Sku"]}}]', 40, 1);
INSERT INTO public.django_admin_log VALUES (87, '2025-10-14 20:25:06.719176+00', '130', 'Depsito radiador (DEPS-CHEV-F16D3, -7989)', 2, '[{"changed": {"fields": ["Sku"]}}]', 40, 1);
INSERT INTO public.django_admin_log VALUES (88, '2025-10-14 20:25:29.321342+00', '129', 'Farol punta izquierdo (FAROL-HYUN-G4CS, D-7109)', 2, '[{"changed": {"fields": ["Sku"]}}]', 40, 1);
INSERT INTO public.django_admin_log VALUES (89, '2025-10-14 20:25:42.985054+00', '128', 'Farol punta derecho (FAROL-HYUN-G4CS, D-8942)', 2, '[{"changed": {"fields": ["Sku"]}}]', 40, 1);
INSERT INTO public.django_admin_log VALUES (90, '2025-10-14 20:25:53.977277+00', '127', 'Neblinero izquierdo (NEBLI-CHEV-L2B15Z-4330)', 2, '[{"changed": {"fields": ["Sku"]}}]', 40, 1);
INSERT INTO public.django_admin_log VALUES (91, '2025-10-14 20:26:05.871879+00', '126', 'Neblinero derecho (NEBLI-CHEV-L2B15Z-7308)', 2, '[{"changed": {"fields": ["Sku"]}}]', 40, 1);
INSERT INTO public.django_admin_log VALUES (92, '2025-10-14 20:26:17.717533+00', '125', 'Farol trasero IZQUIERDO (FAROL-HYUN-G4EE, D-9144)', 2, '[{"changed": {"fields": ["Sku"]}}]', 40, 1);
INSERT INTO public.django_admin_log VALUES (93, '2025-10-14 20:26:29.524314+00', '124', 'Farol trasero derecho (FAROL-HYUN-G4EE, D-7243)', 2, '[{"changed": {"fields": ["Sku"]}}]', 40, 1);
INSERT INTO public.django_admin_log VALUES (94, '2025-10-14 20:26:44.226128+00', '123', 'Bomba de Agua (BOMBA-XXXX-ZZZZZZ-7535)', 2, '[{"changed": {"fields": ["Sku"]}}]', 40, 1);
INSERT INTO public.django_admin_log VALUES (95, '2025-10-14 20:27:07.835761+00', '72', 'Bobina (BOBIN-XXXX-ZZZZZZ-6247)', 2, '[{"changed": {"fields": ["Sku"]}}]', 40, 1);
INSERT INTO public.django_admin_log VALUES (96, '2025-10-14 20:27:18.217909+00', '75', 'Bobina (BOBIN-HYUN-ZZZZZZ-1825)', 2, '[{"changed": {"fields": ["Sku"]}}]', 40, 1);
INSERT INTO public.django_admin_log VALUES (97, '2025-10-14 20:27:33.923302+00', '62', 'Juego de Empaquetaduras (JUEGO-PEUG-ZZZZZZ-9495)', 2, '[{"changed": {"fields": ["Sku"]}}]', 40, 1);
INSERT INTO public.django_admin_log VALUES (98, '2025-10-14 20:27:53.355174+00', '60', 'Juego de Empaquetaduras (JUEGO-XXXX-ZZZZZZ-4890)', 2, '[{"changed": {"fields": ["Sku"]}}]', 40, 1);
INSERT INTO public.django_admin_log VALUES (99, '2025-10-14 20:28:10.41821+00', '58', 'Juego de Empaquetaduras (JUEGO-HYUN-G4EKZZ-0846)', 2, '[{"changed": {"fields": ["Sku"]}}]', 40, 1);
INSERT INTO public.django_admin_log VALUES (100, '2025-10-14 20:28:30.544921+00', '47', 'Juego de Empaquetaduras (JUEGO-NISS-ZZZZZZ-5424)', 2, '[{"changed": {"fields": ["Sku"]}}]', 40, 1);
INSERT INTO public.django_admin_log VALUES (101, '2025-10-14 20:28:49.632886+00', '37', 'Cable de Bujia (CABLE-FIAT-171193-2950)', 2, '[{"changed": {"fields": ["Sku"]}}]', 40, 1);
INSERT INTO public.django_admin_log VALUES (102, '2025-10-14 20:29:09.125675+00', '33', 'Cable de Bujia (CABLE-XXXX-ZZZZZZ-4157)', 2, '[{"changed": {"fields": ["Sku"]}}]', 40, 1);
INSERT INTO public.django_admin_log VALUES (103, '2025-10-14 20:29:26.157588+00', '22', 'Cable de Bujia (CABLE-HYUN-G4GBZZ-3547)', 2, '[{"changed": {"fields": ["Sku"]}}]', 40, 1);
INSERT INTO public.django_admin_log VALUES (104, '2025-10-14 20:29:41.085231+00', '18', 'Aditivo Limpia Inyectores Diesel (ADITI-XXXX-ZZZZZZ-4395)', 2, '[{"changed": {"fields": ["Sku"]}}]', 40, 1);
INSERT INTO public.django_admin_log VALUES (105, '2025-10-14 20:30:05.208864+00', '2', 'Brazo axial de direccin (BRAZO-DAEW-F16D3, -5463)', 2, '[{"changed": {"fields": ["Sku"]}}]', 40, 1);
INSERT INTO public.django_admin_log VALUES (106, '2025-10-14 20:30:17.117906+00', '1', 'Terminal de direccin (TERMI-DAEW-C20NED,-2451)', 2, '[{"changed": {"fields": ["Sku"]}}]', 40, 1);
INSERT INTO public.django_admin_log VALUES (107, '2025-10-14 20:30:43.440722+00', '52', 'Juego de Empaquetaduras (JUEGO-XXXX-ZZZZZZ-3980)', 2, '[{"changed": {"fields": ["Sku"]}}]', 40, 1);
INSERT INTO public.django_admin_log VALUES (108, '2025-10-20 20:51:59.127456+00', '2', 'admin', 2, '[{"changed": {"fields": ["password"]}}]', 4, 1);
INSERT INTO public.django_admin_log VALUES (109, '2025-10-20 21:02:37.140218+00', '5', 'Camilo Condell (Administrador)', 1, '[{"added": {}}]', 50, 1);
INSERT INTO public.django_admin_log VALUES (110, '2025-10-22 14:09:44.467398+00', '1', 'StockMovimiento object (1)', 2, '[{"changed": {"fields": ["Cantidad"]}}]', 43, 1);
INSERT INTO public.django_admin_log VALUES (111, '2025-10-22 14:15:46.161788+00', '2', 'Compra #COMP-0002 - Mobil', 2, '[{"added": {"name": "Item de Compra", "object": "Aceite 10w-40 - 4 unidades"}}]', 64, 1);
INSERT INTO public.django_admin_log VALUES (112, '2025-10-22 23:47:27.65295+00', '113', 'Aceite 10w-40 (Stock: 0)', 3, '', 41, 1);
INSERT INTO public.django_admin_log VALUES (113, '2025-10-23 00:26:21.331737+00', '3', 'Compra #COMP-0003 - pepe', 3, '', 64, 1);
INSERT INTO public.django_admin_log VALUES (114, '2025-10-23 00:26:21.331782+00', '2', 'Compra #COMP-0002 - Mobil', 3, '', 64, 1);
INSERT INTO public.django_admin_log VALUES (115, '2025-10-23 00:26:21.331797+00', '1', 'Compra #COMP-0001 - Noriega', 3, '', 64, 1);
INSERT INTO public.django_admin_log VALUES (116, '2025-10-23 00:44:15.422451+00', '4', 'Compra #COMP-0001 - netgogo', 3, '', 64, 1);
INSERT INTO public.django_admin_log VALUES (117, '2025-11-07 17:25:58.766652+00', '18', 'Francisco Astudillo', 3, '', 32, 1);
INSERT INTO public.django_admin_log VALUES (118, '2025-11-07 17:25:58.766698+00', '17', 'Baldomero Maldonado', 3, '', 32, 1);
INSERT INTO public.django_admin_log VALUES (119, '2025-11-07 17:25:58.766715+00', '16', 'Max pruebas', 3, '', 32, 1);
INSERT INTO public.django_admin_log VALUES (120, '2025-11-07 17:25:58.766727+00', '15', 'Cristian Alamos', 3, '', 32, 1);
INSERT INTO public.django_admin_log VALUES (121, '2025-11-07 17:25:58.766739+00', '14', 'Anonimo', 3, '', 32, 1);
INSERT INTO public.django_admin_log VALUES (122, '2025-11-07 17:29:41.299257+00', '9778532-5', 'Alexis Chavarria (9778532-5)', 2, '[{"changed": {"fields": ["Email"]}}]', 63, 1);
INSERT INTO public.django_admin_log VALUES (123, '2025-11-07 17:33:01.223108+00', '37', 'XP7074  RENAULT CLIO EXPRESSION 1.6 (2004)', 2, '[{"changed": {"fields": ["Descripcion motor"]}}]', 36, 1);
INSERT INTO public.django_admin_log VALUES (124, '2025-11-07 17:57:42.970176+00', '9778532-5', 'Alexis Chavarria (9778532-5)', 2, '[{"changed": {"fields": ["Direccion"]}}]', 63, 1);
INSERT INTO public.django_admin_log VALUES (125, '2025-11-07 18:00:04.254635+00', '37', 'XP7074  RENAULT CLIO EXPRESSION 1.6 (2004)', 2, '[{"changed": {"fields": ["Descripcion motor"]}}]', 36, 1);
INSERT INTO public.django_admin_log VALUES (126, '2025-11-07 18:17:09.71583+00', '43', 'XP7074  RENAULT CLIO EXPRESSION 1.6 (2004)', 3, '', 36, 1);
INSERT INTO public.django_admin_log VALUES (127, '2025-11-07 18:18:13.576727+00', '42', 'XP7074  RENAULT CLIO EXPRESSION 1.6 (2004)', 3, '', 36, 1);
INSERT INTO public.django_admin_log VALUES (128, '2025-11-07 18:40:03.352073+00', '35', 'XX1610  PEUGEOT PARTNER 1.9 (2004)', 3, '', 36, 1);
INSERT INTO public.django_admin_log VALUES (129, '2025-11-07 19:51:40.586443+00', '82632131', 'Max Gonzalez (82632131)', 3, '', 63, 1);
INSERT INTO public.django_admin_log VALUES (130, '2025-11-07 19:52:49.896864+00', '82632131', 'prueba del sistema (82632131)', 2, '[{"changed": {"fields": ["RUT"]}}]', 63, 1);
INSERT INTO public.django_admin_log VALUES (131, '2025-11-07 19:54:40.910824+00', '82632131', 'prueba del sistema (82632131)', 3, '', 63, 1);
INSERT INTO public.django_admin_log VALUES (132, '2025-11-07 20:45:08.574379+00', '47305578', 'Leonor Chacon (47305578)', 3, '', 63, 1);
INSERT INTO public.django_admin_log VALUES (133, '2025-11-07 21:37:54.771141+00', '47305578', 'Leonor Chacon2 (47305578)', 3, '', 63, 1);
INSERT INTO public.django_admin_log VALUES (134, '2025-11-07 21:37:54.771249+00', '82632131', 'maxito 2 (82632131)', 3, '', 63, 1);
INSERT INTO public.django_admin_log VALUES (135, '2025-11-07 21:38:15.697033+00', '19726848-4', 'Camilo Urrutia (19726848-4)', 2, '[{"changed": {"fields": ["RUT"]}}]', 63, 1);
INSERT INTO public.django_admin_log VALUES (136, '2025-11-07 21:38:30.983051+00', '197268484', 'Camilo Urrutia (197268484)', 3, '', 63, 1);


--
-- Data for Name: django_content_type; Type: TABLE DATA; Schema: public; Owner: maxgonpe
--

INSERT INTO public.django_content_type VALUES (1, 'admin', 'logentry');
INSERT INTO public.django_content_type VALUES (2, 'auth', 'permission');
INSERT INTO public.django_content_type VALUES (3, 'auth', 'group');
INSERT INTO public.django_content_type VALUES (4, 'auth', 'user');
INSERT INTO public.django_content_type VALUES (5, 'contenttypes', 'contenttype');
INSERT INTO public.django_content_type VALUES (6, 'sessions', 'session');
INSERT INTO public.django_content_type VALUES (32, 'car', 'cliente');
INSERT INTO public.django_content_type VALUES (33, 'car', 'componente');
INSERT INTO public.django_content_type VALUES (34, 'car', 'diagnostico');
INSERT INTO public.django_content_type VALUES (35, 'car', 'reparacion');
INSERT INTO public.django_content_type VALUES (36, 'car', 'vehiculo');
INSERT INTO public.django_content_type VALUES (37, 'car', 'accion');
INSERT INTO public.django_content_type VALUES (38, 'car', 'diagnosticocomponenteaccion');
INSERT INTO public.django_content_type VALUES (39, 'car', 'componenteaccion');
INSERT INTO public.django_content_type VALUES (40, 'car', 'repuesto');
INSERT INTO public.django_content_type VALUES (41, 'car', 'repuestoenstock');
INSERT INTO public.django_content_type VALUES (42, 'car', 'diagnosticorepuesto');
INSERT INTO public.django_content_type VALUES (43, 'car', 'stockmovimiento');
INSERT INTO public.django_content_type VALUES (44, 'car', 'vehiculoversion');
INSERT INTO public.django_content_type VALUES (45, 'car', 'componenterepuesto');
INSERT INTO public.django_content_type VALUES (46, 'car', 'repuestoaplicacion');
INSERT INTO public.django_content_type VALUES (47, 'car', 'trabajo');
INSERT INTO public.django_content_type VALUES (48, 'car', 'trabajoaccion');
INSERT INTO public.django_content_type VALUES (49, 'car', 'trabajorepuesto');
INSERT INTO public.django_content_type VALUES (50, 'car', 'mecanico');
INSERT INTO public.django_content_type VALUES (51, 'car', 'trabajofoto');
INSERT INTO public.django_content_type VALUES (52, 'car', 'venta');
INSERT INTO public.django_content_type VALUES (53, 'car', 'ventaitem');
INSERT INTO public.django_content_type VALUES (54, 'car', 'prefijorepuesto');
INSERT INTO public.django_content_type VALUES (55, 'car', 'configuracionpos');
INSERT INTO public.django_content_type VALUES (56, 'car', 'sesionventa');
INSERT INTO public.django_content_type VALUES (57, 'car', 'carritoitem');
INSERT INTO public.django_content_type VALUES (58, 'car', 'ventapos');
INSERT INTO public.django_content_type VALUES (59, 'car', 'ventapositem');
INSERT INTO public.django_content_type VALUES (60, 'car', 'cotizacion');
INSERT INTO public.django_content_type VALUES (61, 'car', 'cotizacionitem');
INSERT INTO public.django_content_type VALUES (62, 'car', 'administraciontaller');
INSERT INTO public.django_content_type VALUES (63, 'car', 'cliente_taller');
INSERT INTO public.django_content_type VALUES (64, 'car', 'compra');
INSERT INTO public.django_content_type VALUES (65, 'car', 'compraitem');
INSERT INTO public.django_content_type VALUES (66, 'car', 'trabajoabono');
INSERT INTO public.django_content_type VALUES (67, 'car', 'repuestoexterno');
INSERT INTO public.django_content_type VALUES (68, 'car', 'registroevento');
INSERT INTO public.django_content_type VALUES (69, 'car', 'resumentrabajo');
INSERT INTO public.django_content_type VALUES (70, 'car', 'trabajoadicional');
INSERT INTO public.django_content_type VALUES (71, 'car', 'bonogenerado');
INSERT INTO public.django_content_type VALUES (72, 'car', 'configuracionbonomecanico');
INSERT INTO public.django_content_type VALUES (73, 'car', 'excepcionbonotrabajo');
INSERT INTO public.django_content_type VALUES (74, 'car', 'pagomecanico');


--
-- Data for Name: django_migrations; Type: TABLE DATA; Schema: public; Owner: maxgonpe
--

INSERT INTO public.django_migrations VALUES (1, 'contenttypes', '0001_initial', '2025-09-30 09:52:15.260865+00');
INSERT INTO public.django_migrations VALUES (2, 'auth', '0001_initial', '2025-09-30 09:52:15.326488+00');
INSERT INTO public.django_migrations VALUES (3, 'admin', '0001_initial', '2025-09-30 09:52:15.346793+00');
INSERT INTO public.django_migrations VALUES (4, 'admin', '0002_logentry_remove_auto_add', '2025-09-30 09:52:15.355506+00');
INSERT INTO public.django_migrations VALUES (5, 'admin', '0003_logentry_add_action_flag_choices', '2025-09-30 09:52:15.363934+00');
INSERT INTO public.django_migrations VALUES (6, 'contenttypes', '0002_remove_content_type_name', '2025-09-30 09:52:15.377268+00');
INSERT INTO public.django_migrations VALUES (7, 'auth', '0002_alter_permission_name_max_length', '2025-09-30 09:52:15.384864+00');
INSERT INTO public.django_migrations VALUES (8, 'auth', '0003_alter_user_email_max_length', '2025-09-30 09:52:15.390951+00');
INSERT INTO public.django_migrations VALUES (9, 'auth', '0004_alter_user_username_opts', '2025-09-30 09:52:15.396478+00');
INSERT INTO public.django_migrations VALUES (10, 'auth', '0005_alter_user_last_login_null', '2025-09-30 09:52:15.402265+00');
INSERT INTO public.django_migrations VALUES (11, 'auth', '0006_require_contenttypes_0002', '2025-09-30 09:52:15.403921+00');
INSERT INTO public.django_migrations VALUES (12, 'auth', '0007_alter_validators_add_error_messages', '2025-09-30 09:52:15.410858+00');
INSERT INTO public.django_migrations VALUES (13, 'auth', '0008_alter_user_username_max_length', '2025-09-30 09:52:15.418941+00');
INSERT INTO public.django_migrations VALUES (14, 'auth', '0009_alter_user_last_name_max_length', '2025-09-30 09:52:15.425246+00');
INSERT INTO public.django_migrations VALUES (15, 'auth', '0010_alter_group_name_max_length', '2025-09-30 09:52:15.431889+00');
INSERT INTO public.django_migrations VALUES (16, 'auth', '0011_update_proxy_permissions', '2025-09-30 09:52:15.43768+00');
INSERT INTO public.django_migrations VALUES (17, 'auth', '0012_alter_user_first_name_max_length', '2025-09-30 09:52:15.444438+00');
INSERT INTO public.django_migrations VALUES (45, 'car', '0001_initial', '2025-10-10 21:38:38.847803+00');
INSERT INTO public.django_migrations VALUES (46, 'car', '0002_remove_componente_car_compone_nombre_97a8e4_idx_and_more', '2025-10-10 21:38:38.847803+00');
INSERT INTO public.django_migrations VALUES (47, 'car', '0003_remove_diagnostico_componente_and_more', '2025-10-10 21:38:38.847803+00');
INSERT INTO public.django_migrations VALUES (48, 'car', '0004_accion_diagnosticocomponenteaccion_componenteaccion', '2025-10-10 21:38:38.847803+00');
INSERT INTO public.django_migrations VALUES (49, 'car', '0005_remove_repuestorecomendado_reparacion_and_more', '2025-10-10 21:38:38.847803+00');
INSERT INTO public.django_migrations VALUES (50, 'car', '0006_repuesto_repuestoenstock_diagnosticorepuesto_and_more', '2025-10-10 21:38:38.847803+00');
INSERT INTO public.django_migrations VALUES (51, 'car', '0007_diagnostico_aceptado_por_and_more', '2025-10-10 21:38:38.847803+00');
INSERT INTO public.django_migrations VALUES (52, 'car', '0008_diagnostico_estado', '2025-10-10 21:38:38.847803+00');
INSERT INTO public.django_migrations VALUES (53, 'car', '0009_mecanico', '2025-10-10 21:38:38.847803+00');
INSERT INTO public.django_migrations VALUES (54, 'car', '0010_trabajo_mecanicos_trabajoaccion_completado_and_more', '2025-10-10 21:38:38.847803+00');
INSERT INTO public.django_migrations VALUES (55, 'car', '0011_alter_trabajo_estado', '2025-10-10 21:38:38.847803+00');
INSERT INTO public.django_migrations VALUES (56, 'car', '0012_trabajo_componentes', '2025-10-10 21:38:38.847803+00');
INSERT INTO public.django_migrations VALUES (57, 'car', '0013_alter_trabajorepuesto_componente', '2025-10-10 21:38:38.847803+00');
INSERT INTO public.django_migrations VALUES (58, 'car', '0014_trabajorepuesto_completado_trabajorepuesto_fecha', '2025-10-10 21:38:38.847803+00');
INSERT INTO public.django_migrations VALUES (59, 'car', '0015_repuesto_codigo_barra_repuesto_stock_venta_ventaitem', '2025-10-10 21:38:38.847803+00');
INSERT INTO public.django_migrations VALUES (33, 'sessions', '0001_initial', '2025-09-30 09:52:16.130065+00');
INSERT INTO public.django_migrations VALUES (60, 'car', '0016_prefijorepuesto', '2025-10-10 21:38:38.847803+00');
INSERT INTO public.django_migrations VALUES (61, 'car', '0017_configuracionpos_sesionventa_carritoitem_ventapos_and_more', '2025-10-10 21:38:38.847803+00');
INSERT INTO public.django_migrations VALUES (62, 'car', '0018_cotizacion_cotizacionitem', '2025-10-10 21:38:38.847803+00');
INSERT INTO public.django_migrations VALUES (63, 'car', '0019_alter_trabajo_estado_administraciontaller', '2025-10-10 21:38:38.847803+00');
INSERT INTO public.django_migrations VALUES (64, 'car', '0020_repuesto_codigo_proveedor_repuesto_marca_vehiculo_and_more', '2025-10-10 21:38:38.847803+00');
INSERT INTO public.django_migrations VALUES (65, 'car', '0021_auto_20251008_1420', '2025-10-10 21:38:38.847803+00');
INSERT INTO public.django_migrations VALUES (66, 'car', '0022_remove_repuesto_codigo_proveedor_and_more', '2025-10-10 21:38:38.847803+00');
INSERT INTO public.django_migrations VALUES (67, 'car', '0023_repuesto_cod_prov_repuesto_marca_veh_and_more', '2025-10-10 21:38:38.847803+00');
INSERT INTO public.django_migrations VALUES (68, 'car', '0024_cliente_taller', '2025-10-10 21:38:38.847803+00');
INSERT INTO public.django_migrations VALUES (69, 'car', '0025_alter_cotizacion_cliente_alter_vehiculo_cliente_and_more', '2025-10-10 21:38:38.847803+00');
INSERT INTO public.django_migrations VALUES (70, 'car', '0026_alter_componente_padre', '2025-10-14 18:11:07.988373+00');
INSERT INTO public.django_migrations VALUES (71, 'car', '0027_alter_repuesto_marca_alter_repuesto_marca_veh_and_more', '2025-10-14 18:11:08.035546+00');
INSERT INTO public.django_migrations VALUES (72, 'car', '0028_compra_compraitem', '2025-10-14 18:11:08.224824+00');
INSERT INTO public.django_migrations VALUES (73, 'car', '0029_add_motor_carroceria_to_repuesto_aplicacion', '2025-10-17 22:55:38.064436+00');
INSERT INTO public.django_migrations VALUES (74, 'car', '0030_vehiculoversion_carroceria_vehiculoversion_motor', '2025-10-17 23:16:22.044386+00');
INSERT INTO public.django_migrations VALUES (75, 'car', '0031_mecanico_aprobar_diagnosticos_and_more', '2025-10-20 20:39:13.699789+00');
INSERT INTO public.django_migrations VALUES (76, 'car', '0032_repuesto_carroceria', '2025-10-23 01:26:07.122734+00');
INSERT INTO public.django_migrations VALUES (77, 'car', '0033_agregar_trabajo_abono', '2025-10-27 17:26:19.813008+00');
INSERT INTO public.django_migrations VALUES (78, 'car', '0034_agregar_repuesto_externo', '2025-10-28 00:47:57.143322+00');
INSERT INTO public.django_migrations VALUES (79, 'car', '0035_agregar_repuesto_externo_a_diagnostico', '2025-10-28 00:47:57.26304+00');
INSERT INTO public.django_migrations VALUES (80, 'car', '0036_agregar_repuesto_externo_a_trabajo', '2025-10-28 00:47:57.35418+00');
INSERT INTO public.django_migrations VALUES (81, 'car', '0037_trabajo_lectura_kilometraje_actual', '2025-10-29 07:39:54.173828+00');
INSERT INTO public.django_migrations VALUES (82, 'car', '0038_add_auditoria_registros', '2025-11-03 21:25:48.771914+00');
INSERT INTO public.django_migrations VALUES (83, 'car', '0039_rename_total_repuestos_to_cantidad_repuestos', '2025-11-03 21:25:48.784584+00');
INSERT INTO public.django_migrations VALUES (84, 'car', '0040_add_diagnostico_events', '2025-11-03 21:25:48.796967+00');
INSERT INTO public.django_migrations VALUES (85, 'car', '0041_trabajoadicional', '2025-11-05 00:23:27.812954+00');
INSERT INTO public.django_migrations VALUES (86, 'car', '0042_trabajoaccion_cantidad_and_more', '2025-11-05 00:54:51.983905+00');
INSERT INTO public.django_migrations VALUES (87, 'car', '0043_diagnosticocomponenteaccion_cantidad', '2025-11-05 01:52:44.17361+00');
INSERT INTO public.django_migrations VALUES (88, 'car', '0044_add_visible_field_to_diagnostico_and_trabajo', '2025-11-05 20:28:10.628023+00');
INSERT INTO public.django_migrations VALUES (89, 'car', '0045_add_descuento_to_trabajo_adicional', '2025-11-06 17:23:10.997231+00');
INSERT INTO public.django_migrations VALUES (90, 'car', '0046_normalize_rut_and_vehiculo_constraints', '2025-11-07 22:15:45.496637+00');
INSERT INTO public.django_migrations VALUES (91, 'car', '0047_bonogenerado_configuracionbonomecanico_and_more', '2025-11-20 17:48:25.015087+00');
INSERT INTO public.django_migrations VALUES (92, 'car', '0048_add_compatibilidad_fields', '2025-12-02 15:57:37.469073+00');
INSERT INTO public.django_migrations VALUES (93, 'car', '0049_add_compatibilidad_fields_aplicacion', '2025-12-02 15:57:37.599593+00');


--
-- Data for Name: django_session; Type: TABLE DATA; Schema: public; Owner: maxgonpe
--

INSERT INTO public.django_session VALUES ('2lwik1fuyl3wet0vdr7ps6zq8uvmvy46', '.eJxVjEEOwiAQRe_C2hAgA0NduvcMhIFBqgaS0q6Md9cmXej2v_f-S4S4rTVsg5cwZ3EWWpx-N4rpwW0H-R7brcvU27rMJHdFHnTIa8_8vBzu30GNo35rjOCKsViS9iVl7wxqz6BA6UzopwJpciahM8oCETACWMyKmJBJk3h_ANIbN60:1v3hFA:VsAjmIUm3JT4DjeB-RGLRSx6zMxd5IWH1scUnkzcs8E', '2025-10-14 20:46:40.076646+00');
INSERT INTO public.django_session VALUES ('q6zm5sfw9vna95rrd68x6u6f2xrbcfwz', '.eJxVjEEOwiAQRe_C2hAgA0NduvcMhIFBqgaS0q6Md9cmXej2v_f-S4S4rTVsg5cwZ3EWWpx-N4rpwW0H-R7brcvU27rMJHdFHnTIa8_8vBzu30GNo35rjOCKsViS9iVl7wxqz6BA6UzopwJpciahM8oCETACWMyKmJBJk3h_ANIbN60:1v408T:pw6f-M75HOA4sK_AFpkM3hZWqqVIYLRQ2EkrlxQcUus', '2025-10-15 16:57:01.220794+00');
INSERT INTO public.django_session VALUES ('tckrdz2e2h36v1j7bjc1fjylrji0w4vs', '.eJxVjEEOwiAQRe_C2hAgA0NduvcMhIFBqgaS0q6Md9cmXej2v_f-S4S4rTVsg5cwZ3EWWpx-N4rpwW0H-R7brcvU27rMJHdFHnTIa8_8vBzu30GNo35rjOCKsViS9iVl7wxqz6BA6UzopwJpciahM8oCETACWMyKmJBJk3h_ANIbN60:1v40A2:7ryfKo46JTqf5S_tSq6hj6ZSRMQ_udxIuKfHwF8Ii8s', '2025-10-15 16:58:38.2166+00');
INSERT INTO public.django_session VALUES ('i9yu9mg4rbtjkl7qvj5hp0g53td9dqpg', '.eJxVjEEOwiAQRe_C2hAgA0NduvcMhIFBqgaS0q6Md9cmXej2v_f-S4S4rTVsg5cwZ3EWWpx-N4rpwW0H-R7brcvU27rMJHdFHnTIa8_8vBzu30GNo35rjOCKsViS9iVl7wxqz6BA6UzopwJpciahM8oCETACWMyKmJBJk3h_ANIbN60:1v41iR:tZSFA3_-IaC_7RqA8XwXFMHd0jeLRpF9kya5scdE4jk', '2025-10-15 18:38:15.071589+00');
INSERT INTO public.django_session VALUES ('m47frlo0eagpra6o8d1mtl3n2eoth2he', '.eJxVjEEOwiAQRe_C2hAgA0NduvcMhIFBqgaS0q6Md9cmXej2v_f-S4S4rTVsg5cwZ3EWWpx-N4rpwW0H-R7brcvU27rMJHdFHnTIa8_8vBzu30GNo35rjOCKsViS9iVl7wxqz6BA6UzopwJpciahM8oCETACWMyKmJBJk3h_ANIbN60:1v41yd:zMKRyVwQJ7lEQQ8Ou93te1qFUB9oVJR6Usr-cL4RMa0', '2025-10-15 18:54:59.341745+00');
INSERT INTO public.django_session VALUES ('5antxe8lekpfxp3bebfolo6iqq56yufa', '.eJxVjDsOgzAQBe_iOrJ2Ads4ZXrOgPZjB5IIJAxVlLtHliiS9s3Me5uRjn0aj5K2cVZzNY25_G5M8kxLBfqg5b5aWZd9m9lWxZ602GHV9Lqd7t_BRGWqNWDsQdsgqME7BN8wsFMVhxIgUM7InfZNqxpd5kzC0kGILiKQT-bzBd4UOCE:1v42NU:7fxNo2beTqQ-EytrxvyYFEQQgn1VFjeKHe9CwAPM7zE', '2025-10-15 19:20:40.412437+00');
INSERT INTO public.django_session VALUES ('dw6vxrnesh2ya6bw44kjotp7d6azem7n', '.eJxVjEEOwiAQRe_C2hAgA0NduvcMhIFBqgaS0q6Md9cmXej2v_f-S4S4rTVsg5cwZ3EWWpx-N4rpwW0H-R7brcvU27rMJHdFHnTIa8_8vBzu30GNo35rjOCKsViS9iVl7wxqz6BA6UzopwJpciahM8oCETACWMyKmJBJk3h_ANIbN60:1v45Df:wkhjxkYGe8XOq83R3SEkVocRuL3EZifX4RptK77nxBg', '2025-10-15 22:22:43.908734+00');
INSERT INTO public.django_session VALUES ('wfhfza8vpcbtgdvzb8rkrwi5mfycg5mn', '.eJxVjEEOwiAQRe_C2hAgA0NduvcMhIFBqgaS0q6Md9cmXej2v_f-S4S4rTVsg5cwZ3EWWpx-N4rpwW0H-R7brcvU27rMJHdFHnTIa8_8vBzu30GNo35rjOCKsViS9iVl7wxqz6BA6UzopwJpciahM8oCETACWMyKmJBJk3h_ANIbN60:1v45es:DtbTT6dKc7HYiqA-f09izn4VeiTcTKAExrYXV-sS-CE', '2025-10-15 22:50:50.26142+00');
INSERT INTO public.django_session VALUES ('kz5p9x8up3ga7tu84ghyz5ip4qzs10w6', '.eJxVjEEOwiAQRe_C2hAgA0NduvcMhIFBqgaS0q6Md9cmXej2v_f-S4S4rTVsg5cwZ3EWWpx-N4rpwW0H-R7brcvU27rMJHdFHnTIa8_8vBzu30GNo35rjOCKsViS9iVl7wxqz6BA6UzopwJpciahM8oCETACWMyKmJBJk3h_ANIbN60:1v4AGk:JU2Dx3yU12jKOnW3WKUwERG1gHf_Ctl09iteGN5QV0I', '2025-10-16 03:46:14.0891+00');
INSERT INTO public.django_session VALUES ('xwmgt9w316phf9lrc0aqpnzojlhcdbdy', '.eJxVjEEOwiAQRe_C2hAgA0NduvcMhIFBqgaS0q6Md9cmXej2v_f-S4S4rTVsg5cwZ3EWWpx-N4rpwW0H-R7brcvU27rMJHdFHnTIa8_8vBzu30GNo35rjOCKsViS9iVl7wxqz6BA6UzopwJpciahM8oCETACWMyKmJBJk3h_ANIbN60:1v4AUk:RLD7Ijoy3Lt-lgOHsTBVqHt1b0PIYlqY_s2sCsA_DH8', '2025-10-16 04:00:42.012886+00');
INSERT INTO public.django_session VALUES ('tbjgrg6v24zlqmm6ziqabiqbv9eubw8r', '.eJxVjEEOwiAQRe_C2hAgA0NduvcMhIFBqgaS0q6Md9cmXej2v_f-S4S4rTVsg5cwZ3EWWpx-N4rpwW0H-R7brcvU27rMJHdFHnTIa8_8vBzu30GNo35rjOCKsViS9iVl7wxqz6BA6UzopwJpciahM8oCETACWMyKmJBJk3h_ANIbN60:1v4Aec:w3FXwBmDM7SQfjsDWEDP6z6EZlELVyn2Js5kA0rIrik', '2025-10-16 04:10:54.740153+00');
INSERT INTO public.django_session VALUES ('5scn64tibusj6hewua051n1m0gxjo689', '.eJxVjEEOwiAQRe_C2hBKpwVcuu8ZCDMMUjWQlHZlvLtt0oVu_3vvv4UP25r91njxcxRX0YnL74aBnlwOEB-h3KukWtZlRnko8qRNTjXy63a6fwc5tLzXaAEUdDz0ihI7CEFbcsYpmxIDgjG9HcaoklOa0CmDBMSaRnAY90R8vtjFOA0:1vL0Ej:PxzMmXDL_CrUa_sgPi8nulnHAF5iNTcewcErCjGp9Kw', '2025-12-01 14:29:45.184409+00');
INSERT INTO public.django_session VALUES ('dnzr1i9n69umslr7j6pqcvsxpnud80p0', '.eJxVjEEOwiAQRe_C2hBKpwVcuu8ZCDMMUjWQlHZlvLtt0oVu_3vvv4UP25r91njxcxRX0YnL74aBnlwOEB-h3KukWtZlRnko8qRNTjXy63a6fwc5tLzXaAEUdDz0ihI7CEFbcsYpmxIDgjG9HcaoklOa0CmDBMSaRnAY90R8vtjFOA0:1vAVux:vUAfUx2TzFYgjWJpNDSELZdVgXXHjtpSawvf-XVJC4Q', '2025-11-02 16:05:59.263567+00');
INSERT INTO public.django_session VALUES ('l063t4m9tljrgc3363lgjq3zgueyc1aj', '.eJxVjMsOwiAQRf-FtSEwPAou3fsNZIBBqgaS0q6M_65NutDtPefcFwu4rTVsg5YwZ3Zmjp1-t4jpQW0H-Y7t1nnqbV3myHeFH3Twa8_0vBzu30HFUb81qSJh0phQabDaeqEyREFycoWAyKcIWiUrPEYQVFAVJ8FoMGjIR8XeH-CpN8U:1vGci7:wbbXTpNQAya0fpjAVPgVEjo7Fa8C2mcX6jdr4WyQDuk', '2025-11-19 12:33:59.155974+00');
INSERT INTO public.django_session VALUES ('o1vl8mik88w0sp29j87c6q1t257ka1sg', '.eJxVjEEOwiAQRe_C2hBKpwVcuu8ZCDMMUjWQlHZlvLtt0oVu_3vvv4UP25r91njxcxRX0YnL74aBnlwOEB-h3KukWtZlRnko8qRNTjXy63a6fwc5tLzXaAEUdDz0ihI7CEFbcsYpmxIDgjG9HcaoklOa0CmDBMSaRnAY90R8vtjFOA0:1vDTHi:7_w6kxCSht5ws1Ca0E8emTFiUyh0wR9JR-Rq1N5scRE', '2025-11-10 19:53:42.541146+00');
INSERT INTO public.django_session VALUES ('55xkepstl25hrfhxc75ujaxmq007p01i', '.eJxVjEEOwiAQRe_C2hBKpwVcuu8ZCDMMUjWQlHZlvLtt0oVu_3vvv4UP25r91njxcxRX0YnL74aBnlwOEB-h3KukWtZlRnko8qRNTjXy63a6fwc5tLzXaAEUdDz0ihI7CEFbcsYpmxIDgjG9HcaoklOa0CmDBMSaRnAY90R8vtjFOA0:1v7HeI:w2TkW3mmoWkI41LfuoVVievutwCtm7dEGgvPEdXcjtU', '2025-10-24 18:15:26.202098+00');
INSERT INTO public.django_session VALUES ('vqswzglzw1fi0iddn1l5yckmxnmp1zix', '.eJxVjMsOwiAQRf-FtSEwPAou3fsNZIBBqgaS0q6M_65NutDtPefcFwu4rTVsg5YwZ3Zmjp1-t4jpQW0H-Y7t1nnqbV3myHeFH3Twa8_0vBzu30HFUb81qSJh0phQabDaeqEyREFycoWAyKcIWiUrPEYQVFAVJ8FoMGjIR8XeH-CpN8U:1vBXvk:O05GXZCgtWOQLfoNKwbPIKxxl6kD68S8ft_yNtgIkog', '2025-11-05 12:27:04.577164+00');
INSERT INTO public.django_session VALUES ('cv6r9ufc3fyls1w0qa0glmmoq9fvz48w', '.eJxVjEEOwiAQRe_C2hBgoDgu3XsGMjBUqgaS0q6Md7dNutDtf-_9twi0LiWsPc9hYnERVpx-t0jpmesO-EH13mRqdZmnKHdFHrTLW-P8uh7u30GhXrY6OgNw9gazRnQEngwB-Wgsa0zJD1EzGx6RHMMQRzB2oxZJISgGJT5f1H03mA:1vBaem:Y7vuw3MdELBLwkWBS2aWX1MUtr0bigo-9eMlBZpbOPA', '2025-11-05 15:21:44.63135+00');
INSERT INTO public.django_session VALUES ('2kse32hq6fnw70k9lzezjw6a14e3pkv1', '.eJxVjEEOwiAQRe_C2hBKpwVcuu8ZCDMMUjWQlHZlvLtt0oVu_3vvv4UP25r91njxcxRX0YnL74aBnlwOEB-h3KukWtZlRnko8qRNTjXy63a6fwc5tLzXaAEUdDz0ihI7CEFbcsYpmxIDgjG9HcaoklOa0CmDBMSaRnAY90R8vtjFOA0:1v7q3H:xtaK40pC9FUcTBP4Ua4-aOusQjuJUA8S60dz11vR6H4', '2025-10-26 06:59:31.836348+00');
INSERT INTO public.django_session VALUES ('dtt1fwariqym97r8a9niap8sg70rbm1j', '.eJxVjEEOwiAQRe_C2hAgA0NduvcMhIFBqgaS0q6Md9cmXej2v_f-S4S4rTVsg5cwZ3EWWpx-N4rpwW0H-R7brcvU27rMJHdFHnTIa8_8vBzu30GNo35rjOCKsViS9iVl7wxqz6BA6UzopwJpciahM8oCETACWMyKmJBJk3h_ANIbN60:1v5vu6:R7WkIiVBUahZ6x60_xMmYhByG123mmofnGYsOm80KKo', '2025-10-21 00:50:10.902311+00');
INSERT INTO public.django_session VALUES ('lqwa2ds305qq34gvz8gdcilcq2wdwq0l', '.eJxVjEEOwiAQRe_C2hBKpwVcuu8ZCDMMUjWQlHZlvLtt0oVu_3vvv4UP25r91njxcxRX0YnL74aBnlwOEB-h3KukWtZlRnko8qRNTjXy63a6fwc5tLzXaAEUdDz0ihI7CEFbcsYpmxIDgjG9HcaoklOa0CmDBMSaRnAY90R8vtjFOA0:1v8gZp:iMgZfBuKLmPCVJAervE79wOp-Na3dvXNHbEPOc4Lnb8', '2025-10-28 15:04:37.342632+00');
INSERT INTO public.django_session VALUES ('acryt6yzk5u604qopymliqghxk54omcy', '.eJxVjEEOwiAQRe_C2hBKpwVcuu8ZCDMMUjWQlHZlvLtt0oVu_3vvv4UP25r91njxcxRX0YnL74aBnlwOEB-h3KukWtZlRnko8qRNTjXy63a6fwc5tLzXaAEUdDz0ihI7CEFbcsYpmxIDgjG9HcaoklOa0CmDBMSaRnAY90R8vtjFOA0:1vBzxV:HeGsA3r0RKoyKIMac_py7QFNho282V7qFEnTHZkkdos', '2025-11-06 18:22:45.211348+00');
INSERT INTO public.django_session VALUES ('bizmviok3trchp2nvqcwvqf7mvsvdyty', '.eJxVjEEOwiAQRe_C2hAgA0NduvcMhIFBqgaS0q6Md9cmXej2v_f-S4S4rTVsg5cwZ3EWWpx-N4rpwW0H-R7brcvU27rMJHdFHnTIa8_8vBzu30GNo35rjOCKsViS9iVl7wxqz6BA6UzopwJpciahM8oCETACWMyKmJBJk3h_ANIbN60:1v6Was:WSweArQqW_cN3sYuHP8O3k16mxA2YDz8LuV9P4E4TWM', '2025-10-22 16:00:46.514483+00');
INSERT INTO public.django_session VALUES ('8vvaqck5l9em36m4g7atwb4bmmwcavo7', '.eJxVjEEOwiAQRe_C2hBKpwVcuu8ZCDMMUjWQlHZlvLtt0oVu_3vvv4UP25r91njxcxRX0YnL74aBnlwOEB-h3KukWtZlRnko8qRNTjXy63a6fwc5tLzXaAEUdDz0ihI7CEFbcsYpmxIDgjG9HcaoklOa0CmDBMSaRnAY90R8vtjFOA0:1v9tN5:whxG6edB3Qnf9w55LtbcwxAmKZYrgjhJ1Ainv68F2go', '2025-10-31 22:56:27.415555+00');
INSERT INTO public.django_session VALUES ('3uur1prceb74djeflwxigmy2gf0bsx90', '.eJxVjEEOwiAQRe_C2hBKpwVcuu8ZCDMMUjWQlHZlvLtt0oVu_3vvv4UP25r91njxcxRX0YnL74aBnlwOEB-h3KukWtZlRnko8qRNTjXy63a6fwc5tLzXaAEUdDz0ihI7CEFbcsYpmxIDgjG9HcaoklOa0CmDBMSaRnAY90R8vtjFOA0:1vC06k:ATkAevabwQMvpFKCwh0nzu1eT0867ASiJZmoSgExzGY', '2025-11-06 18:32:18.296959+00');
INSERT INTO public.django_session VALUES ('oe3refj9bglhl9noi53t9kc8iymv6ay9', '.eJxVjEEOwiAQRe_C2hBKpwVcuu8ZCDMMUjWQlHZlvLtt0oVu_3vvv4UP25r91njxcxRX0YnL74aBnlwOEB-h3KukWtZlRnko8qRNTjXy63a6fwc5tLzXaAEUdDz0ihI7CEFbcsYpmxIDgjG9HcaoklOa0CmDBMSaRnAY90R8vtjFOA0:1vGdf6:Q3KJq-hNX2PojfCGGb-k13ZxeMsgIualNSxhH46mw0I', '2025-11-19 13:34:56.013935+00');
INSERT INTO public.django_session VALUES ('pcumodm4w0hcx2befqwjubwzj3xojug2', '.eJxVjEEOwiAQRe_C2hBKpwVcuu8ZCDMMUjWQlHZlvLtt0oVu_3vvv4UP25r91njxcxRX0YnL74aBnlwOEB-h3KukWtZlRnko8qRNTjXy63a6fwc5tLzXaAEUdDz0ihI7CEFbcsYpmxIDgjG9HcaoklOa0CmDBMSaRnAY90R8vtjFOA0:1vIuDO:FiWXVl_hibJgEctZS1zPuHu90paOp8TR3aF8_xlKJP4', '2025-11-25 19:39:42.690595+00');
INSERT INTO public.django_session VALUES ('ztoml13l63c9k4gea7r9id1ad15les1f', '.eJxVjEEOwiAQRe_C2hBgoDgu3XsGMjBUqgaS0q6Md7dNutDtf-_9twi0LiWsPc9hYnERVpx-t0jpmesO-EH13mRqdZmnKHdFHrTLW-P8uh7u30GhXrY6OgNw9gazRnQEngwB-Wgsa0zJD1EzGx6RHMMQRzB2oxZJISgGJT5f1H03mA:1vH6Je:_tJS3dWFP-i1ilk__N15Hk021B1jbcLwjbZgTWPmvvA', '2025-11-20 20:10:42.157896+00');
INSERT INTO public.django_session VALUES ('gvmc5uaf1eqariezgj5rxhu01yh04fsa', '.eJxVjEEOwiAQRe_C2hBKpwVcuu8ZCDMMUjWQlHZlvLtt0oVu_3vvv4UP25r91njxcxRX0YnL74aBnlwOEB-h3KukWtZlRnko8qRNTjXy63a6fwc5tLzXaAEUdDz0ihI7CEFbcsYpmxIDgjG9HcaoklOa0CmDBMSaRnAY90R8vtjFOA0:1vHPYM:8vIUELyLlwhniDxsK8qZP8rJpIUG0uzO6r3kWkgYBwY', '2025-11-21 16:43:10.52663+00');
INSERT INTO public.django_session VALUES ('t146bcrr1wccooigtsz97sd6v7l6fjrr', '.eJxVjssOwiAQRf-FtSFUoAWX7v0GMjBTWzWl4bEy_rs0aWJd3nMfuW_moJbJ1UzJzcguTLLTkXkIT1o2Ax-w3CMPcSlp9nyL8N3N_BaRXtc9-zcwQZ5a2wNYEh153yujRG_RijPaTnfKSqnOIxpQvQYlg9B6CHo0Q_C2KfQGBbXRRGulXKILiaBQ-1RSpQOvK_745wv6I0nh:1vTlCT:rvi4Qulec7zj9qUFZXfchqCdwFH2KuI0Xi_ew_G3PGs', '2025-12-25 18:15:37.97759+00');
INSERT INTO public.django_session VALUES ('l2z2u6ye5xu75qmvpgp6nhu48twhu3ob', '.eJxVjEEOwiAQRe_C2hBKpwVcuu8ZCDMMUjWQlHZlvLtt0oVu_3vvv4UP25r91njxcxRX0YnL74aBnlwOEB-h3KukWtZlRnko8qRNTjXy63a6fwc5tLzXaAEUdDz0ihI7CEFbcsYpmxIDgjG9HcaoklOa0CmDBMSaRnAY90R8vtjFOA0:1vG3zP:W3SCLSVAaEnjDsb3MBzTNk_IbJrpyL1P7Ygs4CBKUEk', '2025-11-17 23:29:31.156612+00');
INSERT INTO public.django_session VALUES ('rwr144sshfa4syrggi8eildowicb6z74', '.eJxVjEEOwiAQRe_C2hBKpwVcuu8ZCDMMUjWQlHZlvLtt0oVu_3vvv4UP25r91njxcxRX0YnL74aBnlwOEB-h3KukWtZlRnko8qRNTjXy63a6fwc5tLzXaAEUdDz0ihI7CEFbcsYpmxIDgjG9HcaoklOa0CmDBMSaRnAY90R8vtjFOA0:1vOOim:LgA0lpBFQXUOUO2cLWbN5eEYdTpJMuIcGE0hRfC09bE', '2025-12-10 23:14:48.644407+00');
INSERT INTO public.django_session VALUES ('y09m1b8jqlq1jr6r6e5v0gphjrrfhqwl', '.eJxVjEEOwiAQRe_C2hBKpwVcuu8ZCDMMUjWQlHZlvLtt0oVu_3vvv4UP25r91njxcxRX0YnL74aBnlwOEB-h3KukWtZlRnko8qRNTjXy63a6fwc5tLzXaAEUdDz0ihI7CEFbcsYpmxIDgjG9HcaoklOa0CmDBMSaRnAY90R8vtjFOA0:1vDmqV:uWjTTs_abwk46dfYbo2L2eQj__f50RovwmoSlwfRFzI', '2025-11-11 16:46:55.897108+00');
INSERT INTO public.django_session VALUES ('83nkih0azgxcu8br7y48ee4fn3xy5hwp', '.eJxVjEEOwiAQRe_C2hBKpwVcuu8ZCDMMUjWQlHZlvLtt0oVu_3vvv4UP25r91njxcxRX0YnL74aBnlwOEB-h3KukWtZlRnko8qRNTjXy63a6fwc5tLzXaAEUdDz0ihI7CEFbcsYpmxIDgjG9HcaoklOa0CmDBMSaRnAY90R8vtjFOA0:1vTp6m:xRODaJVf2BT8GR59kPUhSsAZdLabvJMPrgUq7aKpRBo', '2025-12-25 22:26:00.958649+00');
INSERT INTO public.django_session VALUES ('xekvghsmeovwsmxr4v1ky7yk3yj8j98x', '.eJxVjEEOwiAQRe_C2hBKpwVcuu8ZCDMMUjWQlHZlvLtt0oVu_3vvv4UP25r91njxcxRX0YnL74aBnlwOEB-h3KukWtZlRnko8qRNTjXy63a6fwc5tLzXaAEUdDz0ihI7CEFbcsYpmxIDgjG9HcaoklOa0CmDBMSaRnAY90R8vtjFOA0:1vQ2nC:Zi-3YfmlAbMlfPIncamTzGqJWMr1YZ-_jzBSNiIjb0A', '2025-12-15 12:14:10.149554+00');
INSERT INTO public.django_session VALUES ('4tvzonitsg1k1qgplpk7rfw0f7uwm73s', '.eJxVjEEOwiAQRe_C2hBKpwVcuu8ZCDMMUjWQlHZlvLtt0oVu_3vvv4UP25r91njxcxRX0YnL74aBnlwOEB-h3KukWtZlRnko8qRNTjXy63a6fwc5tLzXaAEUdDz0ihI7CEFbcsYpmxIDgjG9HcaoklOa0CmDBMSaRnAY90R8vtjFOA0:1vFvG0:Jebq3Fovco28Bb4qDQ0Zt-ZZcFQkdLssTgT9cbHFB-s', '2025-11-17 14:10:04.567638+00');


--
-- Name: auth_group_id_seq; Type: SEQUENCE SET; Schema: public; Owner: maxgonpe
--

SELECT pg_catalog.setval('public.auth_group_id_seq', 1, false);


--
-- Name: auth_group_permissions_id_seq; Type: SEQUENCE SET; Schema: public; Owner: maxgonpe
--

SELECT pg_catalog.setval('public.auth_group_permissions_id_seq', 1, false);


--
-- Name: auth_permission_id_seq; Type: SEQUENCE SET; Schema: public; Owner: maxgonpe
--

SELECT pg_catalog.setval('public.auth_permission_id_seq', 284, true);


--
-- Name: auth_user_groups_id_seq; Type: SEQUENCE SET; Schema: public; Owner: maxgonpe
--

SELECT pg_catalog.setval('public.auth_user_groups_id_seq', 1, false);


--
-- Name: auth_user_id_seq; Type: SEQUENCE SET; Schema: public; Owner: maxgonpe
--

SELECT pg_catalog.setval('public.auth_user_id_seq', 8, true);


--
-- Name: auth_user_user_permissions_id_seq; Type: SEQUENCE SET; Schema: public; Owner: maxgonpe
--

SELECT pg_catalog.setval('public.auth_user_user_permissions_id_seq', 1, false);


--
-- Name: car_accion_id_seq; Type: SEQUENCE SET; Schema: public; Owner: maxgonpe
--

SELECT pg_catalog.setval('public.car_accion_id_seq', 36, true);


--
-- Name: car_administraciontaller_id_seq; Type: SEQUENCE SET; Schema: public; Owner: maxgonpe
--

SELECT pg_catalog.setval('public.car_administraciontaller_id_seq', 1, true);


--
-- Name: car_bonogenerado_id_seq; Type: SEQUENCE SET; Schema: public; Owner: maxgonpe
--

SELECT pg_catalog.setval('public.car_bonogenerado_id_seq', 4, true);


--
-- Name: car_carritoitem_id_seq; Type: SEQUENCE SET; Schema: public; Owner: maxgonpe
--

SELECT pg_catalog.setval('public.car_carritoitem_id_seq', 110, true);


--
-- Name: car_cliente_id_seq; Type: SEQUENCE SET; Schema: public; Owner: maxgonpe
--

SELECT pg_catalog.setval('public.car_cliente_id_seq', 18, true);


--
-- Name: car_componente_id_seq; Type: SEQUENCE SET; Schema: public; Owner: maxgonpe
--

SELECT pg_catalog.setval('public.car_componente_id_seq', 146, true);


--
-- Name: car_componenteaccion_id_seq; Type: SEQUENCE SET; Schema: public; Owner: maxgonpe
--

SELECT pg_catalog.setval('public.car_componenteaccion_id_seq', 351, true);


--
-- Name: car_componenterepuesto_id_seq; Type: SEQUENCE SET; Schema: public; Owner: maxgonpe
--

SELECT pg_catalog.setval('public.car_componenterepuesto_id_seq', 645, true);


--
-- Name: car_compra_id_seq; Type: SEQUENCE SET; Schema: public; Owner: maxgonpe
--

SELECT pg_catalog.setval('public.car_compra_id_seq', 8, true);


--
-- Name: car_compraitem_id_seq; Type: SEQUENCE SET; Schema: public; Owner: maxgonpe
--

SELECT pg_catalog.setval('public.car_compraitem_id_seq', 5, true);


--
-- Name: car_configuracionbonomecanico_id_seq; Type: SEQUENCE SET; Schema: public; Owner: maxgonpe
--

SELECT pg_catalog.setval('public.car_configuracionbonomecanico_id_seq', 2, true);


--
-- Name: car_configuracionpos_id_seq; Type: SEQUENCE SET; Schema: public; Owner: maxgonpe
--

SELECT pg_catalog.setval('public.car_configuracionpos_id_seq', 1, true);


--
-- Name: car_cotizacion_id_seq; Type: SEQUENCE SET; Schema: public; Owner: maxgonpe
--

SELECT pg_catalog.setval('public.car_cotizacion_id_seq', 12, true);


--
-- Name: car_cotizacionitem_id_seq; Type: SEQUENCE SET; Schema: public; Owner: maxgonpe
--

SELECT pg_catalog.setval('public.car_cotizacionitem_id_seq', 26, true);


--
-- Name: car_diagnostico_componentes_id_seq; Type: SEQUENCE SET; Schema: public; Owner: maxgonpe
--

SELECT pg_catalog.setval('public.car_diagnostico_componentes_id_seq', 79, true);


--
-- Name: car_diagnostico_id_seq; Type: SEQUENCE SET; Schema: public; Owner: maxgonpe
--

SELECT pg_catalog.setval('public.car_diagnostico_id_seq', 76, true);


--
-- Name: car_diagnosticocomponenteaccion_id_seq; Type: SEQUENCE SET; Schema: public; Owner: maxgonpe
--

SELECT pg_catalog.setval('public.car_diagnosticocomponenteaccion_id_seq', 87, true);


--
-- Name: car_diagnosticorepuesto_id_seq; Type: SEQUENCE SET; Schema: public; Owner: maxgonpe
--

SELECT pg_catalog.setval('public.car_diagnosticorepuesto_id_seq', 38, true);


--
-- Name: car_excepcionbonotrabajo_id_seq; Type: SEQUENCE SET; Schema: public; Owner: maxgonpe
--

SELECT pg_catalog.setval('public.car_excepcionbonotrabajo_id_seq', 1, false);


--
-- Name: car_mecanico_id_seq; Type: SEQUENCE SET; Schema: public; Owner: maxgonpe
--

SELECT pg_catalog.setval('public.car_mecanico_id_seq', 8, true);


--
-- Name: car_pagomecanico_bonos_aplicados_id_seq; Type: SEQUENCE SET; Schema: public; Owner: maxgonpe
--

SELECT pg_catalog.setval('public.car_pagomecanico_bonos_aplicados_id_seq', 1, false);


--
-- Name: car_pagomecanico_id_seq; Type: SEQUENCE SET; Schema: public; Owner: maxgonpe
--

SELECT pg_catalog.setval('public.car_pagomecanico_id_seq', 1, false);


--
-- Name: car_prefijorepuesto_id_seq; Type: SEQUENCE SET; Schema: public; Owner: maxgonpe
--

SELECT pg_catalog.setval('public.car_prefijorepuesto_id_seq', 1, false);


--
-- Name: car_registroevento_id_seq; Type: SEQUENCE SET; Schema: public; Owner: maxgonpe
--

SELECT pg_catalog.setval('public.car_registroevento_id_seq', 333, true);


--
-- Name: car_reparacion_id_seq; Type: SEQUENCE SET; Schema: public; Owner: maxgonpe
--

SELECT pg_catalog.setval('public.car_reparacion_id_seq', 1, false);


--
-- Name: car_repuesto_id_seq; Type: SEQUENCE SET; Schema: public; Owner: maxgonpe
--

SELECT pg_catalog.setval('public.car_repuesto_id_seq', 265, true);


--
-- Name: car_repuestoaplicacion_id_seq; Type: SEQUENCE SET; Schema: public; Owner: maxgonpe
--

SELECT pg_catalog.setval('public.car_repuestoaplicacion_id_seq', 61, true);


--
-- Name: car_repuestoenstock_id_seq; Type: SEQUENCE SET; Schema: public; Owner: maxgonpe
--

SELECT pg_catalog.setval('public.car_repuestoenstock_id_seq', 275, true);


--
-- Name: car_repuestoexterno_id_seq; Type: SEQUENCE SET; Schema: public; Owner: maxgonpe
--

SELECT pg_catalog.setval('public.car_repuestoexterno_id_seq', 1, true);


--
-- Name: car_repuestoexterno_vehiculos_compatibles_id_seq; Type: SEQUENCE SET; Schema: public; Owner: maxgonpe
--

SELECT pg_catalog.setval('public.car_repuestoexterno_vehiculos_compatibles_id_seq', 1, false);


--
-- Name: car_resumentrabajo_id_seq; Type: SEQUENCE SET; Schema: public; Owner: maxgonpe
--

SELECT pg_catalog.setval('public.car_resumentrabajo_id_seq', 39, true);


--
-- Name: car_sesionventa_id_seq; Type: SEQUENCE SET; Schema: public; Owner: maxgonpe
--

SELECT pg_catalog.setval('public.car_sesionventa_id_seq', 25, true);


--
-- Name: car_stockmovimiento_id_seq; Type: SEQUENCE SET; Schema: public; Owner: maxgonpe
--

SELECT pg_catalog.setval('public.car_stockmovimiento_id_seq', 37, true);


--
-- Name: car_trabajo_componentes_id_seq; Type: SEQUENCE SET; Schema: public; Owner: maxgonpe
--

SELECT pg_catalog.setval('public.car_trabajo_componentes_id_seq', 61, true);


--
-- Name: car_trabajo_id_seq; Type: SEQUENCE SET; Schema: public; Owner: maxgonpe
--

SELECT pg_catalog.setval('public.car_trabajo_id_seq', 58, true);


--
-- Name: car_trabajo_mecanicos_id_seq; Type: SEQUENCE SET; Schema: public; Owner: maxgonpe
--

SELECT pg_catalog.setval('public.car_trabajo_mecanicos_id_seq', 45, true);


--
-- Name: car_trabajoabono_id_seq; Type: SEQUENCE SET; Schema: public; Owner: maxgonpe
--

SELECT pg_catalog.setval('public.car_trabajoabono_id_seq', 59, true);


--
-- Name: car_trabajoaccion_id_seq; Type: SEQUENCE SET; Schema: public; Owner: maxgonpe
--

SELECT pg_catalog.setval('public.car_trabajoaccion_id_seq', 108, true);


--
-- Name: car_trabajoadicional_id_seq; Type: SEQUENCE SET; Schema: public; Owner: maxgonpe
--

SELECT pg_catalog.setval('public.car_trabajoadicional_id_seq', 78, true);


--
-- Name: car_trabajofoto_id_seq; Type: SEQUENCE SET; Schema: public; Owner: maxgonpe
--

SELECT pg_catalog.setval('public.car_trabajofoto_id_seq', 19, true);


--
-- Name: car_trabajorepuesto_id_seq; Type: SEQUENCE SET; Schema: public; Owner: maxgonpe
--

SELECT pg_catalog.setval('public.car_trabajorepuesto_id_seq', 115, true);


--
-- Name: car_vehiculo_id_seq; Type: SEQUENCE SET; Schema: public; Owner: maxgonpe
--

SELECT pg_catalog.setval('public.car_vehiculo_id_seq', 73, true);


--
-- Name: car_vehiculoversion_id_seq; Type: SEQUENCE SET; Schema: public; Owner: maxgonpe
--

SELECT pg_catalog.setval('public.car_vehiculoversion_id_seq', 33, true);


--
-- Name: car_venta_id_seq; Type: SEQUENCE SET; Schema: public; Owner: maxgonpe
--

SELECT pg_catalog.setval('public.car_venta_id_seq', 1, false);


--
-- Name: car_ventaitem_id_seq; Type: SEQUENCE SET; Schema: public; Owner: maxgonpe
--

SELECT pg_catalog.setval('public.car_ventaitem_id_seq', 1, false);


--
-- Name: car_ventapos_id_seq; Type: SEQUENCE SET; Schema: public; Owner: maxgonpe
--

SELECT pg_catalog.setval('public.car_ventapos_id_seq', 26, true);


--
-- Name: car_ventapositem_id_seq; Type: SEQUENCE SET; Schema: public; Owner: maxgonpe
--

SELECT pg_catalog.setval('public.car_ventapositem_id_seq', 36, true);


--
-- Name: django_admin_log_id_seq; Type: SEQUENCE SET; Schema: public; Owner: maxgonpe
--

SELECT pg_catalog.setval('public.django_admin_log_id_seq', 136, true);


--
-- Name: django_content_type_id_seq; Type: SEQUENCE SET; Schema: public; Owner: maxgonpe
--

SELECT pg_catalog.setval('public.django_content_type_id_seq', 74, true);


--
-- Name: django_migrations_id_seq; Type: SEQUENCE SET; Schema: public; Owner: maxgonpe
--

SELECT pg_catalog.setval('public.django_migrations_id_seq', 93, true);


--
-- Name: auth_group auth_group_name_key; Type: CONSTRAINT; Schema: public; Owner: maxgonpe
--

ALTER TABLE ONLY public.auth_group
    ADD CONSTRAINT auth_group_name_key UNIQUE (name);


--
-- Name: auth_group_permissions auth_group_permissions_group_id_permission_id_0cd325b0_uniq; Type: CONSTRAINT; Schema: public; Owner: maxgonpe
--

ALTER TABLE ONLY public.auth_group_permissions
    ADD CONSTRAINT auth_group_permissions_group_id_permission_id_0cd325b0_uniq UNIQUE (group_id, permission_id);


--
-- Name: auth_group_permissions auth_group_permissions_pkey; Type: CONSTRAINT; Schema: public; Owner: maxgonpe
--

ALTER TABLE ONLY public.auth_group_permissions
    ADD CONSTRAINT auth_group_permissions_pkey PRIMARY KEY (id);


--
-- Name: auth_group auth_group_pkey; Type: CONSTRAINT; Schema: public; Owner: maxgonpe
--

ALTER TABLE ONLY public.auth_group
    ADD CONSTRAINT auth_group_pkey PRIMARY KEY (id);


--
-- Name: auth_permission auth_permission_content_type_id_codename_01ab375a_uniq; Type: CONSTRAINT; Schema: public; Owner: maxgonpe
--

ALTER TABLE ONLY public.auth_permission
    ADD CONSTRAINT auth_permission_content_type_id_codename_01ab375a_uniq UNIQUE (content_type_id, codename);


--
-- Name: auth_permission auth_permission_pkey; Type: CONSTRAINT; Schema: public; Owner: maxgonpe
--

ALTER TABLE ONLY public.auth_permission
    ADD CONSTRAINT auth_permission_pkey PRIMARY KEY (id);


--
-- Name: auth_user_groups auth_user_groups_pkey; Type: CONSTRAINT; Schema: public; Owner: maxgonpe
--

ALTER TABLE ONLY public.auth_user_groups
    ADD CONSTRAINT auth_user_groups_pkey PRIMARY KEY (id);


--
-- Name: auth_user_groups auth_user_groups_user_id_group_id_94350c0c_uniq; Type: CONSTRAINT; Schema: public; Owner: maxgonpe
--

ALTER TABLE ONLY public.auth_user_groups
    ADD CONSTRAINT auth_user_groups_user_id_group_id_94350c0c_uniq UNIQUE (user_id, group_id);


--
-- Name: auth_user auth_user_pkey; Type: CONSTRAINT; Schema: public; Owner: maxgonpe
--

ALTER TABLE ONLY public.auth_user
    ADD CONSTRAINT auth_user_pkey PRIMARY KEY (id);


--
-- Name: auth_user_user_permissions auth_user_user_permissions_pkey; Type: CONSTRAINT; Schema: public; Owner: maxgonpe
--

ALTER TABLE ONLY public.auth_user_user_permissions
    ADD CONSTRAINT auth_user_user_permissions_pkey PRIMARY KEY (id);


--
-- Name: auth_user_user_permissions auth_user_user_permissions_user_id_permission_id_14a6b632_uniq; Type: CONSTRAINT; Schema: public; Owner: maxgonpe
--

ALTER TABLE ONLY public.auth_user_user_permissions
    ADD CONSTRAINT auth_user_user_permissions_user_id_permission_id_14a6b632_uniq UNIQUE (user_id, permission_id);


--
-- Name: auth_user auth_user_username_key; Type: CONSTRAINT; Schema: public; Owner: maxgonpe
--

ALTER TABLE ONLY public.auth_user
    ADD CONSTRAINT auth_user_username_key UNIQUE (username);


--
-- Name: car_accion car_accion_nombre_key; Type: CONSTRAINT; Schema: public; Owner: maxgonpe
--

ALTER TABLE ONLY public.car_accion
    ADD CONSTRAINT car_accion_nombre_key UNIQUE (nombre);


--
-- Name: car_accion car_accion_pkey; Type: CONSTRAINT; Schema: public; Owner: maxgonpe
--

ALTER TABLE ONLY public.car_accion
    ADD CONSTRAINT car_accion_pkey PRIMARY KEY (id);


--
-- Name: car_administraciontaller car_administraciontaller_pkey; Type: CONSTRAINT; Schema: public; Owner: maxgonpe
--

ALTER TABLE ONLY public.car_administraciontaller
    ADD CONSTRAINT car_administraciontaller_pkey PRIMARY KEY (id);


--
-- Name: car_bonogenerado car_bonogenerado_pkey; Type: CONSTRAINT; Schema: public; Owner: maxgonpe
--

ALTER TABLE ONLY public.car_bonogenerado
    ADD CONSTRAINT car_bonogenerado_pkey PRIMARY KEY (id);


--
-- Name: car_carritoitem car_carritoitem_pkey; Type: CONSTRAINT; Schema: public; Owner: maxgonpe
--

ALTER TABLE ONLY public.car_carritoitem
    ADD CONSTRAINT car_carritoitem_pkey PRIMARY KEY (id);


--
-- Name: car_cliente car_cliente_pkey; Type: CONSTRAINT; Schema: public; Owner: maxgonpe
--

ALTER TABLE ONLY public.car_cliente
    ADD CONSTRAINT car_cliente_pkey PRIMARY KEY (id);


--
-- Name: car_cliente_taller car_cliente_taller_pkey; Type: CONSTRAINT; Schema: public; Owner: maxgonpe
--

ALTER TABLE ONLY public.car_cliente_taller
    ADD CONSTRAINT car_cliente_taller_pkey PRIMARY KEY (rut);


--
-- Name: car_componente car_componente_codigo_key; Type: CONSTRAINT; Schema: public; Owner: maxgonpe
--

ALTER TABLE ONLY public.car_componente
    ADD CONSTRAINT car_componente_codigo_key UNIQUE (codigo);


--
-- Name: car_componente car_componente_pkey; Type: CONSTRAINT; Schema: public; Owner: maxgonpe
--

ALTER TABLE ONLY public.car_componente
    ADD CONSTRAINT car_componente_pkey PRIMARY KEY (id);


--
-- Name: car_componenteaccion car_componenteaccion_componente_id_accion_id_1e85e9c2_uniq; Type: CONSTRAINT; Schema: public; Owner: maxgonpe
--

ALTER TABLE ONLY public.car_componenteaccion
    ADD CONSTRAINT car_componenteaccion_componente_id_accion_id_1e85e9c2_uniq UNIQUE (componente_id, accion_id);


--
-- Name: car_componenteaccion car_componenteaccion_pkey; Type: CONSTRAINT; Schema: public; Owner: maxgonpe
--

ALTER TABLE ONLY public.car_componenteaccion
    ADD CONSTRAINT car_componenteaccion_pkey PRIMARY KEY (id);


--
-- Name: car_componenterepuesto car_componenterepuesto_componente_id_repuesto_id_3a281d18_uniq; Type: CONSTRAINT; Schema: public; Owner: maxgonpe
--

ALTER TABLE ONLY public.car_componenterepuesto
    ADD CONSTRAINT car_componenterepuesto_componente_id_repuesto_id_3a281d18_uniq UNIQUE (componente_id, repuesto_id);


--
-- Name: car_componenterepuesto car_componenterepuesto_pkey; Type: CONSTRAINT; Schema: public; Owner: maxgonpe
--

ALTER TABLE ONLY public.car_componenterepuesto
    ADD CONSTRAINT car_componenterepuesto_pkey PRIMARY KEY (id);


--
-- Name: car_compra car_compra_numero_compra_key; Type: CONSTRAINT; Schema: public; Owner: maxgonpe
--

ALTER TABLE ONLY public.car_compra
    ADD CONSTRAINT car_compra_numero_compra_key UNIQUE (numero_compra);


--
-- Name: car_compra car_compra_pkey; Type: CONSTRAINT; Schema: public; Owner: maxgonpe
--

ALTER TABLE ONLY public.car_compra
    ADD CONSTRAINT car_compra_pkey PRIMARY KEY (id);


--
-- Name: car_compraitem car_compraitem_compra_id_repuesto_id_22f2ff68_uniq; Type: CONSTRAINT; Schema: public; Owner: maxgonpe
--

ALTER TABLE ONLY public.car_compraitem
    ADD CONSTRAINT car_compraitem_compra_id_repuesto_id_22f2ff68_uniq UNIQUE (compra_id, repuesto_id);


--
-- Name: car_compraitem car_compraitem_pkey; Type: CONSTRAINT; Schema: public; Owner: maxgonpe
--

ALTER TABLE ONLY public.car_compraitem
    ADD CONSTRAINT car_compraitem_pkey PRIMARY KEY (id);


--
-- Name: car_configuracionbonomecanico car_configuracionbonomecanico_mecanico_id_key; Type: CONSTRAINT; Schema: public; Owner: maxgonpe
--

ALTER TABLE ONLY public.car_configuracionbonomecanico
    ADD CONSTRAINT car_configuracionbonomecanico_mecanico_id_key UNIQUE (mecanico_id);


--
-- Name: car_configuracionbonomecanico car_configuracionbonomecanico_pkey; Type: CONSTRAINT; Schema: public; Owner: maxgonpe
--

ALTER TABLE ONLY public.car_configuracionbonomecanico
    ADD CONSTRAINT car_configuracionbonomecanico_pkey PRIMARY KEY (id);


--
-- Name: car_configuracionpos car_configuracionpos_pkey; Type: CONSTRAINT; Schema: public; Owner: maxgonpe
--

ALTER TABLE ONLY public.car_configuracionpos
    ADD CONSTRAINT car_configuracionpos_pkey PRIMARY KEY (id);


--
-- Name: car_cotizacion car_cotizacion_pkey; Type: CONSTRAINT; Schema: public; Owner: maxgonpe
--

ALTER TABLE ONLY public.car_cotizacion
    ADD CONSTRAINT car_cotizacion_pkey PRIMARY KEY (id);


--
-- Name: car_cotizacionitem car_cotizacionitem_pkey; Type: CONSTRAINT; Schema: public; Owner: maxgonpe
--

ALTER TABLE ONLY public.car_cotizacionitem
    ADD CONSTRAINT car_cotizacionitem_pkey PRIMARY KEY (id);


--
-- Name: car_diagnostico_componentes car_diagnostico_componen_diagnostico_id_component_ba79b744_uniq; Type: CONSTRAINT; Schema: public; Owner: maxgonpe
--

ALTER TABLE ONLY public.car_diagnostico_componentes
    ADD CONSTRAINT car_diagnostico_componen_diagnostico_id_component_ba79b744_uniq UNIQUE (diagnostico_id, componente_id);


--
-- Name: car_diagnostico_componentes car_diagnostico_componentes_pkey; Type: CONSTRAINT; Schema: public; Owner: maxgonpe
--

ALTER TABLE ONLY public.car_diagnostico_componentes
    ADD CONSTRAINT car_diagnostico_componentes_pkey PRIMARY KEY (id);


--
-- Name: car_diagnostico car_diagnostico_pkey; Type: CONSTRAINT; Schema: public; Owner: maxgonpe
--

ALTER TABLE ONLY public.car_diagnostico
    ADD CONSTRAINT car_diagnostico_pkey PRIMARY KEY (id);


--
-- Name: car_diagnosticocomponenteaccion car_diagnosticocomponenteaccion_pkey; Type: CONSTRAINT; Schema: public; Owner: maxgonpe
--

ALTER TABLE ONLY public.car_diagnosticocomponenteaccion
    ADD CONSTRAINT car_diagnosticocomponenteaccion_pkey PRIMARY KEY (id);


--
-- Name: car_diagnosticorepuesto car_diagnosticorepuesto_pkey; Type: CONSTRAINT; Schema: public; Owner: maxgonpe
--

ALTER TABLE ONLY public.car_diagnosticorepuesto
    ADD CONSTRAINT car_diagnosticorepuesto_pkey PRIMARY KEY (id);


--
-- Name: car_excepcionbonotrabajo car_excepcionbonotrabajo_pkey; Type: CONSTRAINT; Schema: public; Owner: maxgonpe
--

ALTER TABLE ONLY public.car_excepcionbonotrabajo
    ADD CONSTRAINT car_excepcionbonotrabajo_pkey PRIMARY KEY (id);


--
-- Name: car_excepcionbonotrabajo car_excepcionbonotrabajo_trabajo_id_key; Type: CONSTRAINT; Schema: public; Owner: maxgonpe
--

ALTER TABLE ONLY public.car_excepcionbonotrabajo
    ADD CONSTRAINT car_excepcionbonotrabajo_trabajo_id_key UNIQUE (trabajo_id);


--
-- Name: car_mecanico car_mecanico_pkey; Type: CONSTRAINT; Schema: public; Owner: maxgonpe
--

ALTER TABLE ONLY public.car_mecanico
    ADD CONSTRAINT car_mecanico_pkey PRIMARY KEY (id);


--
-- Name: car_mecanico car_mecanico_user_id_key; Type: CONSTRAINT; Schema: public; Owner: maxgonpe
--

ALTER TABLE ONLY public.car_mecanico
    ADD CONSTRAINT car_mecanico_user_id_key UNIQUE (user_id);


--
-- Name: car_pagomecanico_bonos_aplicados car_pagomecanico_bonos_a_pagomecanico_id_bonogene_0c6c5a1b_uniq; Type: CONSTRAINT; Schema: public; Owner: maxgonpe
--

ALTER TABLE ONLY public.car_pagomecanico_bonos_aplicados
    ADD CONSTRAINT car_pagomecanico_bonos_a_pagomecanico_id_bonogene_0c6c5a1b_uniq UNIQUE (pagomecanico_id, bonogenerado_id);


--
-- Name: car_pagomecanico_bonos_aplicados car_pagomecanico_bonos_aplicados_pkey; Type: CONSTRAINT; Schema: public; Owner: maxgonpe
--

ALTER TABLE ONLY public.car_pagomecanico_bonos_aplicados
    ADD CONSTRAINT car_pagomecanico_bonos_aplicados_pkey PRIMARY KEY (id);


--
-- Name: car_pagomecanico car_pagomecanico_pkey; Type: CONSTRAINT; Schema: public; Owner: maxgonpe
--

ALTER TABLE ONLY public.car_pagomecanico
    ADD CONSTRAINT car_pagomecanico_pkey PRIMARY KEY (id);


--
-- Name: car_prefijorepuesto car_prefijorepuesto_palabra_key; Type: CONSTRAINT; Schema: public; Owner: maxgonpe
--

ALTER TABLE ONLY public.car_prefijorepuesto
    ADD CONSTRAINT car_prefijorepuesto_palabra_key UNIQUE (palabra);


--
-- Name: car_prefijorepuesto car_prefijorepuesto_pkey; Type: CONSTRAINT; Schema: public; Owner: maxgonpe
--

ALTER TABLE ONLY public.car_prefijorepuesto
    ADD CONSTRAINT car_prefijorepuesto_pkey PRIMARY KEY (id);


--
-- Name: car_registroevento car_registroevento_pkey; Type: CONSTRAINT; Schema: public; Owner: maxgonpe
--

ALTER TABLE ONLY public.car_registroevento
    ADD CONSTRAINT car_registroevento_pkey PRIMARY KEY (id);


--
-- Name: car_reparacion car_reparacion_pkey; Type: CONSTRAINT; Schema: public; Owner: maxgonpe
--

ALTER TABLE ONLY public.car_reparacion
    ADD CONSTRAINT car_reparacion_pkey PRIMARY KEY (id);


--
-- Name: car_repuesto car_repuesto_codigo_barra_key; Type: CONSTRAINT; Schema: public; Owner: maxgonpe
--

ALTER TABLE ONLY public.car_repuesto
    ADD CONSTRAINT car_repuesto_codigo_barra_key UNIQUE (codigo_barra);


--
-- Name: car_repuesto car_repuesto_pkey; Type: CONSTRAINT; Schema: public; Owner: maxgonpe
--

ALTER TABLE ONLY public.car_repuesto
    ADD CONSTRAINT car_repuesto_pkey PRIMARY KEY (id);


--
-- Name: car_repuesto car_repuesto_sku_key; Type: CONSTRAINT; Schema: public; Owner: maxgonpe
--

ALTER TABLE ONLY public.car_repuesto
    ADD CONSTRAINT car_repuesto_sku_key UNIQUE (sku);


--
-- Name: car_repuestoaplicacion car_repuestoaplicacion_pkey; Type: CONSTRAINT; Schema: public; Owner: maxgonpe
--

ALTER TABLE ONLY public.car_repuestoaplicacion
    ADD CONSTRAINT car_repuestoaplicacion_pkey PRIMARY KEY (id);


--
-- Name: car_repuestoaplicacion car_repuestoaplicacion_repuesto_id_version_id_6d4599cd_uniq; Type: CONSTRAINT; Schema: public; Owner: maxgonpe
--

ALTER TABLE ONLY public.car_repuestoaplicacion
    ADD CONSTRAINT car_repuestoaplicacion_repuesto_id_version_id_6d4599cd_uniq UNIQUE (repuesto_id, version_id);


--
-- Name: car_repuestoenstock car_repuestoenstock_pkey; Type: CONSTRAINT; Schema: public; Owner: maxgonpe
--

ALTER TABLE ONLY public.car_repuestoenstock
    ADD CONSTRAINT car_repuestoenstock_pkey PRIMARY KEY (id);


--
-- Name: car_repuestoenstock car_repuestoenstock_repuesto_id_deposito_pro_cfa796e3_uniq; Type: CONSTRAINT; Schema: public; Owner: maxgonpe
--

ALTER TABLE ONLY public.car_repuestoenstock
    ADD CONSTRAINT car_repuestoenstock_repuesto_id_deposito_pro_cfa796e3_uniq UNIQUE (repuesto_id, deposito, proveedor);


--
-- Name: car_repuestoexterno car_repuestoexterno_pkey; Type: CONSTRAINT; Schema: public; Owner: maxgonpe
--

ALTER TABLE ONLY public.car_repuestoexterno
    ADD CONSTRAINT car_repuestoexterno_pkey PRIMARY KEY (id);


--
-- Name: car_repuestoexterno_vehiculos_compatibles car_repuestoexterno_vehi_repuestoexterno_id_vehic_dd3e6996_uniq; Type: CONSTRAINT; Schema: public; Owner: maxgonpe
--

ALTER TABLE ONLY public.car_repuestoexterno_vehiculos_compatibles
    ADD CONSTRAINT car_repuestoexterno_vehi_repuestoexterno_id_vehic_dd3e6996_uniq UNIQUE (repuestoexterno_id, vehiculo_id);


--
-- Name: car_repuestoexterno_vehiculos_compatibles car_repuestoexterno_vehiculos_compatibles_pkey; Type: CONSTRAINT; Schema: public; Owner: maxgonpe
--

ALTER TABLE ONLY public.car_repuestoexterno_vehiculos_compatibles
    ADD CONSTRAINT car_repuestoexterno_vehiculos_compatibles_pkey PRIMARY KEY (id);


--
-- Name: car_resumentrabajo car_resumentrabajo_pkey; Type: CONSTRAINT; Schema: public; Owner: maxgonpe
--

ALTER TABLE ONLY public.car_resumentrabajo
    ADD CONSTRAINT car_resumentrabajo_pkey PRIMARY KEY (id);


--
-- Name: car_resumentrabajo car_resumentrabajo_trabajo_id_key; Type: CONSTRAINT; Schema: public; Owner: maxgonpe
--

ALTER TABLE ONLY public.car_resumentrabajo
    ADD CONSTRAINT car_resumentrabajo_trabajo_id_key UNIQUE (trabajo_id);


--
-- Name: car_sesionventa car_sesionventa_pkey; Type: CONSTRAINT; Schema: public; Owner: maxgonpe
--

ALTER TABLE ONLY public.car_sesionventa
    ADD CONSTRAINT car_sesionventa_pkey PRIMARY KEY (id);


--
-- Name: car_stockmovimiento car_stockmovimiento_pkey; Type: CONSTRAINT; Schema: public; Owner: maxgonpe
--

ALTER TABLE ONLY public.car_stockmovimiento
    ADD CONSTRAINT car_stockmovimiento_pkey PRIMARY KEY (id);


--
-- Name: car_trabajo_componentes car_trabajo_componentes_pkey; Type: CONSTRAINT; Schema: public; Owner: maxgonpe
--

ALTER TABLE ONLY public.car_trabajo_componentes
    ADD CONSTRAINT car_trabajo_componentes_pkey PRIMARY KEY (id);


--
-- Name: car_trabajo_componentes car_trabajo_componentes_trabajo_id_componente_id_70c4f2ab_uniq; Type: CONSTRAINT; Schema: public; Owner: maxgonpe
--

ALTER TABLE ONLY public.car_trabajo_componentes
    ADD CONSTRAINT car_trabajo_componentes_trabajo_id_componente_id_70c4f2ab_uniq UNIQUE (trabajo_id, componente_id);


--
-- Name: car_trabajo car_trabajo_diagnostico_id_key; Type: CONSTRAINT; Schema: public; Owner: maxgonpe
--

ALTER TABLE ONLY public.car_trabajo
    ADD CONSTRAINT car_trabajo_diagnostico_id_key UNIQUE (diagnostico_id);


--
-- Name: car_trabajo_mecanicos car_trabajo_mecanicos_pkey; Type: CONSTRAINT; Schema: public; Owner: maxgonpe
--

ALTER TABLE ONLY public.car_trabajo_mecanicos
    ADD CONSTRAINT car_trabajo_mecanicos_pkey PRIMARY KEY (id);


--
-- Name: car_trabajo_mecanicos car_trabajo_mecanicos_trabajo_id_mecanico_id_f8708066_uniq; Type: CONSTRAINT; Schema: public; Owner: maxgonpe
--

ALTER TABLE ONLY public.car_trabajo_mecanicos
    ADD CONSTRAINT car_trabajo_mecanicos_trabajo_id_mecanico_id_f8708066_uniq UNIQUE (trabajo_id, mecanico_id);


--
-- Name: car_trabajo car_trabajo_pkey; Type: CONSTRAINT; Schema: public; Owner: maxgonpe
--

ALTER TABLE ONLY public.car_trabajo
    ADD CONSTRAINT car_trabajo_pkey PRIMARY KEY (id);


--
-- Name: car_trabajoabono car_trabajoabono_pkey; Type: CONSTRAINT; Schema: public; Owner: maxgonpe
--

ALTER TABLE ONLY public.car_trabajoabono
    ADD CONSTRAINT car_trabajoabono_pkey PRIMARY KEY (id);


--
-- Name: car_trabajoaccion car_trabajoaccion_pkey; Type: CONSTRAINT; Schema: public; Owner: maxgonpe
--

ALTER TABLE ONLY public.car_trabajoaccion
    ADD CONSTRAINT car_trabajoaccion_pkey PRIMARY KEY (id);


--
-- Name: car_trabajoadicional car_trabajoadicional_pkey; Type: CONSTRAINT; Schema: public; Owner: maxgonpe
--

ALTER TABLE ONLY public.car_trabajoadicional
    ADD CONSTRAINT car_trabajoadicional_pkey PRIMARY KEY (id);


--
-- Name: car_trabajofoto car_trabajofoto_pkey; Type: CONSTRAINT; Schema: public; Owner: maxgonpe
--

ALTER TABLE ONLY public.car_trabajofoto
    ADD CONSTRAINT car_trabajofoto_pkey PRIMARY KEY (id);


--
-- Name: car_trabajorepuesto car_trabajorepuesto_pkey; Type: CONSTRAINT; Schema: public; Owner: maxgonpe
--

ALTER TABLE ONLY public.car_trabajorepuesto
    ADD CONSTRAINT car_trabajorepuesto_pkey PRIMARY KEY (id);


--
-- Name: car_vehiculo car_vehiculo_pkey; Type: CONSTRAINT; Schema: public; Owner: maxgonpe
--

ALTER TABLE ONLY public.car_vehiculo
    ADD CONSTRAINT car_vehiculo_pkey PRIMARY KEY (id);


--
-- Name: car_vehiculo car_vehiculo_placa_cecc4e4e_uniq; Type: CONSTRAINT; Schema: public; Owner: maxgonpe
--

ALTER TABLE ONLY public.car_vehiculo
    ADD CONSTRAINT car_vehiculo_placa_cecc4e4e_uniq UNIQUE (placa);


--
-- Name: car_vehiculoversion car_vehiculoversion_marca_modelo_anio_desde__42930ce2_uniq; Type: CONSTRAINT; Schema: public; Owner: maxgonpe
--

ALTER TABLE ONLY public.car_vehiculoversion
    ADD CONSTRAINT car_vehiculoversion_marca_modelo_anio_desde__42930ce2_uniq UNIQUE (marca, modelo, anio_desde, anio_hasta);


--
-- Name: car_vehiculoversion car_vehiculoversion_pkey; Type: CONSTRAINT; Schema: public; Owner: maxgonpe
--

ALTER TABLE ONLY public.car_vehiculoversion
    ADD CONSTRAINT car_vehiculoversion_pkey PRIMARY KEY (id);


--
-- Name: car_venta car_venta_pkey; Type: CONSTRAINT; Schema: public; Owner: maxgonpe
--

ALTER TABLE ONLY public.car_venta
    ADD CONSTRAINT car_venta_pkey PRIMARY KEY (id);


--
-- Name: car_ventaitem car_ventaitem_pkey; Type: CONSTRAINT; Schema: public; Owner: maxgonpe
--

ALTER TABLE ONLY public.car_ventaitem
    ADD CONSTRAINT car_ventaitem_pkey PRIMARY KEY (id);


--
-- Name: car_ventapos car_ventapos_pkey; Type: CONSTRAINT; Schema: public; Owner: maxgonpe
--

ALTER TABLE ONLY public.car_ventapos
    ADD CONSTRAINT car_ventapos_pkey PRIMARY KEY (id);


--
-- Name: car_ventapositem car_ventapositem_pkey; Type: CONSTRAINT; Schema: public; Owner: maxgonpe
--

ALTER TABLE ONLY public.car_ventapositem
    ADD CONSTRAINT car_ventapositem_pkey PRIMARY KEY (id);


--
-- Name: django_admin_log django_admin_log_pkey; Type: CONSTRAINT; Schema: public; Owner: maxgonpe
--

ALTER TABLE ONLY public.django_admin_log
    ADD CONSTRAINT django_admin_log_pkey PRIMARY KEY (id);


--
-- Name: django_content_type django_content_type_app_label_model_76bd3d3b_uniq; Type: CONSTRAINT; Schema: public; Owner: maxgonpe
--

ALTER TABLE ONLY public.django_content_type
    ADD CONSTRAINT django_content_type_app_label_model_76bd3d3b_uniq UNIQUE (app_label, model);


--
-- Name: django_content_type django_content_type_pkey; Type: CONSTRAINT; Schema: public; Owner: maxgonpe
--

ALTER TABLE ONLY public.django_content_type
    ADD CONSTRAINT django_content_type_pkey PRIMARY KEY (id);


--
-- Name: django_migrations django_migrations_pkey; Type: CONSTRAINT; Schema: public; Owner: maxgonpe
--

ALTER TABLE ONLY public.django_migrations
    ADD CONSTRAINT django_migrations_pkey PRIMARY KEY (id);


--
-- Name: django_session django_session_pkey; Type: CONSTRAINT; Schema: public; Owner: maxgonpe
--

ALTER TABLE ONLY public.django_session
    ADD CONSTRAINT django_session_pkey PRIMARY KEY (session_key);


--
-- Name: car_componente unique_nombre_por_padre; Type: CONSTRAINT; Schema: public; Owner: maxgonpe
--

ALTER TABLE ONLY public.car_componente
    ADD CONSTRAINT unique_nombre_por_padre UNIQUE (padre_id, nombre);


--
-- Name: car_vehiculo unique_vehiculo_cliente_placa; Type: CONSTRAINT; Schema: public; Owner: maxgonpe
--

ALTER TABLE ONLY public.car_vehiculo
    ADD CONSTRAINT unique_vehiculo_cliente_placa UNIQUE (cliente_id, placa);


--
-- Name: auth_group_name_a6ea08ec_like; Type: INDEX; Schema: public; Owner: maxgonpe
--

CREATE INDEX auth_group_name_a6ea08ec_like ON public.auth_group USING btree (name varchar_pattern_ops);


--
-- Name: auth_group_permissions_group_id_b120cbf9; Type: INDEX; Schema: public; Owner: maxgonpe
--

CREATE INDEX auth_group_permissions_group_id_b120cbf9 ON public.auth_group_permissions USING btree (group_id);


--
-- Name: auth_group_permissions_permission_id_84c5c92e; Type: INDEX; Schema: public; Owner: maxgonpe
--

CREATE INDEX auth_group_permissions_permission_id_84c5c92e ON public.auth_group_permissions USING btree (permission_id);


--
-- Name: auth_permission_content_type_id_2f476e4b; Type: INDEX; Schema: public; Owner: maxgonpe
--

CREATE INDEX auth_permission_content_type_id_2f476e4b ON public.auth_permission USING btree (content_type_id);


--
-- Name: auth_user_groups_group_id_97559544; Type: INDEX; Schema: public; Owner: maxgonpe
--

CREATE INDEX auth_user_groups_group_id_97559544 ON public.auth_user_groups USING btree (group_id);


--
-- Name: auth_user_groups_user_id_6a12ed8b; Type: INDEX; Schema: public; Owner: maxgonpe
--

CREATE INDEX auth_user_groups_user_id_6a12ed8b ON public.auth_user_groups USING btree (user_id);


--
-- Name: auth_user_user_permissions_permission_id_1fbb5f2c; Type: INDEX; Schema: public; Owner: maxgonpe
--

CREATE INDEX auth_user_user_permissions_permission_id_1fbb5f2c ON public.auth_user_user_permissions USING btree (permission_id);


--
-- Name: auth_user_user_permissions_user_id_a95ead1b; Type: INDEX; Schema: public; Owner: maxgonpe
--

CREATE INDEX auth_user_user_permissions_user_id_a95ead1b ON public.auth_user_user_permissions USING btree (user_id);


--
-- Name: auth_user_username_6821ab7c_like; Type: INDEX; Schema: public; Owner: maxgonpe
--

CREATE INDEX auth_user_username_6821ab7c_like ON public.auth_user USING btree (username varchar_pattern_ops);


--
-- Name: car_accion_nombre_aa048068_like; Type: INDEX; Schema: public; Owner: maxgonpe
--

CREATE INDEX car_accion_nombre_aa048068_like ON public.car_accion USING btree (nombre varchar_pattern_ops);


--
-- Name: car_administraciontaller_creado_por_id_3a282ed8; Type: INDEX; Schema: public; Owner: maxgonpe
--

CREATE INDEX car_administraciontaller_creado_por_id_3a282ed8 ON public.car_administraciontaller USING btree (creado_por_id);


--
-- Name: car_bonogen_fecha_g_9d0b84_idx; Type: INDEX; Schema: public; Owner: maxgonpe
--

CREATE INDEX car_bonogen_fecha_g_9d0b84_idx ON public.car_bonogenerado USING btree (fecha_generacion);


--
-- Name: car_bonogen_mecanic_fc2bc7_idx; Type: INDEX; Schema: public; Owner: maxgonpe
--

CREATE INDEX car_bonogen_mecanic_fc2bc7_idx ON public.car_bonogenerado USING btree (mecanico_id, pagado);


--
-- Name: car_bonogenerado_mecanico_id_51ceb5ef; Type: INDEX; Schema: public; Owner: maxgonpe
--

CREATE INDEX car_bonogenerado_mecanico_id_51ceb5ef ON public.car_bonogenerado USING btree (mecanico_id);


--
-- Name: car_bonogenerado_trabajo_id_64b6d5ae; Type: INDEX; Schema: public; Owner: maxgonpe
--

CREATE INDEX car_bonogenerado_trabajo_id_64b6d5ae ON public.car_bonogenerado USING btree (trabajo_id);


--
-- Name: car_carritoitem_repuesto_id_3051ce1f; Type: INDEX; Schema: public; Owner: maxgonpe
--

CREATE INDEX car_carritoitem_repuesto_id_3051ce1f ON public.car_carritoitem USING btree (repuesto_id);


--
-- Name: car_carritoitem_sesion_id_65dc8f7c; Type: INDEX; Schema: public; Owner: maxgonpe
--

CREATE INDEX car_carritoitem_sesion_id_65dc8f7c ON public.car_carritoitem USING btree (sesion_id);


--
-- Name: car_cliente_taller_rut_170a835a_like; Type: INDEX; Schema: public; Owner: maxgonpe
--

CREATE INDEX car_cliente_taller_rut_170a835a_like ON public.car_cliente_taller USING btree (rut varchar_pattern_ops);


--
-- Name: car_compone_codigo_43a54b_idx; Type: INDEX; Schema: public; Owner: maxgonpe
--

CREATE INDEX car_compone_codigo_43a54b_idx ON public.car_componente USING btree (codigo);


--
-- Name: car_componente_codigo_5940ef0b_like; Type: INDEX; Schema: public; Owner: maxgonpe
--

CREATE INDEX car_componente_codigo_5940ef0b_like ON public.car_componente USING btree (codigo varchar_pattern_ops);


--
-- Name: car_componente_padre_id_d2846bc1; Type: INDEX; Schema: public; Owner: maxgonpe
--

CREATE INDEX car_componente_padre_id_d2846bc1 ON public.car_componente USING btree (padre_id);


--
-- Name: car_componenteaccion_accion_id_ec9756d9; Type: INDEX; Schema: public; Owner: maxgonpe
--

CREATE INDEX car_componenteaccion_accion_id_ec9756d9 ON public.car_componenteaccion USING btree (accion_id);


--
-- Name: car_componenteaccion_componente_id_0b2207ef; Type: INDEX; Schema: public; Owner: maxgonpe
--

CREATE INDEX car_componenteaccion_componente_id_0b2207ef ON public.car_componenteaccion USING btree (componente_id);


--
-- Name: car_componenterepuesto_componente_id_1fa805e7; Type: INDEX; Schema: public; Owner: maxgonpe
--

CREATE INDEX car_componenterepuesto_componente_id_1fa805e7 ON public.car_componenterepuesto USING btree (componente_id);


--
-- Name: car_componenterepuesto_repuesto_id_df10479b; Type: INDEX; Schema: public; Owner: maxgonpe
--

CREATE INDEX car_componenterepuesto_repuesto_id_df10479b ON public.car_componenterepuesto USING btree (repuesto_id);


--
-- Name: car_compra_creado_por_id_24197848; Type: INDEX; Schema: public; Owner: maxgonpe
--

CREATE INDEX car_compra_creado_por_id_24197848 ON public.car_compra USING btree (creado_por_id);


--
-- Name: car_compra_numero_compra_8e5f409e_like; Type: INDEX; Schema: public; Owner: maxgonpe
--

CREATE INDEX car_compra_numero_compra_8e5f409e_like ON public.car_compra USING btree (numero_compra varchar_pattern_ops);


--
-- Name: car_compraitem_compra_id_f7220b5b; Type: INDEX; Schema: public; Owner: maxgonpe
--

CREATE INDEX car_compraitem_compra_id_f7220b5b ON public.car_compraitem USING btree (compra_id);


--
-- Name: car_compraitem_repuesto_id_e35f705c; Type: INDEX; Schema: public; Owner: maxgonpe
--

CREATE INDEX car_compraitem_repuesto_id_e35f705c ON public.car_compraitem USING btree (repuesto_id);


--
-- Name: car_cotizacion_cliente_id_b2b116a5; Type: INDEX; Schema: public; Owner: maxgonpe
--

CREATE INDEX car_cotizacion_cliente_id_b2b116a5 ON public.car_cotizacion USING btree (cliente_id);


--
-- Name: car_cotizacion_sesion_id_b7ce2146; Type: INDEX; Schema: public; Owner: maxgonpe
--

CREATE INDEX car_cotizacion_sesion_id_b7ce2146 ON public.car_cotizacion USING btree (sesion_id);


--
-- Name: car_cotizacion_usuario_id_517b5aa2; Type: INDEX; Schema: public; Owner: maxgonpe
--

CREATE INDEX car_cotizacion_usuario_id_517b5aa2 ON public.car_cotizacion USING btree (usuario_id);


--
-- Name: car_cotizacionitem_cotizacion_id_39c98921; Type: INDEX; Schema: public; Owner: maxgonpe
--

CREATE INDEX car_cotizacionitem_cotizacion_id_39c98921 ON public.car_cotizacionitem USING btree (cotizacion_id);


--
-- Name: car_cotizacionitem_repuesto_id_be8893f0; Type: INDEX; Schema: public; Owner: maxgonpe
--

CREATE INDEX car_cotizacionitem_repuesto_id_be8893f0 ON public.car_cotizacionitem USING btree (repuesto_id);


--
-- Name: car_diagnostico_componentes_componente_id_2453d0fe; Type: INDEX; Schema: public; Owner: maxgonpe
--

CREATE INDEX car_diagnostico_componentes_componente_id_2453d0fe ON public.car_diagnostico_componentes USING btree (componente_id);


--
-- Name: car_diagnostico_componentes_diagnostico_id_5a6951d5; Type: INDEX; Schema: public; Owner: maxgonpe
--

CREATE INDEX car_diagnostico_componentes_diagnostico_id_5a6951d5 ON public.car_diagnostico_componentes USING btree (diagnostico_id);


--
-- Name: car_diagnostico_vehiculo_id_b0427bf2; Type: INDEX; Schema: public; Owner: maxgonpe
--

CREATE INDEX car_diagnostico_vehiculo_id_b0427bf2 ON public.car_diagnostico USING btree (vehiculo_id);


--
-- Name: car_diagnosticocomponenteaccion_accion_id_d36e38f4; Type: INDEX; Schema: public; Owner: maxgonpe
--

CREATE INDEX car_diagnosticocomponenteaccion_accion_id_d36e38f4 ON public.car_diagnosticocomponenteaccion USING btree (accion_id);


--
-- Name: car_diagnosticocomponenteaccion_componente_id_90517fd6; Type: INDEX; Schema: public; Owner: maxgonpe
--

CREATE INDEX car_diagnosticocomponenteaccion_componente_id_90517fd6 ON public.car_diagnosticocomponenteaccion USING btree (componente_id);


--
-- Name: car_diagnosticocomponenteaccion_diagnostico_id_761f1cc4; Type: INDEX; Schema: public; Owner: maxgonpe
--

CREATE INDEX car_diagnosticocomponenteaccion_diagnostico_id_761f1cc4 ON public.car_diagnosticocomponenteaccion USING btree (diagnostico_id);


--
-- Name: car_diagnosticorepuesto_diagnostico_id_92e8d55e; Type: INDEX; Schema: public; Owner: maxgonpe
--

CREATE INDEX car_diagnosticorepuesto_diagnostico_id_92e8d55e ON public.car_diagnosticorepuesto USING btree (diagnostico_id);


--
-- Name: car_diagnosticorepuesto_repuesto_externo_id_5f12a577; Type: INDEX; Schema: public; Owner: maxgonpe
--

CREATE INDEX car_diagnosticorepuesto_repuesto_externo_id_5f12a577 ON public.car_diagnosticorepuesto USING btree (repuesto_externo_id);


--
-- Name: car_diagnosticorepuesto_repuesto_id_089d3a7d; Type: INDEX; Schema: public; Owner: maxgonpe
--

CREATE INDEX car_diagnosticorepuesto_repuesto_id_089d3a7d ON public.car_diagnosticorepuesto USING btree (repuesto_id);


--
-- Name: car_diagnosticorepuesto_repuesto_stock_id_8e5b68a1; Type: INDEX; Schema: public; Owner: maxgonpe
--

CREATE INDEX car_diagnosticorepuesto_repuesto_stock_id_8e5b68a1 ON public.car_diagnosticorepuesto USING btree (repuesto_stock_id);


--
-- Name: car_excepcionbonotrabajo_creado_por_id_05f71389; Type: INDEX; Schema: public; Owner: maxgonpe
--

CREATE INDEX car_excepcionbonotrabajo_creado_por_id_05f71389 ON public.car_excepcionbonotrabajo USING btree (creado_por_id);


--
-- Name: car_pagomec_mecanic_4374c3_idx; Type: INDEX; Schema: public; Owner: maxgonpe
--

CREATE INDEX car_pagomec_mecanic_4374c3_idx ON public.car_pagomecanico USING btree (mecanico_id, fecha_pago);


--
-- Name: car_pagomecanico_bonos_aplicados_bonogenerado_id_059dd79e; Type: INDEX; Schema: public; Owner: maxgonpe
--

CREATE INDEX car_pagomecanico_bonos_aplicados_bonogenerado_id_059dd79e ON public.car_pagomecanico_bonos_aplicados USING btree (bonogenerado_id);


--
-- Name: car_pagomecanico_bonos_aplicados_pagomecanico_id_7923b149; Type: INDEX; Schema: public; Owner: maxgonpe
--

CREATE INDEX car_pagomecanico_bonos_aplicados_pagomecanico_id_7923b149 ON public.car_pagomecanico_bonos_aplicados USING btree (pagomecanico_id);


--
-- Name: car_pagomecanico_mecanico_id_76f1402b; Type: INDEX; Schema: public; Owner: maxgonpe
--

CREATE INDEX car_pagomecanico_mecanico_id_76f1402b ON public.car_pagomecanico USING btree (mecanico_id);


--
-- Name: car_pagomecanico_registrado_por_id_d8d8bc93; Type: INDEX; Schema: public; Owner: maxgonpe
--

CREATE INDEX car_pagomecanico_registrado_por_id_d8d8bc93 ON public.car_pagomecanico USING btree (registrado_por_id);


--
-- Name: car_prefijorepuesto_palabra_641bb170_like; Type: INDEX; Schema: public; Owner: maxgonpe
--

CREATE INDEX car_prefijorepuesto_palabra_641bb170_like ON public.car_prefijorepuesto USING btree (palabra varchar_pattern_ops);


--
-- Name: car_registr_fecha_i_7a0b55_idx; Type: INDEX; Schema: public; Owner: maxgonpe
--

CREATE INDEX car_registr_fecha_i_7a0b55_idx ON public.car_registroevento USING btree (fecha_ingreso, fecha_entrega);


--
-- Name: car_registr_tipo_ev_6872a8_idx; Type: INDEX; Schema: public; Owner: maxgonpe
--

CREATE INDEX car_registr_tipo_ev_6872a8_idx ON public.car_registroevento USING btree (tipo_evento, fecha_evento);


--
-- Name: car_registr_trabajo_3ad696_idx; Type: INDEX; Schema: public; Owner: maxgonpe
--

CREATE INDEX car_registr_trabajo_3ad696_idx ON public.car_registroevento USING btree (trabajo_id, tipo_evento, fecha_evento);


--
-- Name: car_registr_vehicul_4b9695_idx; Type: INDEX; Schema: public; Owner: maxgonpe
--

CREATE INDEX car_registr_vehicul_4b9695_idx ON public.car_registroevento USING btree (vehiculo_placa, fecha_evento);


--
-- Name: car_registr_vehicul_7e6a57_idx; Type: INDEX; Schema: public; Owner: maxgonpe
--

CREATE INDEX car_registr_vehicul_7e6a57_idx ON public.car_registroevento USING btree (vehiculo_id, fecha_evento);


--
-- Name: car_registroevento_creado_en_0952941f; Type: INDEX; Schema: public; Owner: maxgonpe
--

CREATE INDEX car_registroevento_creado_en_0952941f ON public.car_registroevento USING btree (creado_en);


--
-- Name: car_registroevento_diagnostico_id_c6ea567c; Type: INDEX; Schema: public; Owner: maxgonpe
--

CREATE INDEX car_registroevento_diagnostico_id_c6ea567c ON public.car_registroevento USING btree (diagnostico_id);


--
-- Name: car_registroevento_fecha_entrega_51835ebc; Type: INDEX; Schema: public; Owner: maxgonpe
--

CREATE INDEX car_registroevento_fecha_entrega_51835ebc ON public.car_registroevento USING btree (fecha_entrega);


--
-- Name: car_registroevento_fecha_evento_d4e0c977; Type: INDEX; Schema: public; Owner: maxgonpe
--

CREATE INDEX car_registroevento_fecha_evento_d4e0c977 ON public.car_registroevento USING btree (fecha_evento);


--
-- Name: car_registroevento_fecha_ingreso_a416320e; Type: INDEX; Schema: public; Owner: maxgonpe
--

CREATE INDEX car_registroevento_fecha_ingreso_a416320e ON public.car_registroevento USING btree (fecha_ingreso);


--
-- Name: car_registroevento_tipo_evento_97d633c8; Type: INDEX; Schema: public; Owner: maxgonpe
--

CREATE INDEX car_registroevento_tipo_evento_97d633c8 ON public.car_registroevento USING btree (tipo_evento);


--
-- Name: car_registroevento_tipo_evento_97d633c8_like; Type: INDEX; Schema: public; Owner: maxgonpe
--

CREATE INDEX car_registroevento_tipo_evento_97d633c8_like ON public.car_registroevento USING btree (tipo_evento varchar_pattern_ops);


--
-- Name: car_registroevento_trabajo_id_73697427; Type: INDEX; Schema: public; Owner: maxgonpe
--

CREATE INDEX car_registroevento_trabajo_id_73697427 ON public.car_registroevento USING btree (trabajo_id);


--
-- Name: car_registroevento_vehiculo_id_01de96f8; Type: INDEX; Schema: public; Owner: maxgonpe
--

CREATE INDEX car_registroevento_vehiculo_id_01de96f8 ON public.car_registroevento USING btree (vehiculo_id);


--
-- Name: car_registroevento_vehiculo_placa_278a9d2b; Type: INDEX; Schema: public; Owner: maxgonpe
--

CREATE INDEX car_registroevento_vehiculo_placa_278a9d2b ON public.car_registroevento USING btree (vehiculo_placa);


--
-- Name: car_registroevento_vehiculo_placa_278a9d2b_like; Type: INDEX; Schema: public; Owner: maxgonpe
--

CREATE INDEX car_registroevento_vehiculo_placa_278a9d2b_like ON public.car_registroevento USING btree (vehiculo_placa varchar_pattern_ops);


--
-- Name: car_reparacion_diagnostico_id_700618d5; Type: INDEX; Schema: public; Owner: maxgonpe
--

CREATE INDEX car_reparacion_diagnostico_id_700618d5 ON public.car_reparacion USING btree (diagnostico_id);


--
-- Name: car_repuesto_codigo_barra_1ae1bd28_like; Type: INDEX; Schema: public; Owner: maxgonpe
--

CREATE INDEX car_repuesto_codigo_barra_1ae1bd28_like ON public.car_repuesto USING btree (codigo_barra varchar_pattern_ops);


--
-- Name: car_repuesto_sku_e0646a0d_like; Type: INDEX; Schema: public; Owner: maxgonpe
--

CREATE INDEX car_repuesto_sku_e0646a0d_like ON public.car_repuesto USING btree (sku varchar_pattern_ops);


--
-- Name: car_repuestoaplicacion_repuesto_id_ff3d6c75; Type: INDEX; Schema: public; Owner: maxgonpe
--

CREATE INDEX car_repuestoaplicacion_repuesto_id_ff3d6c75 ON public.car_repuestoaplicacion USING btree (repuesto_id);


--
-- Name: car_repuestoaplicacion_version_id_3a710ed4; Type: INDEX; Schema: public; Owner: maxgonpe
--

CREATE INDEX car_repuestoaplicacion_version_id_3a710ed4 ON public.car_repuestoaplicacion USING btree (version_id);


--
-- Name: car_repuestoenstock_repuesto_id_a354e6ca; Type: INDEX; Schema: public; Owner: maxgonpe
--

CREATE INDEX car_repuestoenstock_repuesto_id_a354e6ca ON public.car_repuestoenstock USING btree (repuesto_id);


--
-- Name: car_repuestoexterno_creado_por_id_111b2a05; Type: INDEX; Schema: public; Owner: maxgonpe
--

CREATE INDEX car_repuestoexterno_creado_por_id_111b2a05 ON public.car_repuestoexterno USING btree (creado_por_id);


--
-- Name: car_repuestoexterno_vehicu_repuestoexterno_id_06e2b8db; Type: INDEX; Schema: public; Owner: maxgonpe
--

CREATE INDEX car_repuestoexterno_vehicu_repuestoexterno_id_06e2b8db ON public.car_repuestoexterno_vehiculos_compatibles USING btree (repuestoexterno_id);


--
-- Name: car_repuestoexterno_vehiculos_compatibles_vehiculo_id_1a8d5472; Type: INDEX; Schema: public; Owner: maxgonpe
--

CREATE INDEX car_repuestoexterno_vehiculos_compatibles_vehiculo_id_1a8d5472 ON public.car_repuestoexterno_vehiculos_compatibles USING btree (vehiculo_id);


--
-- Name: car_resumen_estado__a0836a_idx; Type: INDEX; Schema: public; Owner: maxgonpe
--

CREATE INDEX car_resumen_estado__a0836a_idx ON public.car_resumentrabajo USING btree (estado_actual, fecha_ingreso);


--
-- Name: car_resumen_fecha_e_738239_idx; Type: INDEX; Schema: public; Owner: maxgonpe
--

CREATE INDEX car_resumen_fecha_e_738239_idx ON public.car_resumentrabajo USING btree (fecha_entrega, dias_desde_entrega);


--
-- Name: car_resumen_vehicul_f16627_idx; Type: INDEX; Schema: public; Owner: maxgonpe
--

CREATE INDEX car_resumen_vehicul_f16627_idx ON public.car_resumentrabajo USING btree (vehiculo_placa, fecha_ingreso);


--
-- Name: car_resumentrabajo_estado_actual_a20d43fb; Type: INDEX; Schema: public; Owner: maxgonpe
--

CREATE INDEX car_resumentrabajo_estado_actual_a20d43fb ON public.car_resumentrabajo USING btree (estado_actual);


--
-- Name: car_resumentrabajo_estado_actual_a20d43fb_like; Type: INDEX; Schema: public; Owner: maxgonpe
--

CREATE INDEX car_resumentrabajo_estado_actual_a20d43fb_like ON public.car_resumentrabajo USING btree (estado_actual varchar_pattern_ops);


--
-- Name: car_resumentrabajo_fecha_entrega_2e74a214; Type: INDEX; Schema: public; Owner: maxgonpe
--

CREATE INDEX car_resumentrabajo_fecha_entrega_2e74a214 ON public.car_resumentrabajo USING btree (fecha_entrega);


--
-- Name: car_resumentrabajo_fecha_ingreso_a72a2cc2; Type: INDEX; Schema: public; Owner: maxgonpe
--

CREATE INDEX car_resumentrabajo_fecha_ingreso_a72a2cc2 ON public.car_resumentrabajo USING btree (fecha_ingreso);


--
-- Name: car_resumentrabajo_vehiculo_placa_f6bf2743; Type: INDEX; Schema: public; Owner: maxgonpe
--

CREATE INDEX car_resumentrabajo_vehiculo_placa_f6bf2743 ON public.car_resumentrabajo USING btree (vehiculo_placa);


--
-- Name: car_resumentrabajo_vehiculo_placa_f6bf2743_like; Type: INDEX; Schema: public; Owner: maxgonpe
--

CREATE INDEX car_resumentrabajo_vehiculo_placa_f6bf2743_like ON public.car_resumentrabajo USING btree (vehiculo_placa varchar_pattern_ops);


--
-- Name: car_sesionventa_usuario_id_69cce82e; Type: INDEX; Schema: public; Owner: maxgonpe
--

CREATE INDEX car_sesionventa_usuario_id_69cce82e ON public.car_sesionventa USING btree (usuario_id);


--
-- Name: car_stockmovimiento_repuesto_stock_id_f2789074; Type: INDEX; Schema: public; Owner: maxgonpe
--

CREATE INDEX car_stockmovimiento_repuesto_stock_id_f2789074 ON public.car_stockmovimiento USING btree (repuesto_stock_id);


--
-- Name: car_stockmovimiento_usuario_id_527cf94a; Type: INDEX; Schema: public; Owner: maxgonpe
--

CREATE INDEX car_stockmovimiento_usuario_id_527cf94a ON public.car_stockmovimiento USING btree (usuario_id);


--
-- Name: car_trabajo_componentes_componente_id_505bae17; Type: INDEX; Schema: public; Owner: maxgonpe
--

CREATE INDEX car_trabajo_componentes_componente_id_505bae17 ON public.car_trabajo_componentes USING btree (componente_id);


--
-- Name: car_trabajo_componentes_trabajo_id_e728d9ba; Type: INDEX; Schema: public; Owner: maxgonpe
--

CREATE INDEX car_trabajo_componentes_trabajo_id_e728d9ba ON public.car_trabajo_componentes USING btree (trabajo_id);


--
-- Name: car_trabajo_mecanicos_mecanico_id_fd413fbb; Type: INDEX; Schema: public; Owner: maxgonpe
--

CREATE INDEX car_trabajo_mecanicos_mecanico_id_fd413fbb ON public.car_trabajo_mecanicos USING btree (mecanico_id);


--
-- Name: car_trabajo_mecanicos_trabajo_id_9fb4e24d; Type: INDEX; Schema: public; Owner: maxgonpe
--

CREATE INDEX car_trabajo_mecanicos_trabajo_id_9fb4e24d ON public.car_trabajo_mecanicos USING btree (trabajo_id);


--
-- Name: car_trabajo_vehiculo_id_b0ce17b1; Type: INDEX; Schema: public; Owner: maxgonpe
--

CREATE INDEX car_trabajo_vehiculo_id_b0ce17b1 ON public.car_trabajo USING btree (vehiculo_id);


--
-- Name: car_trabajoabono_trabajo_id_83f64924; Type: INDEX; Schema: public; Owner: maxgonpe
--

CREATE INDEX car_trabajoabono_trabajo_id_83f64924 ON public.car_trabajoabono USING btree (trabajo_id);


--
-- Name: car_trabajoabono_usuario_id_07e4d7d6; Type: INDEX; Schema: public; Owner: maxgonpe
--

CREATE INDEX car_trabajoabono_usuario_id_07e4d7d6 ON public.car_trabajoabono USING btree (usuario_id);


--
-- Name: car_trabajoaccion_accion_id_faad4784; Type: INDEX; Schema: public; Owner: maxgonpe
--

CREATE INDEX car_trabajoaccion_accion_id_faad4784 ON public.car_trabajoaccion USING btree (accion_id);


--
-- Name: car_trabajoaccion_componente_id_9f0777f2; Type: INDEX; Schema: public; Owner: maxgonpe
--

CREATE INDEX car_trabajoaccion_componente_id_9f0777f2 ON public.car_trabajoaccion USING btree (componente_id);


--
-- Name: car_trabajoaccion_trabajo_id_309d9d45; Type: INDEX; Schema: public; Owner: maxgonpe
--

CREATE INDEX car_trabajoaccion_trabajo_id_309d9d45 ON public.car_trabajoaccion USING btree (trabajo_id);


--
-- Name: car_trabajoadicional_trabajo_id_47789679; Type: INDEX; Schema: public; Owner: maxgonpe
--

CREATE INDEX car_trabajoadicional_trabajo_id_47789679 ON public.car_trabajoadicional USING btree (trabajo_id);


--
-- Name: car_trabajoadicional_usuario_id_2f33b3ac; Type: INDEX; Schema: public; Owner: maxgonpe
--

CREATE INDEX car_trabajoadicional_usuario_id_2f33b3ac ON public.car_trabajoadicional USING btree (usuario_id);


--
-- Name: car_trabajofoto_trabajo_id_50c63caf; Type: INDEX; Schema: public; Owner: maxgonpe
--

CREATE INDEX car_trabajofoto_trabajo_id_50c63caf ON public.car_trabajofoto USING btree (trabajo_id);


--
-- Name: car_trabajorepuesto_componente_id_aa850f96; Type: INDEX; Schema: public; Owner: maxgonpe
--

CREATE INDEX car_trabajorepuesto_componente_id_aa850f96 ON public.car_trabajorepuesto USING btree (componente_id);


--
-- Name: car_trabajorepuesto_repuesto_externo_id_e81e6aca; Type: INDEX; Schema: public; Owner: maxgonpe
--

CREATE INDEX car_trabajorepuesto_repuesto_externo_id_e81e6aca ON public.car_trabajorepuesto USING btree (repuesto_externo_id);


--
-- Name: car_trabajorepuesto_repuesto_id_5502900c; Type: INDEX; Schema: public; Owner: maxgonpe
--

CREATE INDEX car_trabajorepuesto_repuesto_id_5502900c ON public.car_trabajorepuesto USING btree (repuesto_id);


--
-- Name: car_trabajorepuesto_trabajo_id_3c2f1235; Type: INDEX; Schema: public; Owner: maxgonpe
--

CREATE INDEX car_trabajorepuesto_trabajo_id_3c2f1235 ON public.car_trabajorepuesto USING btree (trabajo_id);


--
-- Name: car_vehiculo_cliente_id_9513a104; Type: INDEX; Schema: public; Owner: maxgonpe
--

CREATE INDEX car_vehiculo_cliente_id_9513a104 ON public.car_vehiculo USING btree (cliente_id);


--
-- Name: car_vehiculo_placa_cecc4e4e_like; Type: INDEX; Schema: public; Owner: maxgonpe
--

CREATE INDEX car_vehiculo_placa_cecc4e4e_like ON public.car_vehiculo USING btree (placa varchar_pattern_ops);


--
-- Name: car_venta_cliente_id_9501e8b1; Type: INDEX; Schema: public; Owner: maxgonpe
--

CREATE INDEX car_venta_cliente_id_9501e8b1 ON public.car_venta USING btree (cliente_id);


--
-- Name: car_venta_usuario_id_4219fffe; Type: INDEX; Schema: public; Owner: maxgonpe
--

CREATE INDEX car_venta_usuario_id_4219fffe ON public.car_venta USING btree (usuario_id);


--
-- Name: car_ventaitem_repuesto_stock_id_a22353b5; Type: INDEX; Schema: public; Owner: maxgonpe
--

CREATE INDEX car_ventaitem_repuesto_stock_id_a22353b5 ON public.car_ventaitem USING btree (repuesto_stock_id);


--
-- Name: car_ventaitem_venta_id_26b53e6a; Type: INDEX; Schema: public; Owner: maxgonpe
--

CREATE INDEX car_ventaitem_venta_id_26b53e6a ON public.car_ventaitem USING btree (venta_id);


--
-- Name: car_ventapos_cliente_id_a434bc3d; Type: INDEX; Schema: public; Owner: maxgonpe
--

CREATE INDEX car_ventapos_cliente_id_a434bc3d ON public.car_ventapos USING btree (cliente_id);


--
-- Name: car_ventapos_sesion_id_224d2383; Type: INDEX; Schema: public; Owner: maxgonpe
--

CREATE INDEX car_ventapos_sesion_id_224d2383 ON public.car_ventapos USING btree (sesion_id);


--
-- Name: car_ventapos_usuario_id_27e2e952; Type: INDEX; Schema: public; Owner: maxgonpe
--

CREATE INDEX car_ventapos_usuario_id_27e2e952 ON public.car_ventapos USING btree (usuario_id);


--
-- Name: car_ventapositem_repuesto_id_c4b9ed39; Type: INDEX; Schema: public; Owner: maxgonpe
--

CREATE INDEX car_ventapositem_repuesto_id_c4b9ed39 ON public.car_ventapositem USING btree (repuesto_id);


--
-- Name: car_ventapositem_venta_id_bfdfc8a4; Type: INDEX; Schema: public; Owner: maxgonpe
--

CREATE INDEX car_ventapositem_venta_id_bfdfc8a4 ON public.car_ventapositem USING btree (venta_id);


--
-- Name: django_admin_log_content_type_id_c4bce8eb; Type: INDEX; Schema: public; Owner: maxgonpe
--

CREATE INDEX django_admin_log_content_type_id_c4bce8eb ON public.django_admin_log USING btree (content_type_id);


--
-- Name: django_admin_log_user_id_c564eba6; Type: INDEX; Schema: public; Owner: maxgonpe
--

CREATE INDEX django_admin_log_user_id_c564eba6 ON public.django_admin_log USING btree (user_id);


--
-- Name: django_session_expire_date_a5c62663; Type: INDEX; Schema: public; Owner: maxgonpe
--

CREATE INDEX django_session_expire_date_a5c62663 ON public.django_session USING btree (expire_date);


--
-- Name: django_session_session_key_c0390e0f_like; Type: INDEX; Schema: public; Owner: maxgonpe
--

CREATE INDEX django_session_session_key_c0390e0f_like ON public.django_session USING btree (session_key varchar_pattern_ops);


--
-- Name: auth_group_permissions auth_group_permissio_permission_id_84c5c92e_fk_auth_perm; Type: FK CONSTRAINT; Schema: public; Owner: maxgonpe
--

ALTER TABLE ONLY public.auth_group_permissions
    ADD CONSTRAINT auth_group_permissio_permission_id_84c5c92e_fk_auth_perm FOREIGN KEY (permission_id) REFERENCES public.auth_permission(id) DEFERRABLE INITIALLY DEFERRED;


--
-- Name: auth_group_permissions auth_group_permissions_group_id_b120cbf9_fk_auth_group_id; Type: FK CONSTRAINT; Schema: public; Owner: maxgonpe
--

ALTER TABLE ONLY public.auth_group_permissions
    ADD CONSTRAINT auth_group_permissions_group_id_b120cbf9_fk_auth_group_id FOREIGN KEY (group_id) REFERENCES public.auth_group(id) DEFERRABLE INITIALLY DEFERRED;


--
-- Name: auth_permission auth_permission_content_type_id_2f476e4b_fk_django_co; Type: FK CONSTRAINT; Schema: public; Owner: maxgonpe
--

ALTER TABLE ONLY public.auth_permission
    ADD CONSTRAINT auth_permission_content_type_id_2f476e4b_fk_django_co FOREIGN KEY (content_type_id) REFERENCES public.django_content_type(id) DEFERRABLE INITIALLY DEFERRED;


--
-- Name: auth_user_groups auth_user_groups_group_id_97559544_fk_auth_group_id; Type: FK CONSTRAINT; Schema: public; Owner: maxgonpe
--

ALTER TABLE ONLY public.auth_user_groups
    ADD CONSTRAINT auth_user_groups_group_id_97559544_fk_auth_group_id FOREIGN KEY (group_id) REFERENCES public.auth_group(id) DEFERRABLE INITIALLY DEFERRED;


--
-- Name: auth_user_groups auth_user_groups_user_id_6a12ed8b_fk_auth_user_id; Type: FK CONSTRAINT; Schema: public; Owner: maxgonpe
--

ALTER TABLE ONLY public.auth_user_groups
    ADD CONSTRAINT auth_user_groups_user_id_6a12ed8b_fk_auth_user_id FOREIGN KEY (user_id) REFERENCES public.auth_user(id) DEFERRABLE INITIALLY DEFERRED;


--
-- Name: auth_user_user_permissions auth_user_user_permi_permission_id_1fbb5f2c_fk_auth_perm; Type: FK CONSTRAINT; Schema: public; Owner: maxgonpe
--

ALTER TABLE ONLY public.auth_user_user_permissions
    ADD CONSTRAINT auth_user_user_permi_permission_id_1fbb5f2c_fk_auth_perm FOREIGN KEY (permission_id) REFERENCES public.auth_permission(id) DEFERRABLE INITIALLY DEFERRED;


--
-- Name: auth_user_user_permissions auth_user_user_permissions_user_id_a95ead1b_fk_auth_user_id; Type: FK CONSTRAINT; Schema: public; Owner: maxgonpe
--

ALTER TABLE ONLY public.auth_user_user_permissions
    ADD CONSTRAINT auth_user_user_permissions_user_id_a95ead1b_fk_auth_user_id FOREIGN KEY (user_id) REFERENCES public.auth_user(id) DEFERRABLE INITIALLY DEFERRED;


--
-- Name: car_administraciontaller car_administraciontaller_creado_por_id_3a282ed8_fk_auth_user_id; Type: FK CONSTRAINT; Schema: public; Owner: maxgonpe
--

ALTER TABLE ONLY public.car_administraciontaller
    ADD CONSTRAINT car_administraciontaller_creado_por_id_3a282ed8_fk_auth_user_id FOREIGN KEY (creado_por_id) REFERENCES public.auth_user(id) DEFERRABLE INITIALLY DEFERRED;


--
-- Name: car_bonogenerado car_bonogenerado_mecanico_id_51ceb5ef_fk_car_mecanico_id; Type: FK CONSTRAINT; Schema: public; Owner: maxgonpe
--

ALTER TABLE ONLY public.car_bonogenerado
    ADD CONSTRAINT car_bonogenerado_mecanico_id_51ceb5ef_fk_car_mecanico_id FOREIGN KEY (mecanico_id) REFERENCES public.car_mecanico(id) DEFERRABLE INITIALLY DEFERRED;


--
-- Name: car_bonogenerado car_bonogenerado_trabajo_id_64b6d5ae_fk_car_trabajo_id; Type: FK CONSTRAINT; Schema: public; Owner: maxgonpe
--

ALTER TABLE ONLY public.car_bonogenerado
    ADD CONSTRAINT car_bonogenerado_trabajo_id_64b6d5ae_fk_car_trabajo_id FOREIGN KEY (trabajo_id) REFERENCES public.car_trabajo(id) DEFERRABLE INITIALLY DEFERRED;


--
-- Name: car_carritoitem car_carritoitem_repuesto_id_3051ce1f_fk_car_repuesto_id; Type: FK CONSTRAINT; Schema: public; Owner: maxgonpe
--

ALTER TABLE ONLY public.car_carritoitem
    ADD CONSTRAINT car_carritoitem_repuesto_id_3051ce1f_fk_car_repuesto_id FOREIGN KEY (repuesto_id) REFERENCES public.car_repuesto(id) DEFERRABLE INITIALLY DEFERRED;


--
-- Name: car_carritoitem car_carritoitem_sesion_id_65dc8f7c_fk_car_sesionventa_id; Type: FK CONSTRAINT; Schema: public; Owner: maxgonpe
--

ALTER TABLE ONLY public.car_carritoitem
    ADD CONSTRAINT car_carritoitem_sesion_id_65dc8f7c_fk_car_sesionventa_id FOREIGN KEY (sesion_id) REFERENCES public.car_sesionventa(id) DEFERRABLE INITIALLY DEFERRED;


--
-- Name: car_componente car_componente_padre_id_d2846bc1_fk_car_componente_id; Type: FK CONSTRAINT; Schema: public; Owner: maxgonpe
--

ALTER TABLE ONLY public.car_componente
    ADD CONSTRAINT car_componente_padre_id_d2846bc1_fk_car_componente_id FOREIGN KEY (padre_id) REFERENCES public.car_componente(id) DEFERRABLE INITIALLY DEFERRED;


--
-- Name: car_componenteaccion car_componenteaccion_accion_id_ec9756d9_fk_car_accion_id; Type: FK CONSTRAINT; Schema: public; Owner: maxgonpe
--

ALTER TABLE ONLY public.car_componenteaccion
    ADD CONSTRAINT car_componenteaccion_accion_id_ec9756d9_fk_car_accion_id FOREIGN KEY (accion_id) REFERENCES public.car_accion(id) DEFERRABLE INITIALLY DEFERRED;


--
-- Name: car_componenteaccion car_componenteaccion_componente_id_0b2207ef_fk_car_compo; Type: FK CONSTRAINT; Schema: public; Owner: maxgonpe
--

ALTER TABLE ONLY public.car_componenteaccion
    ADD CONSTRAINT car_componenteaccion_componente_id_0b2207ef_fk_car_compo FOREIGN KEY (componente_id) REFERENCES public.car_componente(id) DEFERRABLE INITIALLY DEFERRED;


--
-- Name: car_componenterepuesto car_componenterepues_componente_id_1fa805e7_fk_car_compo; Type: FK CONSTRAINT; Schema: public; Owner: maxgonpe
--

ALTER TABLE ONLY public.car_componenterepuesto
    ADD CONSTRAINT car_componenterepues_componente_id_1fa805e7_fk_car_compo FOREIGN KEY (componente_id) REFERENCES public.car_componente(id) DEFERRABLE INITIALLY DEFERRED;


--
-- Name: car_componenterepuesto car_componenterepuesto_repuesto_id_df10479b_fk_car_repuesto_id; Type: FK CONSTRAINT; Schema: public; Owner: maxgonpe
--

ALTER TABLE ONLY public.car_componenterepuesto
    ADD CONSTRAINT car_componenterepuesto_repuesto_id_df10479b_fk_car_repuesto_id FOREIGN KEY (repuesto_id) REFERENCES public.car_repuesto(id) DEFERRABLE INITIALLY DEFERRED;


--
-- Name: car_compra car_compra_creado_por_id_24197848_fk_auth_user_id; Type: FK CONSTRAINT; Schema: public; Owner: maxgonpe
--

ALTER TABLE ONLY public.car_compra
    ADD CONSTRAINT car_compra_creado_por_id_24197848_fk_auth_user_id FOREIGN KEY (creado_por_id) REFERENCES public.auth_user(id) DEFERRABLE INITIALLY DEFERRED;


--
-- Name: car_compraitem car_compraitem_compra_id_f7220b5b_fk_car_compra_id; Type: FK CONSTRAINT; Schema: public; Owner: maxgonpe
--

ALTER TABLE ONLY public.car_compraitem
    ADD CONSTRAINT car_compraitem_compra_id_f7220b5b_fk_car_compra_id FOREIGN KEY (compra_id) REFERENCES public.car_compra(id) DEFERRABLE INITIALLY DEFERRED;


--
-- Name: car_compraitem car_compraitem_repuesto_id_e35f705c_fk_car_repuesto_id; Type: FK CONSTRAINT; Schema: public; Owner: maxgonpe
--

ALTER TABLE ONLY public.car_compraitem
    ADD CONSTRAINT car_compraitem_repuesto_id_e35f705c_fk_car_repuesto_id FOREIGN KEY (repuesto_id) REFERENCES public.car_repuesto(id) DEFERRABLE INITIALLY DEFERRED;


--
-- Name: car_configuracionbonomecanico car_configuracionbon_mecanico_id_def643ce_fk_car_mecan; Type: FK CONSTRAINT; Schema: public; Owner: maxgonpe
--

ALTER TABLE ONLY public.car_configuracionbonomecanico
    ADD CONSTRAINT car_configuracionbon_mecanico_id_def643ce_fk_car_mecan FOREIGN KEY (mecanico_id) REFERENCES public.car_mecanico(id) DEFERRABLE INITIALLY DEFERRED;


--
-- Name: car_cotizacion car_cotizacion_cliente_id_fk_car_cliente_taller_rut; Type: FK CONSTRAINT; Schema: public; Owner: maxgonpe
--

ALTER TABLE ONLY public.car_cotizacion
    ADD CONSTRAINT car_cotizacion_cliente_id_fk_car_cliente_taller_rut FOREIGN KEY (cliente_id) REFERENCES public.car_cliente_taller(rut) DEFERRABLE INITIALLY DEFERRED;


--
-- Name: car_cotizacion car_cotizacion_sesion_id_b7ce2146_fk_car_sesionventa_id; Type: FK CONSTRAINT; Schema: public; Owner: maxgonpe
--

ALTER TABLE ONLY public.car_cotizacion
    ADD CONSTRAINT car_cotizacion_sesion_id_b7ce2146_fk_car_sesionventa_id FOREIGN KEY (sesion_id) REFERENCES public.car_sesionventa(id) DEFERRABLE INITIALLY DEFERRED;


--
-- Name: car_cotizacion car_cotizacion_usuario_id_517b5aa2_fk_auth_user_id; Type: FK CONSTRAINT; Schema: public; Owner: maxgonpe
--

ALTER TABLE ONLY public.car_cotizacion
    ADD CONSTRAINT car_cotizacion_usuario_id_517b5aa2_fk_auth_user_id FOREIGN KEY (usuario_id) REFERENCES public.auth_user(id) DEFERRABLE INITIALLY DEFERRED;


--
-- Name: car_cotizacionitem car_cotizacionitem_cotizacion_id_39c98921_fk_car_cotizacion_id; Type: FK CONSTRAINT; Schema: public; Owner: maxgonpe
--

ALTER TABLE ONLY public.car_cotizacionitem
    ADD CONSTRAINT car_cotizacionitem_cotizacion_id_39c98921_fk_car_cotizacion_id FOREIGN KEY (cotizacion_id) REFERENCES public.car_cotizacion(id) DEFERRABLE INITIALLY DEFERRED;


--
-- Name: car_cotizacionitem car_cotizacionitem_repuesto_id_be8893f0_fk_car_repuesto_id; Type: FK CONSTRAINT; Schema: public; Owner: maxgonpe
--

ALTER TABLE ONLY public.car_cotizacionitem
    ADD CONSTRAINT car_cotizacionitem_repuesto_id_be8893f0_fk_car_repuesto_id FOREIGN KEY (repuesto_id) REFERENCES public.car_repuesto(id) DEFERRABLE INITIALLY DEFERRED;


--
-- Name: car_diagnostico_componentes car_diagnostico_comp_componente_id_2453d0fe_fk_car_compo; Type: FK CONSTRAINT; Schema: public; Owner: maxgonpe
--

ALTER TABLE ONLY public.car_diagnostico_componentes
    ADD CONSTRAINT car_diagnostico_comp_componente_id_2453d0fe_fk_car_compo FOREIGN KEY (componente_id) REFERENCES public.car_componente(id) DEFERRABLE INITIALLY DEFERRED;


--
-- Name: car_diagnostico_componentes car_diagnostico_comp_diagnostico_id_5a6951d5_fk_car_diagn; Type: FK CONSTRAINT; Schema: public; Owner: maxgonpe
--

ALTER TABLE ONLY public.car_diagnostico_componentes
    ADD CONSTRAINT car_diagnostico_comp_diagnostico_id_5a6951d5_fk_car_diagn FOREIGN KEY (diagnostico_id) REFERENCES public.car_diagnostico(id) DEFERRABLE INITIALLY DEFERRED;


--
-- Name: car_diagnostico car_diagnostico_vehiculo_id_b0427bf2_fk_car_vehiculo_id; Type: FK CONSTRAINT; Schema: public; Owner: maxgonpe
--

ALTER TABLE ONLY public.car_diagnostico
    ADD CONSTRAINT car_diagnostico_vehiculo_id_b0427bf2_fk_car_vehiculo_id FOREIGN KEY (vehiculo_id) REFERENCES public.car_vehiculo(id) DEFERRABLE INITIALLY DEFERRED;


--
-- Name: car_diagnosticocomponenteaccion car_diagnosticocompo_accion_id_d36e38f4_fk_car_accio; Type: FK CONSTRAINT; Schema: public; Owner: maxgonpe
--

ALTER TABLE ONLY public.car_diagnosticocomponenteaccion
    ADD CONSTRAINT car_diagnosticocompo_accion_id_d36e38f4_fk_car_accio FOREIGN KEY (accion_id) REFERENCES public.car_accion(id) DEFERRABLE INITIALLY DEFERRED;


--
-- Name: car_diagnosticocomponenteaccion car_diagnosticocompo_componente_id_90517fd6_fk_car_compo; Type: FK CONSTRAINT; Schema: public; Owner: maxgonpe
--

ALTER TABLE ONLY public.car_diagnosticocomponenteaccion
    ADD CONSTRAINT car_diagnosticocompo_componente_id_90517fd6_fk_car_compo FOREIGN KEY (componente_id) REFERENCES public.car_componente(id) DEFERRABLE INITIALLY DEFERRED;


--
-- Name: car_diagnosticocomponenteaccion car_diagnosticocompo_diagnostico_id_761f1cc4_fk_car_diagn; Type: FK CONSTRAINT; Schema: public; Owner: maxgonpe
--

ALTER TABLE ONLY public.car_diagnosticocomponenteaccion
    ADD CONSTRAINT car_diagnosticocompo_diagnostico_id_761f1cc4_fk_car_diagn FOREIGN KEY (diagnostico_id) REFERENCES public.car_diagnostico(id) DEFERRABLE INITIALLY DEFERRED;


--
-- Name: car_diagnosticorepuesto car_diagnosticorepue_diagnostico_id_92e8d55e_fk_car_diagn; Type: FK CONSTRAINT; Schema: public; Owner: maxgonpe
--

ALTER TABLE ONLY public.car_diagnosticorepuesto
    ADD CONSTRAINT car_diagnosticorepue_diagnostico_id_92e8d55e_fk_car_diagn FOREIGN KEY (diagnostico_id) REFERENCES public.car_diagnostico(id) DEFERRABLE INITIALLY DEFERRED;


--
-- Name: car_diagnosticorepuesto car_diagnosticorepue_repuesto_externo_id_5f12a577_fk_car_repue; Type: FK CONSTRAINT; Schema: public; Owner: maxgonpe
--

ALTER TABLE ONLY public.car_diagnosticorepuesto
    ADD CONSTRAINT car_diagnosticorepue_repuesto_externo_id_5f12a577_fk_car_repue FOREIGN KEY (repuesto_externo_id) REFERENCES public.car_repuestoexterno(id) DEFERRABLE INITIALLY DEFERRED;


--
-- Name: car_diagnosticorepuesto car_diagnosticorepue_repuesto_stock_id_8e5b68a1_fk_car_repue; Type: FK CONSTRAINT; Schema: public; Owner: maxgonpe
--

ALTER TABLE ONLY public.car_diagnosticorepuesto
    ADD CONSTRAINT car_diagnosticorepue_repuesto_stock_id_8e5b68a1_fk_car_repue FOREIGN KEY (repuesto_stock_id) REFERENCES public.car_repuestoenstock(id) DEFERRABLE INITIALLY DEFERRED;


--
-- Name: car_diagnosticorepuesto car_diagnosticorepuesto_repuesto_id_089d3a7d_fk_car_repuesto_id; Type: FK CONSTRAINT; Schema: public; Owner: maxgonpe
--

ALTER TABLE ONLY public.car_diagnosticorepuesto
    ADD CONSTRAINT car_diagnosticorepuesto_repuesto_id_089d3a7d_fk_car_repuesto_id FOREIGN KEY (repuesto_id) REFERENCES public.car_repuesto(id) DEFERRABLE INITIALLY DEFERRED;


--
-- Name: car_excepcionbonotrabajo car_excepcionbonotrabajo_creado_por_id_05f71389_fk_auth_user_id; Type: FK CONSTRAINT; Schema: public; Owner: maxgonpe
--

ALTER TABLE ONLY public.car_excepcionbonotrabajo
    ADD CONSTRAINT car_excepcionbonotrabajo_creado_por_id_05f71389_fk_auth_user_id FOREIGN KEY (creado_por_id) REFERENCES public.auth_user(id) DEFERRABLE INITIALLY DEFERRED;


--
-- Name: car_excepcionbonotrabajo car_excepcionbonotrabajo_trabajo_id_fc015a1a_fk_car_trabajo_id; Type: FK CONSTRAINT; Schema: public; Owner: maxgonpe
--

ALTER TABLE ONLY public.car_excepcionbonotrabajo
    ADD CONSTRAINT car_excepcionbonotrabajo_trabajo_id_fc015a1a_fk_car_trabajo_id FOREIGN KEY (trabajo_id) REFERENCES public.car_trabajo(id) DEFERRABLE INITIALLY DEFERRED;


--
-- Name: car_mecanico car_mecanico_user_id_c8c7f7ae_fk_auth_user_id; Type: FK CONSTRAINT; Schema: public; Owner: maxgonpe
--

ALTER TABLE ONLY public.car_mecanico
    ADD CONSTRAINT car_mecanico_user_id_c8c7f7ae_fk_auth_user_id FOREIGN KEY (user_id) REFERENCES public.auth_user(id) DEFERRABLE INITIALLY DEFERRED;


--
-- Name: car_pagomecanico_bonos_aplicados car_pagomecanico_bon_bonogenerado_id_059dd79e_fk_car_bonog; Type: FK CONSTRAINT; Schema: public; Owner: maxgonpe
--

ALTER TABLE ONLY public.car_pagomecanico_bonos_aplicados
    ADD CONSTRAINT car_pagomecanico_bon_bonogenerado_id_059dd79e_fk_car_bonog FOREIGN KEY (bonogenerado_id) REFERENCES public.car_bonogenerado(id) DEFERRABLE INITIALLY DEFERRED;


--
-- Name: car_pagomecanico_bonos_aplicados car_pagomecanico_bon_pagomecanico_id_7923b149_fk_car_pagom; Type: FK CONSTRAINT; Schema: public; Owner: maxgonpe
--

ALTER TABLE ONLY public.car_pagomecanico_bonos_aplicados
    ADD CONSTRAINT car_pagomecanico_bon_pagomecanico_id_7923b149_fk_car_pagom FOREIGN KEY (pagomecanico_id) REFERENCES public.car_pagomecanico(id) DEFERRABLE INITIALLY DEFERRED;


--
-- Name: car_pagomecanico car_pagomecanico_mecanico_id_76f1402b_fk_car_mecanico_id; Type: FK CONSTRAINT; Schema: public; Owner: maxgonpe
--

ALTER TABLE ONLY public.car_pagomecanico
    ADD CONSTRAINT car_pagomecanico_mecanico_id_76f1402b_fk_car_mecanico_id FOREIGN KEY (mecanico_id) REFERENCES public.car_mecanico(id) DEFERRABLE INITIALLY DEFERRED;


--
-- Name: car_pagomecanico car_pagomecanico_registrado_por_id_d8d8bc93_fk_auth_user_id; Type: FK CONSTRAINT; Schema: public; Owner: maxgonpe
--

ALTER TABLE ONLY public.car_pagomecanico
    ADD CONSTRAINT car_pagomecanico_registrado_por_id_d8d8bc93_fk_auth_user_id FOREIGN KEY (registrado_por_id) REFERENCES public.auth_user(id) DEFERRABLE INITIALLY DEFERRED;


--
-- Name: car_reparacion car_reparacion_diagnostico_id_700618d5_fk_car_diagnostico_id; Type: FK CONSTRAINT; Schema: public; Owner: maxgonpe
--

ALTER TABLE ONLY public.car_reparacion
    ADD CONSTRAINT car_reparacion_diagnostico_id_700618d5_fk_car_diagnostico_id FOREIGN KEY (diagnostico_id) REFERENCES public.car_diagnostico(id) DEFERRABLE INITIALLY DEFERRED;


--
-- Name: car_repuestoaplicacion car_repuestoaplicaci_version_id_3a710ed4_fk_car_vehic; Type: FK CONSTRAINT; Schema: public; Owner: maxgonpe
--

ALTER TABLE ONLY public.car_repuestoaplicacion
    ADD CONSTRAINT car_repuestoaplicaci_version_id_3a710ed4_fk_car_vehic FOREIGN KEY (version_id) REFERENCES public.car_vehiculoversion(id) DEFERRABLE INITIALLY DEFERRED;


--
-- Name: car_repuestoaplicacion car_repuestoaplicacion_repuesto_id_ff3d6c75_fk_car_repuesto_id; Type: FK CONSTRAINT; Schema: public; Owner: maxgonpe
--

ALTER TABLE ONLY public.car_repuestoaplicacion
    ADD CONSTRAINT car_repuestoaplicacion_repuesto_id_ff3d6c75_fk_car_repuesto_id FOREIGN KEY (repuesto_id) REFERENCES public.car_repuesto(id) DEFERRABLE INITIALLY DEFERRED;


--
-- Name: car_repuestoenstock car_repuestoenstock_repuesto_id_a354e6ca_fk_car_repuesto_id; Type: FK CONSTRAINT; Schema: public; Owner: maxgonpe
--

ALTER TABLE ONLY public.car_repuestoenstock
    ADD CONSTRAINT car_repuestoenstock_repuesto_id_a354e6ca_fk_car_repuesto_id FOREIGN KEY (repuesto_id) REFERENCES public.car_repuesto(id) DEFERRABLE INITIALLY DEFERRED;


--
-- Name: car_repuestoexterno_vehiculos_compatibles car_repuestoexterno__repuestoexterno_id_06e2b8db_fk_car_repue; Type: FK CONSTRAINT; Schema: public; Owner: maxgonpe
--

ALTER TABLE ONLY public.car_repuestoexterno_vehiculos_compatibles
    ADD CONSTRAINT car_repuestoexterno__repuestoexterno_id_06e2b8db_fk_car_repue FOREIGN KEY (repuestoexterno_id) REFERENCES public.car_repuestoexterno(id) DEFERRABLE INITIALLY DEFERRED;


--
-- Name: car_repuestoexterno_vehiculos_compatibles car_repuestoexterno__vehiculo_id_1a8d5472_fk_car_vehic; Type: FK CONSTRAINT; Schema: public; Owner: maxgonpe
--

ALTER TABLE ONLY public.car_repuestoexterno_vehiculos_compatibles
    ADD CONSTRAINT car_repuestoexterno__vehiculo_id_1a8d5472_fk_car_vehic FOREIGN KEY (vehiculo_id) REFERENCES public.car_vehiculo(id) DEFERRABLE INITIALLY DEFERRED;


--
-- Name: car_repuestoexterno car_repuestoexterno_creado_por_id_111b2a05_fk_auth_user_id; Type: FK CONSTRAINT; Schema: public; Owner: maxgonpe
--

ALTER TABLE ONLY public.car_repuestoexterno
    ADD CONSTRAINT car_repuestoexterno_creado_por_id_111b2a05_fk_auth_user_id FOREIGN KEY (creado_por_id) REFERENCES public.auth_user(id) DEFERRABLE INITIALLY DEFERRED;


--
-- Name: car_sesionventa car_sesionventa_usuario_id_69cce82e_fk_auth_user_id; Type: FK CONSTRAINT; Schema: public; Owner: maxgonpe
--

ALTER TABLE ONLY public.car_sesionventa
    ADD CONSTRAINT car_sesionventa_usuario_id_69cce82e_fk_auth_user_id FOREIGN KEY (usuario_id) REFERENCES public.auth_user(id) DEFERRABLE INITIALLY DEFERRED;


--
-- Name: car_stockmovimiento car_stockmovimiento_repuesto_stock_id_f2789074_fk_car_repue; Type: FK CONSTRAINT; Schema: public; Owner: maxgonpe
--

ALTER TABLE ONLY public.car_stockmovimiento
    ADD CONSTRAINT car_stockmovimiento_repuesto_stock_id_f2789074_fk_car_repue FOREIGN KEY (repuesto_stock_id) REFERENCES public.car_repuestoenstock(id) DEFERRABLE INITIALLY DEFERRED;


--
-- Name: car_stockmovimiento car_stockmovimiento_usuario_id_527cf94a_fk_auth_user_id; Type: FK CONSTRAINT; Schema: public; Owner: maxgonpe
--

ALTER TABLE ONLY public.car_stockmovimiento
    ADD CONSTRAINT car_stockmovimiento_usuario_id_527cf94a_fk_auth_user_id FOREIGN KEY (usuario_id) REFERENCES public.auth_user(id) DEFERRABLE INITIALLY DEFERRED;


--
-- Name: car_trabajo_componentes car_trabajo_componen_componente_id_505bae17_fk_car_compo; Type: FK CONSTRAINT; Schema: public; Owner: maxgonpe
--

ALTER TABLE ONLY public.car_trabajo_componentes
    ADD CONSTRAINT car_trabajo_componen_componente_id_505bae17_fk_car_compo FOREIGN KEY (componente_id) REFERENCES public.car_componente(id) DEFERRABLE INITIALLY DEFERRED;


--
-- Name: car_trabajo_componentes car_trabajo_componentes_trabajo_id_e728d9ba_fk_car_trabajo_id; Type: FK CONSTRAINT; Schema: public; Owner: maxgonpe
--

ALTER TABLE ONLY public.car_trabajo_componentes
    ADD CONSTRAINT car_trabajo_componentes_trabajo_id_e728d9ba_fk_car_trabajo_id FOREIGN KEY (trabajo_id) REFERENCES public.car_trabajo(id) DEFERRABLE INITIALLY DEFERRED;


--
-- Name: car_trabajo car_trabajo_diagnostico_id_f0494eef_fk_car_diagnostico_id; Type: FK CONSTRAINT; Schema: public; Owner: maxgonpe
--

ALTER TABLE ONLY public.car_trabajo
    ADD CONSTRAINT car_trabajo_diagnostico_id_f0494eef_fk_car_diagnostico_id FOREIGN KEY (diagnostico_id) REFERENCES public.car_diagnostico(id) DEFERRABLE INITIALLY DEFERRED;


--
-- Name: car_trabajo_mecanicos car_trabajo_mecanicos_mecanico_id_fd413fbb_fk_car_mecanico_id; Type: FK CONSTRAINT; Schema: public; Owner: maxgonpe
--

ALTER TABLE ONLY public.car_trabajo_mecanicos
    ADD CONSTRAINT car_trabajo_mecanicos_mecanico_id_fd413fbb_fk_car_mecanico_id FOREIGN KEY (mecanico_id) REFERENCES public.car_mecanico(id) DEFERRABLE INITIALLY DEFERRED;


--
-- Name: car_trabajo_mecanicos car_trabajo_mecanicos_trabajo_id_9fb4e24d_fk_car_trabajo_id; Type: FK CONSTRAINT; Schema: public; Owner: maxgonpe
--

ALTER TABLE ONLY public.car_trabajo_mecanicos
    ADD CONSTRAINT car_trabajo_mecanicos_trabajo_id_9fb4e24d_fk_car_trabajo_id FOREIGN KEY (trabajo_id) REFERENCES public.car_trabajo(id) DEFERRABLE INITIALLY DEFERRED;


--
-- Name: car_trabajo car_trabajo_vehiculo_id_b0ce17b1_fk_car_vehiculo_id; Type: FK CONSTRAINT; Schema: public; Owner: maxgonpe
--

ALTER TABLE ONLY public.car_trabajo
    ADD CONSTRAINT car_trabajo_vehiculo_id_b0ce17b1_fk_car_vehiculo_id FOREIGN KEY (vehiculo_id) REFERENCES public.car_vehiculo(id) DEFERRABLE INITIALLY DEFERRED;


--
-- Name: car_trabajoabono car_trabajoabono_trabajo_id_83f64924_fk_car_trabajo_id; Type: FK CONSTRAINT; Schema: public; Owner: maxgonpe
--

ALTER TABLE ONLY public.car_trabajoabono
    ADD CONSTRAINT car_trabajoabono_trabajo_id_83f64924_fk_car_trabajo_id FOREIGN KEY (trabajo_id) REFERENCES public.car_trabajo(id) DEFERRABLE INITIALLY DEFERRED;


--
-- Name: car_trabajoabono car_trabajoabono_usuario_id_07e4d7d6_fk_auth_user_id; Type: FK CONSTRAINT; Schema: public; Owner: maxgonpe
--

ALTER TABLE ONLY public.car_trabajoabono
    ADD CONSTRAINT car_trabajoabono_usuario_id_07e4d7d6_fk_auth_user_id FOREIGN KEY (usuario_id) REFERENCES public.auth_user(id) DEFERRABLE INITIALLY DEFERRED;


--
-- Name: car_trabajoaccion car_trabajoaccion_accion_id_faad4784_fk_car_accion_id; Type: FK CONSTRAINT; Schema: public; Owner: maxgonpe
--

ALTER TABLE ONLY public.car_trabajoaccion
    ADD CONSTRAINT car_trabajoaccion_accion_id_faad4784_fk_car_accion_id FOREIGN KEY (accion_id) REFERENCES public.car_accion(id) DEFERRABLE INITIALLY DEFERRED;


--
-- Name: car_trabajoaccion car_trabajoaccion_componente_id_9f0777f2_fk_car_componente_id; Type: FK CONSTRAINT; Schema: public; Owner: maxgonpe
--

ALTER TABLE ONLY public.car_trabajoaccion
    ADD CONSTRAINT car_trabajoaccion_componente_id_9f0777f2_fk_car_componente_id FOREIGN KEY (componente_id) REFERENCES public.car_componente(id) DEFERRABLE INITIALLY DEFERRED;


--
-- Name: car_trabajoaccion car_trabajoaccion_trabajo_id_309d9d45_fk_car_trabajo_id; Type: FK CONSTRAINT; Schema: public; Owner: maxgonpe
--

ALTER TABLE ONLY public.car_trabajoaccion
    ADD CONSTRAINT car_trabajoaccion_trabajo_id_309d9d45_fk_car_trabajo_id FOREIGN KEY (trabajo_id) REFERENCES public.car_trabajo(id) DEFERRABLE INITIALLY DEFERRED;


--
-- Name: car_trabajoadicional car_trabajoadicional_trabajo_id_47789679_fk_car_trabajo_id; Type: FK CONSTRAINT; Schema: public; Owner: maxgonpe
--

ALTER TABLE ONLY public.car_trabajoadicional
    ADD CONSTRAINT car_trabajoadicional_trabajo_id_47789679_fk_car_trabajo_id FOREIGN KEY (trabajo_id) REFERENCES public.car_trabajo(id) DEFERRABLE INITIALLY DEFERRED;


--
-- Name: car_trabajoadicional car_trabajoadicional_usuario_id_2f33b3ac_fk_auth_user_id; Type: FK CONSTRAINT; Schema: public; Owner: maxgonpe
--

ALTER TABLE ONLY public.car_trabajoadicional
    ADD CONSTRAINT car_trabajoadicional_usuario_id_2f33b3ac_fk_auth_user_id FOREIGN KEY (usuario_id) REFERENCES public.auth_user(id) DEFERRABLE INITIALLY DEFERRED;


--
-- Name: car_trabajofoto car_trabajofoto_trabajo_id_50c63caf_fk_car_trabajo_id; Type: FK CONSTRAINT; Schema: public; Owner: maxgonpe
--

ALTER TABLE ONLY public.car_trabajofoto
    ADD CONSTRAINT car_trabajofoto_trabajo_id_50c63caf_fk_car_trabajo_id FOREIGN KEY (trabajo_id) REFERENCES public.car_trabajo(id) DEFERRABLE INITIALLY DEFERRED;


--
-- Name: car_trabajorepuesto car_trabajorepuesto_componente_id_aa850f96_fk_car_componente_id; Type: FK CONSTRAINT; Schema: public; Owner: maxgonpe
--

ALTER TABLE ONLY public.car_trabajorepuesto
    ADD CONSTRAINT car_trabajorepuesto_componente_id_aa850f96_fk_car_componente_id FOREIGN KEY (componente_id) REFERENCES public.car_componente(id) DEFERRABLE INITIALLY DEFERRED;


--
-- Name: car_trabajorepuesto car_trabajorepuesto_repuesto_externo_id_e81e6aca_fk_car_repue; Type: FK CONSTRAINT; Schema: public; Owner: maxgonpe
--

ALTER TABLE ONLY public.car_trabajorepuesto
    ADD CONSTRAINT car_trabajorepuesto_repuesto_externo_id_e81e6aca_fk_car_repue FOREIGN KEY (repuesto_externo_id) REFERENCES public.car_repuestoexterno(id) DEFERRABLE INITIALLY DEFERRED;


--
-- Name: car_trabajorepuesto car_trabajorepuesto_repuesto_id_5502900c_fk_car_repuesto_id; Type: FK CONSTRAINT; Schema: public; Owner: maxgonpe
--

ALTER TABLE ONLY public.car_trabajorepuesto
    ADD CONSTRAINT car_trabajorepuesto_repuesto_id_5502900c_fk_car_repuesto_id FOREIGN KEY (repuesto_id) REFERENCES public.car_repuesto(id) DEFERRABLE INITIALLY DEFERRED;


--
-- Name: car_trabajorepuesto car_trabajorepuesto_trabajo_id_3c2f1235_fk_car_trabajo_id; Type: FK CONSTRAINT; Schema: public; Owner: maxgonpe
--

ALTER TABLE ONLY public.car_trabajorepuesto
    ADD CONSTRAINT car_trabajorepuesto_trabajo_id_3c2f1235_fk_car_trabajo_id FOREIGN KEY (trabajo_id) REFERENCES public.car_trabajo(id) DEFERRABLE INITIALLY DEFERRED;


--
-- Name: car_vehiculo car_vehiculo_cliente_id_9513a104_fk_car_cliente_taller_rut; Type: FK CONSTRAINT; Schema: public; Owner: maxgonpe
--

ALTER TABLE ONLY public.car_vehiculo
    ADD CONSTRAINT car_vehiculo_cliente_id_9513a104_fk_car_cliente_taller_rut FOREIGN KEY (cliente_id) REFERENCES public.car_cliente_taller(rut) DEFERRABLE INITIALLY DEFERRED;


--
-- Name: car_venta car_venta_usuario_id_4219fffe_fk_auth_user_id; Type: FK CONSTRAINT; Schema: public; Owner: maxgonpe
--

ALTER TABLE ONLY public.car_venta
    ADD CONSTRAINT car_venta_usuario_id_4219fffe_fk_auth_user_id FOREIGN KEY (usuario_id) REFERENCES public.auth_user(id) DEFERRABLE INITIALLY DEFERRED;


--
-- Name: car_ventaitem car_ventaitem_repuesto_stock_id_a22353b5_fk_car_repue; Type: FK CONSTRAINT; Schema: public; Owner: maxgonpe
--

ALTER TABLE ONLY public.car_ventaitem
    ADD CONSTRAINT car_ventaitem_repuesto_stock_id_a22353b5_fk_car_repue FOREIGN KEY (repuesto_stock_id) REFERENCES public.car_repuestoenstock(id) DEFERRABLE INITIALLY DEFERRED;


--
-- Name: car_ventaitem car_ventaitem_venta_id_26b53e6a_fk_car_venta_id; Type: FK CONSTRAINT; Schema: public; Owner: maxgonpe
--

ALTER TABLE ONLY public.car_ventaitem
    ADD CONSTRAINT car_ventaitem_venta_id_26b53e6a_fk_car_venta_id FOREIGN KEY (venta_id) REFERENCES public.car_venta(id) DEFERRABLE INITIALLY DEFERRED;


--
-- Name: car_ventapos car_ventapos_sesion_id_224d2383_fk_car_sesionventa_id; Type: FK CONSTRAINT; Schema: public; Owner: maxgonpe
--

ALTER TABLE ONLY public.car_ventapos
    ADD CONSTRAINT car_ventapos_sesion_id_224d2383_fk_car_sesionventa_id FOREIGN KEY (sesion_id) REFERENCES public.car_sesionventa(id) DEFERRABLE INITIALLY DEFERRED;


--
-- Name: car_ventapos car_ventapos_usuario_id_27e2e952_fk_auth_user_id; Type: FK CONSTRAINT; Schema: public; Owner: maxgonpe
--

ALTER TABLE ONLY public.car_ventapos
    ADD CONSTRAINT car_ventapos_usuario_id_27e2e952_fk_auth_user_id FOREIGN KEY (usuario_id) REFERENCES public.auth_user(id) DEFERRABLE INITIALLY DEFERRED;


--
-- Name: car_ventapositem car_ventapositem_repuesto_id_c4b9ed39_fk_car_repuesto_id; Type: FK CONSTRAINT; Schema: public; Owner: maxgonpe
--

ALTER TABLE ONLY public.car_ventapositem
    ADD CONSTRAINT car_ventapositem_repuesto_id_c4b9ed39_fk_car_repuesto_id FOREIGN KEY (repuesto_id) REFERENCES public.car_repuesto(id) DEFERRABLE INITIALLY DEFERRED;


--
-- Name: car_ventapositem car_ventapositem_venta_id_bfdfc8a4_fk_car_ventapos_id; Type: FK CONSTRAINT; Schema: public; Owner: maxgonpe
--

ALTER TABLE ONLY public.car_ventapositem
    ADD CONSTRAINT car_ventapositem_venta_id_bfdfc8a4_fk_car_ventapos_id FOREIGN KEY (venta_id) REFERENCES public.car_ventapos(id) DEFERRABLE INITIALLY DEFERRED;


--
-- Name: django_admin_log django_admin_log_content_type_id_c4bce8eb_fk_django_co; Type: FK CONSTRAINT; Schema: public; Owner: maxgonpe
--

ALTER TABLE ONLY public.django_admin_log
    ADD CONSTRAINT django_admin_log_content_type_id_c4bce8eb_fk_django_co FOREIGN KEY (content_type_id) REFERENCES public.django_content_type(id) DEFERRABLE INITIALLY DEFERRED;


--
-- Name: django_admin_log django_admin_log_user_id_c564eba6_fk_auth_user_id; Type: FK CONSTRAINT; Schema: public; Owner: maxgonpe
--

ALTER TABLE ONLY public.django_admin_log
    ADD CONSTRAINT django_admin_log_user_id_c564eba6_fk_auth_user_id FOREIGN KEY (user_id) REFERENCES public.auth_user(id) DEFERRABLE INITIALLY DEFERRED;


--
-- PostgreSQL database dump complete
--

\unrestrict 3cvlvEQpaBPvs2WifV9tUCGBDrf46ZvbxwDLoWL9FuhvVybiSxOXqx5Vzt06Mn1

