--
-- PostgreSQL database dump
--

\restrict 879hEeKadesf4JgXpFSVQashVFBcwcoAuWd9Kdw7iVga07tVEbFBkL9zIGybUL5

-- Dumped from database version 15.14 (Debian 15.14-1.pgdg13+1)
-- Dumped by pg_dump version 15.14 (Debian 15.14-1.pgdg13+1)

SET statement_timeout = 0;
SET lock_timeout = 0;
SET idle_in_transaction_session_timeout = 0;
SET client_encoding = 'UTF8';
SET standard_conforming_strings = on;
SELECT pg_catalog.set_config('search_path', '', false);
SET check_function_bodies = false;
SET xmloption = content;
SET client_min_messages = warning;
SET row_security = off;

SET default_tablespace = '';

SET default_table_access_method = heap;

--
-- Name: auth_group; Type: TABLE; Schema: public; Owner: maxgonpe
--

CREATE TABLE public.auth_group (
    id integer NOT NULL,
    name character varying(150) NOT NULL
);


ALTER TABLE public.auth_group OWNER TO maxgonpe;

--
-- Name: auth_group_id_seq; Type: SEQUENCE; Schema: public; Owner: maxgonpe
--

ALTER TABLE public.auth_group ALTER COLUMN id ADD GENERATED BY DEFAULT AS IDENTITY (
    SEQUENCE NAME public.auth_group_id_seq
    START WITH 1
    INCREMENT BY 1
    NO MINVALUE
    NO MAXVALUE
    CACHE 1
);


--
-- Name: auth_group_permissions; Type: TABLE; Schema: public; Owner: maxgonpe
--

CREATE TABLE public.auth_group_permissions (
    id bigint NOT NULL,
    group_id integer NOT NULL,
    permission_id integer NOT NULL
);


ALTER TABLE public.auth_group_permissions OWNER TO maxgonpe;

--
-- Name: auth_group_permissions_id_seq; Type: SEQUENCE; Schema: public; Owner: maxgonpe
--

ALTER TABLE public.auth_group_permissions ALTER COLUMN id ADD GENERATED BY DEFAULT AS IDENTITY (
    SEQUENCE NAME public.auth_group_permissions_id_seq
    START WITH 1
    INCREMENT BY 1
    NO MINVALUE
    NO MAXVALUE
    CACHE 1
);


--
-- Name: auth_permission; Type: TABLE; Schema: public; Owner: maxgonpe
--

CREATE TABLE public.auth_permission (
    id integer NOT NULL,
    name character varying(255) NOT NULL,
    content_type_id integer NOT NULL,
    codename character varying(100) NOT NULL
);


ALTER TABLE public.auth_permission OWNER TO maxgonpe;

--
-- Name: auth_permission_id_seq; Type: SEQUENCE; Schema: public; Owner: maxgonpe
--

ALTER TABLE public.auth_permission ALTER COLUMN id ADD GENERATED BY DEFAULT AS IDENTITY (
    SEQUENCE NAME public.auth_permission_id_seq
    START WITH 1
    INCREMENT BY 1
    NO MINVALUE
    NO MAXVALUE
    CACHE 1
);


--
-- Name: auth_user; Type: TABLE; Schema: public; Owner: maxgonpe
--

CREATE TABLE public.auth_user (
    id integer NOT NULL,
    password character varying(128) NOT NULL,
    last_login timestamp with time zone,
    is_superuser boolean NOT NULL,
    username character varying(150) NOT NULL,
    first_name character varying(150) NOT NULL,
    last_name character varying(150) NOT NULL,
    email character varying(254) NOT NULL,
    is_staff boolean NOT NULL,
    is_active boolean NOT NULL,
    date_joined timestamp with time zone NOT NULL
);


ALTER TABLE public.auth_user OWNER TO maxgonpe;

--
-- Name: auth_user_groups; Type: TABLE; Schema: public; Owner: maxgonpe
--

CREATE TABLE public.auth_user_groups (
    id bigint NOT NULL,
    user_id integer NOT NULL,
    group_id integer NOT NULL
);


ALTER TABLE public.auth_user_groups OWNER TO maxgonpe;

--
-- Name: auth_user_groups_id_seq; Type: SEQUENCE; Schema: public; Owner: maxgonpe
--

ALTER TABLE public.auth_user_groups ALTER COLUMN id ADD GENERATED BY DEFAULT AS IDENTITY (
    SEQUENCE NAME public.auth_user_groups_id_seq
    START WITH 1
    INCREMENT BY 1
    NO MINVALUE
    NO MAXVALUE
    CACHE 1
);


--
-- Name: auth_user_id_seq; Type: SEQUENCE; Schema: public; Owner: maxgonpe
--

ALTER TABLE public.auth_user ALTER COLUMN id ADD GENERATED BY DEFAULT AS IDENTITY (
    SEQUENCE NAME public.auth_user_id_seq
    START WITH 1
    INCREMENT BY 1
    NO MINVALUE
    NO MAXVALUE
    CACHE 1
);


--
-- Name: auth_user_user_permissions; Type: TABLE; Schema: public; Owner: maxgonpe
--

CREATE TABLE public.auth_user_user_permissions (
    id bigint NOT NULL,
    user_id integer NOT NULL,
    permission_id integer NOT NULL
);


ALTER TABLE public.auth_user_user_permissions OWNER TO maxgonpe;

--
-- Name: auth_user_user_permissions_id_seq; Type: SEQUENCE; Schema: public; Owner: maxgonpe
--

ALTER TABLE public.auth_user_user_permissions ALTER COLUMN id ADD GENERATED BY DEFAULT AS IDENTITY (
    SEQUENCE NAME public.auth_user_user_permissions_id_seq
    START WITH 1
    INCREMENT BY 1
    NO MINVALUE
    NO MAXVALUE
    CACHE 1
);


--
-- Name: car_accion; Type: TABLE; Schema: public; Owner: maxgonpe
--

CREATE TABLE public.car_accion (
    id bigint NOT NULL,
    nombre character varying(100) NOT NULL
);


ALTER TABLE public.car_accion OWNER TO maxgonpe;

--
-- Name: car_accion_id_seq; Type: SEQUENCE; Schema: public; Owner: maxgonpe
--

ALTER TABLE public.car_accion ALTER COLUMN id ADD GENERATED BY DEFAULT AS IDENTITY (
    SEQUENCE NAME public.car_accion_id_seq
    START WITH 1
    INCREMENT BY 1
    NO MINVALUE
    NO MAXVALUE
    CACHE 1
);


--
-- Name: car_administraciontaller; Type: TABLE; Schema: public; Owner: maxgonpe
--

CREATE TABLE public.car_administraciontaller (
    id bigint NOT NULL,
    nombre_taller character varying(200) NOT NULL,
    direccion text,
    telefono character varying(20),
    email character varying(254),
    rut character varying(20),
    logo_principal_png character varying(100),
    logo_principal_svg character varying(100),
    logo_secundario_png character varying(100),
    imagen_fondo character varying(100),
    sesion_timeout_minutos integer NOT NULL,
    intentos_login_maximos integer NOT NULL,
    bloqueo_temporal_horas integer NOT NULL,
    requiere_cambio_password boolean NOT NULL,
    dias_validez_password integer NOT NULL,
    tema_por_defecto character varying(20) NOT NULL,
    mostrar_estadisticas_publicas boolean NOT NULL,
    permitir_registro_usuarios boolean NOT NULL,
    notificaciones_email boolean NOT NULL,
    fecha_creacion timestamp with time zone NOT NULL,
    fecha_actualizacion timestamp with time zone NOT NULL,
    creado_por_id integer,
    CONSTRAINT car_administraciontaller_bloqueo_temporal_horas_check CHECK ((bloqueo_temporal_horas >= 0)),
    CONSTRAINT car_administraciontaller_dias_validez_password_check CHECK ((dias_validez_password >= 0)),
    CONSTRAINT car_administraciontaller_intentos_login_maximos_check CHECK ((intentos_login_maximos >= 0)),
    CONSTRAINT car_administraciontaller_sesion_timeout_minutos_check CHECK ((sesion_timeout_minutos >= 0))
);


ALTER TABLE public.car_administraciontaller OWNER TO maxgonpe;

--
-- Name: car_administraciontaller_id_seq; Type: SEQUENCE; Schema: public; Owner: maxgonpe
--

ALTER TABLE public.car_administraciontaller ALTER COLUMN id ADD GENERATED BY DEFAULT AS IDENTITY (
    SEQUENCE NAME public.car_administraciontaller_id_seq
    START WITH 1
    INCREMENT BY 1
    NO MINVALUE
    NO MAXVALUE
    CACHE 1
);


--
-- Name: car_carritoitem; Type: TABLE; Schema: public; Owner: maxgonpe
--

CREATE TABLE public.car_carritoitem (
    id bigint NOT NULL,
    cantidad integer NOT NULL,
    precio_unitario numeric(12,2) NOT NULL,
    subtotal numeric(12,2) NOT NULL,
    agregado_en timestamp with time zone NOT NULL,
    repuesto_id bigint NOT NULL,
    sesion_id bigint NOT NULL,
    CONSTRAINT car_carritoitem_cantidad_check CHECK ((cantidad >= 0))
);


ALTER TABLE public.car_carritoitem OWNER TO maxgonpe;

--
-- Name: car_carritoitem_id_seq; Type: SEQUENCE; Schema: public; Owner: maxgonpe
--

ALTER TABLE public.car_carritoitem ALTER COLUMN id ADD GENERATED BY DEFAULT AS IDENTITY (
    SEQUENCE NAME public.car_carritoitem_id_seq
    START WITH 1
    INCREMENT BY 1
    NO MINVALUE
    NO MAXVALUE
    CACHE 1
);


--
-- Name: car_cliente; Type: TABLE; Schema: public; Owner: maxgonpe
--

CREATE TABLE public.car_cliente (
    id bigint NOT NULL,
    nombre character varying(100) NOT NULL,
    telefono character varying(20) NOT NULL
);


ALTER TABLE public.car_cliente OWNER TO maxgonpe;

--
-- Name: car_cliente_id_seq; Type: SEQUENCE; Schema: public; Owner: maxgonpe
--

ALTER TABLE public.car_cliente ALTER COLUMN id ADD GENERATED BY DEFAULT AS IDENTITY (
    SEQUENCE NAME public.car_cliente_id_seq
    START WITH 1
    INCREMENT BY 1
    NO MINVALUE
    NO MAXVALUE
    CACHE 1
);


--
-- Name: car_cliente_taller; Type: TABLE; Schema: public; Owner: maxgonpe
--

CREATE TABLE public.car_cliente_taller (
    rut character varying(12) NOT NULL,
    nombre character varying(100) NOT NULL,
    telefono character varying(20),
    email character varying(254),
    direccion text,
    fecha_registro timestamp with time zone NOT NULL,
    activo boolean NOT NULL
);


ALTER TABLE public.car_cliente_taller OWNER TO maxgonpe;

--
-- Name: car_componente; Type: TABLE; Schema: public; Owner: maxgonpe
--

CREATE TABLE public.car_componente (
    id bigint NOT NULL,
    nombre character varying(100) NOT NULL,
    codigo character varying(255) NOT NULL,
    activo boolean NOT NULL,
    padre_id bigint
);


ALTER TABLE public.car_componente OWNER TO maxgonpe;

--
-- Name: car_componente_id_seq; Type: SEQUENCE; Schema: public; Owner: maxgonpe
--

ALTER TABLE public.car_componente ALTER COLUMN id ADD GENERATED BY DEFAULT AS IDENTITY (
    SEQUENCE NAME public.car_componente_id_seq
    START WITH 1
    INCREMENT BY 1
    NO MINVALUE
    NO MAXVALUE
    CACHE 1
);


--
-- Name: car_componenteaccion; Type: TABLE; Schema: public; Owner: maxgonpe
--

CREATE TABLE public.car_componenteaccion (
    id bigint NOT NULL,
    precio_mano_obra numeric(10,2) NOT NULL,
    accion_id bigint NOT NULL,
    componente_id bigint NOT NULL
);


ALTER TABLE public.car_componenteaccion OWNER TO maxgonpe;

--
-- Name: car_componenteaccion_id_seq; Type: SEQUENCE; Schema: public; Owner: maxgonpe
--

ALTER TABLE public.car_componenteaccion ALTER COLUMN id ADD GENERATED BY DEFAULT AS IDENTITY (
    SEQUENCE NAME public.car_componenteaccion_id_seq
    START WITH 1
    INCREMENT BY 1
    NO MINVALUE
    NO MAXVALUE
    CACHE 1
);


--
-- Name: car_componenterepuesto; Type: TABLE; Schema: public; Owner: maxgonpe
--

CREATE TABLE public.car_componenterepuesto (
    id bigint NOT NULL,
    nota character varying(200) NOT NULL,
    componente_id bigint NOT NULL,
    repuesto_id bigint NOT NULL
);


ALTER TABLE public.car_componenterepuesto OWNER TO maxgonpe;

--
-- Name: car_componenterepuesto_id_seq; Type: SEQUENCE; Schema: public; Owner: maxgonpe
--

ALTER TABLE public.car_componenterepuesto ALTER COLUMN id ADD GENERATED BY DEFAULT AS IDENTITY (
    SEQUENCE NAME public.car_componenterepuesto_id_seq
    START WITH 1
    INCREMENT BY 1
    NO MINVALUE
    NO MAXVALUE
    CACHE 1
);


--
-- Name: car_configuracionpos; Type: TABLE; Schema: public; Owner: maxgonpe
--

CREATE TABLE public.car_configuracionpos (
    id bigint NOT NULL,
    nombre_empresa character varying(100) NOT NULL,
    direccion text NOT NULL,
    telefono character varying(20) NOT NULL,
    ruc character varying(20) NOT NULL,
    imprimir_ticket boolean NOT NULL,
    mostrar_descuentos boolean NOT NULL,
    permitir_venta_sin_stock boolean NOT NULL,
    margen_ganancia_default numeric(5,2) NOT NULL
);


ALTER TABLE public.car_configuracionpos OWNER TO maxgonpe;

--
-- Name: car_configuracionpos_id_seq; Type: SEQUENCE; Schema: public; Owner: maxgonpe
--

ALTER TABLE public.car_configuracionpos ALTER COLUMN id ADD GENERATED BY DEFAULT AS IDENTITY (
    SEQUENCE NAME public.car_configuracionpos_id_seq
    START WITH 1
    INCREMENT BY 1
    NO MINVALUE
    NO MAXVALUE
    CACHE 1
);


--
-- Name: car_cotizacion; Type: TABLE; Schema: public; Owner: maxgonpe
--

CREATE TABLE public.car_cotizacion (
    id bigint NOT NULL,
    fecha timestamp with time zone NOT NULL,
    subtotal numeric(12,2) NOT NULL,
    descuento numeric(12,2) NOT NULL,
    total numeric(12,2) NOT NULL,
    observaciones text NOT NULL,
    valida_hasta date NOT NULL,
    estado character varying(20) NOT NULL,
    cliente_id character varying(12),
    sesion_id bigint NOT NULL,
    usuario_id integer NOT NULL
);


ALTER TABLE public.car_cotizacion OWNER TO maxgonpe;

--
-- Name: car_cotizacion_id_seq; Type: SEQUENCE; Schema: public; Owner: maxgonpe
--

ALTER TABLE public.car_cotizacion ALTER COLUMN id ADD GENERATED BY DEFAULT AS IDENTITY (
    SEQUENCE NAME public.car_cotizacion_id_seq
    START WITH 1
    INCREMENT BY 1
    NO MINVALUE
    NO MAXVALUE
    CACHE 1
);


--
-- Name: car_cotizacionitem; Type: TABLE; Schema: public; Owner: maxgonpe
--

CREATE TABLE public.car_cotizacionitem (
    id bigint NOT NULL,
    cantidad integer NOT NULL,
    precio_unitario numeric(12,2) NOT NULL,
    subtotal numeric(12,2) NOT NULL,
    cotizacion_id bigint NOT NULL,
    repuesto_id bigint NOT NULL,
    CONSTRAINT car_cotizacionitem_cantidad_check CHECK ((cantidad >= 0))
);


ALTER TABLE public.car_cotizacionitem OWNER TO maxgonpe;

--
-- Name: car_cotizacionitem_id_seq; Type: SEQUENCE; Schema: public; Owner: maxgonpe
--

ALTER TABLE public.car_cotizacionitem ALTER COLUMN id ADD GENERATED BY DEFAULT AS IDENTITY (
    SEQUENCE NAME public.car_cotizacionitem_id_seq
    START WITH 1
    INCREMENT BY 1
    NO MINVALUE
    NO MAXVALUE
    CACHE 1
);


--
-- Name: car_diagnostico; Type: TABLE; Schema: public; Owner: maxgonpe
--

CREATE TABLE public.car_diagnostico (
    id bigint NOT NULL,
    descripcion_problema text NOT NULL,
    fecha timestamp with time zone NOT NULL,
    subcomponentes_sugeridos jsonb,
    vehiculo_id bigint NOT NULL,
    aceptado_por character varying(100),
    fecha_aceptacion timestamp with time zone,
    estado character varying(20) NOT NULL
);


ALTER TABLE public.car_diagnostico OWNER TO maxgonpe;

--
-- Name: car_diagnostico_componentes; Type: TABLE; Schema: public; Owner: maxgonpe
--

CREATE TABLE public.car_diagnostico_componentes (
    id bigint NOT NULL,
    diagnostico_id bigint NOT NULL,
    componente_id bigint NOT NULL
);


ALTER TABLE public.car_diagnostico_componentes OWNER TO maxgonpe;

--
-- Name: car_diagnostico_componentes_id_seq; Type: SEQUENCE; Schema: public; Owner: maxgonpe
--

ALTER TABLE public.car_diagnostico_componentes ALTER COLUMN id ADD GENERATED BY DEFAULT AS IDENTITY (
    SEQUENCE NAME public.car_diagnostico_componentes_id_seq
    START WITH 1
    INCREMENT BY 1
    NO MINVALUE
    NO MAXVALUE
    CACHE 1
);


--
-- Name: car_diagnostico_id_seq; Type: SEQUENCE; Schema: public; Owner: maxgonpe
--

ALTER TABLE public.car_diagnostico ALTER COLUMN id ADD GENERATED BY DEFAULT AS IDENTITY (
    SEQUENCE NAME public.car_diagnostico_id_seq
    START WITH 1
    INCREMENT BY 1
    NO MINVALUE
    NO MAXVALUE
    CACHE 1
);


--
-- Name: car_diagnosticocomponenteaccion; Type: TABLE; Schema: public; Owner: maxgonpe
--

CREATE TABLE public.car_diagnosticocomponenteaccion (
    id bigint NOT NULL,
    precio_mano_obra numeric(10,2) NOT NULL,
    accion_id bigint NOT NULL,
    componente_id bigint NOT NULL,
    diagnostico_id bigint NOT NULL
);


ALTER TABLE public.car_diagnosticocomponenteaccion OWNER TO maxgonpe;

--
-- Name: car_diagnosticocomponenteaccion_id_seq; Type: SEQUENCE; Schema: public; Owner: maxgonpe
--

ALTER TABLE public.car_diagnosticocomponenteaccion ALTER COLUMN id ADD GENERATED BY DEFAULT AS IDENTITY (
    SEQUENCE NAME public.car_diagnosticocomponenteaccion_id_seq
    START WITH 1
    INCREMENT BY 1
    NO MINVALUE
    NO MAXVALUE
    CACHE 1
);


--
-- Name: car_diagnosticorepuesto; Type: TABLE; Schema: public; Owner: maxgonpe
--

CREATE TABLE public.car_diagnosticorepuesto (
    id bigint NOT NULL,
    cantidad integer NOT NULL,
    precio_unitario numeric(12,2),
    subtotal numeric(14,2),
    reservado boolean NOT NULL,
    creado timestamp with time zone NOT NULL,
    diagnostico_id bigint NOT NULL,
    repuesto_id bigint NOT NULL,
    repuesto_stock_id bigint
);


ALTER TABLE public.car_diagnosticorepuesto OWNER TO maxgonpe;

--
-- Name: car_diagnosticorepuesto_id_seq; Type: SEQUENCE; Schema: public; Owner: maxgonpe
--

ALTER TABLE public.car_diagnosticorepuesto ALTER COLUMN id ADD GENERATED BY DEFAULT AS IDENTITY (
    SEQUENCE NAME public.car_diagnosticorepuesto_id_seq
    START WITH 1
    INCREMENT BY 1
    NO MINVALUE
    NO MAXVALUE
    CACHE 1
);


--
-- Name: car_mecanico; Type: TABLE; Schema: public; Owner: maxgonpe
--

CREATE TABLE public.car_mecanico (
    id bigint NOT NULL,
    especialidad character varying(100),
    fecha_ingreso date NOT NULL,
    activo boolean NOT NULL,
    user_id integer NOT NULL
);


ALTER TABLE public.car_mecanico OWNER TO maxgonpe;

--
-- Name: car_mecanico_id_seq; Type: SEQUENCE; Schema: public; Owner: maxgonpe
--

ALTER TABLE public.car_mecanico ALTER COLUMN id ADD GENERATED BY DEFAULT AS IDENTITY (
    SEQUENCE NAME public.car_mecanico_id_seq
    START WITH 1
    INCREMENT BY 1
    NO MINVALUE
    NO MAXVALUE
    CACHE 1
);


--
-- Name: car_prefijorepuesto; Type: TABLE; Schema: public; Owner: maxgonpe
--

CREATE TABLE public.car_prefijorepuesto (
    id bigint NOT NULL,
    palabra character varying(100) NOT NULL,
    abreviatura character varying(10) NOT NULL
);


ALTER TABLE public.car_prefijorepuesto OWNER TO maxgonpe;

--
-- Name: car_prefijorepuesto_id_seq; Type: SEQUENCE; Schema: public; Owner: maxgonpe
--

ALTER TABLE public.car_prefijorepuesto ALTER COLUMN id ADD GENERATED BY DEFAULT AS IDENTITY (
    SEQUENCE NAME public.car_prefijorepuesto_id_seq
    START WITH 1
    INCREMENT BY 1
    NO MINVALUE
    NO MAXVALUE
    CACHE 1
);


--
-- Name: car_reparacion; Type: TABLE; Schema: public; Owner: maxgonpe
--

CREATE TABLE public.car_reparacion (
    id bigint NOT NULL,
    subcomponente character varying(100) NOT NULL,
    accion character varying(200) NOT NULL,
    tiempo_estimado_minutos integer NOT NULL,
    diagnostico_id bigint NOT NULL,
    CONSTRAINT car_reparacion_tiempo_estimado_minutos_check CHECK ((tiempo_estimado_minutos >= 0))
);


ALTER TABLE public.car_reparacion OWNER TO maxgonpe;

--
-- Name: car_reparacion_id_seq; Type: SEQUENCE; Schema: public; Owner: maxgonpe
--

ALTER TABLE public.car_reparacion ALTER COLUMN id ADD GENERATED BY DEFAULT AS IDENTITY (
    SEQUENCE NAME public.car_reparacion_id_seq
    START WITH 1
    INCREMENT BY 1
    NO MINVALUE
    NO MAXVALUE
    CACHE 1
);


--
-- Name: car_repuesto; Type: TABLE; Schema: public; Owner: maxgonpe
--

CREATE TABLE public.car_repuesto (
    id bigint NOT NULL,
    sku character varying(64),
    oem character varying(64),
    referencia character varying(128),
    nombre character varying(250) NOT NULL,
    marca character varying(120) NOT NULL,
    descripcion text NOT NULL,
    medida character varying(80) NOT NULL,
    posicion character varying(80) NOT NULL,
    unidad character varying(20) NOT NULL,
    precio_costo numeric(12,2),
    precio_venta numeric(12,2),
    created timestamp with time zone NOT NULL,
    codigo_barra character varying(100),
    stock integer NOT NULL,
    cod_prov character varying(100),
    marca_veh character varying(100),
    origen_repuesto character varying(100),
    tipo_de_motor text
);


ALTER TABLE public.car_repuesto OWNER TO maxgonpe;

--
-- Name: car_repuesto_id_seq; Type: SEQUENCE; Schema: public; Owner: maxgonpe
--

ALTER TABLE public.car_repuesto ALTER COLUMN id ADD GENERATED BY DEFAULT AS IDENTITY (
    SEQUENCE NAME public.car_repuesto_id_seq
    START WITH 1
    INCREMENT BY 1
    NO MINVALUE
    NO MAXVALUE
    CACHE 1
);


--
-- Name: car_repuestoaplicacion; Type: TABLE; Schema: public; Owner: maxgonpe
--

CREATE TABLE public.car_repuestoaplicacion (
    id bigint NOT NULL,
    posicion character varying(80) NOT NULL,
    repuesto_id bigint NOT NULL,
    version_id bigint NOT NULL
);


ALTER TABLE public.car_repuestoaplicacion OWNER TO maxgonpe;

--
-- Name: car_repuestoaplicacion_id_seq; Type: SEQUENCE; Schema: public; Owner: maxgonpe
--

ALTER TABLE public.car_repuestoaplicacion ALTER COLUMN id ADD GENERATED BY DEFAULT AS IDENTITY (
    SEQUENCE NAME public.car_repuestoaplicacion_id_seq
    START WITH 1
    INCREMENT BY 1
    NO MINVALUE
    NO MAXVALUE
    CACHE 1
);


--
-- Name: car_repuestoenstock; Type: TABLE; Schema: public; Owner: maxgonpe
--

CREATE TABLE public.car_repuestoenstock (
    id bigint NOT NULL,
    deposito character varying(80) NOT NULL,
    proveedor character varying(120) NOT NULL,
    stock integer NOT NULL,
    reservado integer NOT NULL,
    precio_compra numeric(12,2),
    precio_venta numeric(12,2),
    ultima_actualizacion timestamp with time zone NOT NULL,
    repuesto_id bigint NOT NULL
);


ALTER TABLE public.car_repuestoenstock OWNER TO maxgonpe;

--
-- Name: car_repuestoenstock_id_seq; Type: SEQUENCE; Schema: public; Owner: maxgonpe
--

ALTER TABLE public.car_repuestoenstock ALTER COLUMN id ADD GENERATED BY DEFAULT AS IDENTITY (
    SEQUENCE NAME public.car_repuestoenstock_id_seq
    START WITH 1
    INCREMENT BY 1
    NO MINVALUE
    NO MAXVALUE
    CACHE 1
);


--
-- Name: car_sesionventa; Type: TABLE; Schema: public; Owner: maxgonpe
--

CREATE TABLE public.car_sesionventa (
    id bigint NOT NULL,
    fecha_inicio timestamp with time zone NOT NULL,
    fecha_fin timestamp with time zone,
    activa boolean NOT NULL,
    total_ventas numeric(12,2) NOT NULL,
    numero_ventas integer NOT NULL,
    usuario_id integer NOT NULL,
    CONSTRAINT car_sesionventa_numero_ventas_check CHECK ((numero_ventas >= 0))
);


ALTER TABLE public.car_sesionventa OWNER TO maxgonpe;

--
-- Name: car_sesionventa_id_seq; Type: SEQUENCE; Schema: public; Owner: maxgonpe
--

ALTER TABLE public.car_sesionventa ALTER COLUMN id ADD GENERATED BY DEFAULT AS IDENTITY (
    SEQUENCE NAME public.car_sesionventa_id_seq
    START WITH 1
    INCREMENT BY 1
    NO MINVALUE
    NO MAXVALUE
    CACHE 1
);


--
-- Name: car_stockmovimiento; Type: TABLE; Schema: public; Owner: maxgonpe
--

CREATE TABLE public.car_stockmovimiento (
    id bigint NOT NULL,
    tipo character varying(20) NOT NULL,
    cantidad integer NOT NULL,
    motivo character varying(200) NOT NULL,
    referencia character varying(120) NOT NULL,
    fecha timestamp with time zone NOT NULL,
    repuesto_stock_id bigint NOT NULL,
    usuario_id integer
);


ALTER TABLE public.car_stockmovimiento OWNER TO maxgonpe;

--
-- Name: car_stockmovimiento_id_seq; Type: SEQUENCE; Schema: public; Owner: maxgonpe
--

ALTER TABLE public.car_stockmovimiento ALTER COLUMN id ADD GENERATED BY DEFAULT AS IDENTITY (
    SEQUENCE NAME public.car_stockmovimiento_id_seq
    START WITH 1
    INCREMENT BY 1
    NO MINVALUE
    NO MAXVALUE
    CACHE 1
);


--
-- Name: car_trabajo; Type: TABLE; Schema: public; Owner: maxgonpe
--

CREATE TABLE public.car_trabajo (
    id bigint NOT NULL,
    fecha_inicio timestamp with time zone NOT NULL,
    fecha_fin timestamp with time zone,
    estado character varying(20) NOT NULL,
    observaciones text,
    diagnostico_id bigint NOT NULL,
    vehiculo_id bigint NOT NULL
);


ALTER TABLE public.car_trabajo OWNER TO maxgonpe;

--
-- Name: car_trabajo_componentes; Type: TABLE; Schema: public; Owner: maxgonpe
--

CREATE TABLE public.car_trabajo_componentes (
    id bigint NOT NULL,
    trabajo_id bigint NOT NULL,
    componente_id bigint NOT NULL
);


ALTER TABLE public.car_trabajo_componentes OWNER TO maxgonpe;

--
-- Name: car_trabajo_componentes_id_seq; Type: SEQUENCE; Schema: public; Owner: maxgonpe
--

ALTER TABLE public.car_trabajo_componentes ALTER COLUMN id ADD GENERATED BY DEFAULT AS IDENTITY (
    SEQUENCE NAME public.car_trabajo_componentes_id_seq
    START WITH 1
    INCREMENT BY 1
    NO MINVALUE
    NO MAXVALUE
    CACHE 1
);


--
-- Name: car_trabajo_id_seq; Type: SEQUENCE; Schema: public; Owner: maxgonpe
--

ALTER TABLE public.car_trabajo ALTER COLUMN id ADD GENERATED BY DEFAULT AS IDENTITY (
    SEQUENCE NAME public.car_trabajo_id_seq
    START WITH 1
    INCREMENT BY 1
    NO MINVALUE
    NO MAXVALUE
    CACHE 1
);


--
-- Name: car_trabajo_mecanicos; Type: TABLE; Schema: public; Owner: maxgonpe
--

CREATE TABLE public.car_trabajo_mecanicos (
    id bigint NOT NULL,
    trabajo_id bigint NOT NULL,
    mecanico_id bigint NOT NULL
);


ALTER TABLE public.car_trabajo_mecanicos OWNER TO maxgonpe;

--
-- Name: car_trabajo_mecanicos_id_seq; Type: SEQUENCE; Schema: public; Owner: maxgonpe
--

ALTER TABLE public.car_trabajo_mecanicos ALTER COLUMN id ADD GENERATED BY DEFAULT AS IDENTITY (
    SEQUENCE NAME public.car_trabajo_mecanicos_id_seq
    START WITH 1
    INCREMENT BY 1
    NO MINVALUE
    NO MAXVALUE
    CACHE 1
);


--
-- Name: car_trabajoaccion; Type: TABLE; Schema: public; Owner: maxgonpe
--

CREATE TABLE public.car_trabajoaccion (
    id bigint NOT NULL,
    precio_mano_obra numeric(10,2) NOT NULL,
    accion_id bigint NOT NULL,
    componente_id bigint NOT NULL,
    trabajo_id bigint NOT NULL,
    completado boolean NOT NULL,
    fecha timestamp with time zone
);


ALTER TABLE public.car_trabajoaccion OWNER TO maxgonpe;

--
-- Name: car_trabajoaccion_id_seq; Type: SEQUENCE; Schema: public; Owner: maxgonpe
--

ALTER TABLE public.car_trabajoaccion ALTER COLUMN id ADD GENERATED BY DEFAULT AS IDENTITY (
    SEQUENCE NAME public.car_trabajoaccion_id_seq
    START WITH 1
    INCREMENT BY 1
    NO MINVALUE
    NO MAXVALUE
    CACHE 1
);


--
-- Name: car_trabajofoto; Type: TABLE; Schema: public; Owner: maxgonpe
--

CREATE TABLE public.car_trabajofoto (
    id bigint NOT NULL,
    imagen character varying(100) NOT NULL,
    descripcion character varying(255),
    fecha timestamp with time zone NOT NULL,
    trabajo_id bigint NOT NULL
);


ALTER TABLE public.car_trabajofoto OWNER TO maxgonpe;

--
-- Name: car_trabajofoto_id_seq; Type: SEQUENCE; Schema: public; Owner: maxgonpe
--

ALTER TABLE public.car_trabajofoto ALTER COLUMN id ADD GENERATED BY DEFAULT AS IDENTITY (
    SEQUENCE NAME public.car_trabajofoto_id_seq
    START WITH 1
    INCREMENT BY 1
    NO MINVALUE
    NO MAXVALUE
    CACHE 1
);


--
-- Name: car_trabajorepuesto; Type: TABLE; Schema: public; Owner: maxgonpe
--

CREATE TABLE public.car_trabajorepuesto (
    id bigint NOT NULL,
    cantidad integer NOT NULL,
    precio_unitario numeric(12,2) NOT NULL,
    subtotal numeric(14,2) NOT NULL,
    repuesto_id bigint NOT NULL,
    trabajo_id bigint NOT NULL,
    componente_id bigint,
    completado boolean NOT NULL,
    fecha timestamp with time zone
);


ALTER TABLE public.car_trabajorepuesto OWNER TO maxgonpe;

--
-- Name: car_trabajorepuesto_id_seq; Type: SEQUENCE; Schema: public; Owner: maxgonpe
--

ALTER TABLE public.car_trabajorepuesto ALTER COLUMN id ADD GENERATED BY DEFAULT AS IDENTITY (
    SEQUENCE NAME public.car_trabajorepuesto_id_seq
    START WITH 1
    INCREMENT BY 1
    NO MINVALUE
    NO MAXVALUE
    CACHE 1
);


--
-- Name: car_vehiculo; Type: TABLE; Schema: public; Owner: maxgonpe
--

CREATE TABLE public.car_vehiculo (
    id bigint NOT NULL,
    marca character varying(50) NOT NULL,
    modelo character varying(50) NOT NULL,
    anio integer NOT NULL,
    vin character varying(50),
    placa character varying(10) NOT NULL,
    descripcion_motor character varying(100),
    cliente_id character varying(12) NOT NULL,
    CONSTRAINT car_vehiculo_anio_check CHECK ((anio >= 0))
);


ALTER TABLE public.car_vehiculo OWNER TO maxgonpe;

--
-- Name: car_vehiculo_id_seq; Type: SEQUENCE; Schema: public; Owner: maxgonpe
--

ALTER TABLE public.car_vehiculo ALTER COLUMN id ADD GENERATED BY DEFAULT AS IDENTITY (
    SEQUENCE NAME public.car_vehiculo_id_seq
    START WITH 1
    INCREMENT BY 1
    NO MINVALUE
    NO MAXVALUE
    CACHE 1
);


--
-- Name: car_vehiculoversion; Type: TABLE; Schema: public; Owner: maxgonpe
--

CREATE TABLE public.car_vehiculoversion (
    id bigint NOT NULL,
    marca character varying(80) NOT NULL,
    modelo character varying(120) NOT NULL,
    anio_desde integer NOT NULL,
    anio_hasta integer NOT NULL
);


ALTER TABLE public.car_vehiculoversion OWNER TO maxgonpe;

--
-- Name: car_vehiculoversion_id_seq; Type: SEQUENCE; Schema: public; Owner: maxgonpe
--

ALTER TABLE public.car_vehiculoversion ALTER COLUMN id ADD GENERATED BY DEFAULT AS IDENTITY (
    SEQUENCE NAME public.car_vehiculoversion_id_seq
    START WITH 1
    INCREMENT BY 1
    NO MINVALUE
    NO MAXVALUE
    CACHE 1
);


--
-- Name: car_venta; Type: TABLE; Schema: public; Owner: maxgonpe
--

CREATE TABLE public.car_venta (
    id bigint NOT NULL,
    fecha timestamp with time zone NOT NULL,
    total numeric(12,2) NOT NULL,
    pagado boolean NOT NULL,
    metodo_pago character varying(20) NOT NULL,
    cliente_id character varying(12),
    usuario_id integer
);


ALTER TABLE public.car_venta OWNER TO maxgonpe;

--
-- Name: car_venta_id_seq; Type: SEQUENCE; Schema: public; Owner: maxgonpe
--

ALTER TABLE public.car_venta ALTER COLUMN id ADD GENERATED BY DEFAULT AS IDENTITY (
    SEQUENCE NAME public.car_venta_id_seq
    START WITH 1
    INCREMENT BY 1
    NO MINVALUE
    NO MAXVALUE
    CACHE 1
);


--
-- Name: car_ventaitem; Type: TABLE; Schema: public; Owner: maxgonpe
--

CREATE TABLE public.car_ventaitem (
    id bigint NOT NULL,
    cantidad integer NOT NULL,
    precio_unitario numeric(12,2) NOT NULL,
    subtotal numeric(12,2) NOT NULL,
    repuesto_stock_id bigint NOT NULL,
    venta_id bigint NOT NULL,
    CONSTRAINT car_ventaitem_cantidad_check CHECK ((cantidad >= 0))
);


ALTER TABLE public.car_ventaitem OWNER TO maxgonpe;

--
-- Name: car_ventaitem_id_seq; Type: SEQUENCE; Schema: public; Owner: maxgonpe
--

ALTER TABLE public.car_ventaitem ALTER COLUMN id ADD GENERATED BY DEFAULT AS IDENTITY (
    SEQUENCE NAME public.car_ventaitem_id_seq
    START WITH 1
    INCREMENT BY 1
    NO MINVALUE
    NO MAXVALUE
    CACHE 1
);


--
-- Name: car_ventapos; Type: TABLE; Schema: public; Owner: maxgonpe
--

CREATE TABLE public.car_ventapos (
    id bigint NOT NULL,
    fecha timestamp with time zone NOT NULL,
    subtotal numeric(12,2) NOT NULL,
    descuento numeric(12,2) NOT NULL,
    total numeric(12,2) NOT NULL,
    metodo_pago character varying(20) NOT NULL,
    pagado boolean NOT NULL,
    observaciones text NOT NULL,
    cliente_id character varying(12),
    sesion_id bigint NOT NULL,
    usuario_id integer NOT NULL
);


ALTER TABLE public.car_ventapos OWNER TO maxgonpe;

--
-- Name: car_ventapos_id_seq; Type: SEQUENCE; Schema: public; Owner: maxgonpe
--

ALTER TABLE public.car_ventapos ALTER COLUMN id ADD GENERATED BY DEFAULT AS IDENTITY (
    SEQUENCE NAME public.car_ventapos_id_seq
    START WITH 1
    INCREMENT BY 1
    NO MINVALUE
    NO MAXVALUE
    CACHE 1
);


--
-- Name: car_ventapositem; Type: TABLE; Schema: public; Owner: maxgonpe
--

CREATE TABLE public.car_ventapositem (
    id bigint NOT NULL,
    cantidad integer NOT NULL,
    precio_unitario numeric(12,2) NOT NULL,
    subtotal numeric(12,2) NOT NULL,
    repuesto_id bigint NOT NULL,
    venta_id bigint NOT NULL,
    CONSTRAINT car_ventapositem_cantidad_check CHECK ((cantidad >= 0))
);


ALTER TABLE public.car_ventapositem OWNER TO maxgonpe;

--
-- Name: car_ventapositem_id_seq; Type: SEQUENCE; Schema: public; Owner: maxgonpe
--

ALTER TABLE public.car_ventapositem ALTER COLUMN id ADD GENERATED BY DEFAULT AS IDENTITY (
    SEQUENCE NAME public.car_ventapositem_id_seq
    START WITH 1
    INCREMENT BY 1
    NO MINVALUE
    NO MAXVALUE
    CACHE 1
);


--
-- Name: django_admin_log; Type: TABLE; Schema: public; Owner: maxgonpe
--

CREATE TABLE public.django_admin_log (
    id integer NOT NULL,
    action_time timestamp with time zone NOT NULL,
    object_id text,
    object_repr character varying(200) NOT NULL,
    action_flag smallint NOT NULL,
    change_message text NOT NULL,
    content_type_id integer,
    user_id integer NOT NULL,
    CONSTRAINT django_admin_log_action_flag_check CHECK ((action_flag >= 0))
);


ALTER TABLE public.django_admin_log OWNER TO maxgonpe;

--
-- Name: django_admin_log_id_seq; Type: SEQUENCE; Schema: public; Owner: maxgonpe
--

ALTER TABLE public.django_admin_log ALTER COLUMN id ADD GENERATED BY DEFAULT AS IDENTITY (
    SEQUENCE NAME public.django_admin_log_id_seq
    START WITH 1
    INCREMENT BY 1
    NO MINVALUE
    NO MAXVALUE
    CACHE 1
);


--
-- Name: django_content_type; Type: TABLE; Schema: public; Owner: maxgonpe
--

CREATE TABLE public.django_content_type (
    id integer NOT NULL,
    app_label character varying(100) NOT NULL,
    model character varying(100) NOT NULL
);


ALTER TABLE public.django_content_type OWNER TO maxgonpe;

--
-- Name: django_content_type_id_seq; Type: SEQUENCE; Schema: public; Owner: maxgonpe
--

ALTER TABLE public.django_content_type ALTER COLUMN id ADD GENERATED BY DEFAULT AS IDENTITY (
    SEQUENCE NAME public.django_content_type_id_seq
    START WITH 1
    INCREMENT BY 1
    NO MINVALUE
    NO MAXVALUE
    CACHE 1
);


--
-- Name: django_migrations; Type: TABLE; Schema: public; Owner: maxgonpe
--

CREATE TABLE public.django_migrations (
    id bigint NOT NULL,
    app character varying(255) NOT NULL,
    name character varying(255) NOT NULL,
    applied timestamp with time zone NOT NULL
);


ALTER TABLE public.django_migrations OWNER TO maxgonpe;

--
-- Name: django_migrations_id_seq; Type: SEQUENCE; Schema: public; Owner: maxgonpe
--

ALTER TABLE public.django_migrations ALTER COLUMN id ADD GENERATED BY DEFAULT AS IDENTITY (
    SEQUENCE NAME public.django_migrations_id_seq
    START WITH 1
    INCREMENT BY 1
    NO MINVALUE
    NO MAXVALUE
    CACHE 1
);


--
-- Name: django_session; Type: TABLE; Schema: public; Owner: maxgonpe
--

CREATE TABLE public.django_session (
    session_key character varying(40) NOT NULL,
    session_data text NOT NULL,
    expire_date timestamp with time zone NOT NULL
);


ALTER TABLE public.django_session OWNER TO maxgonpe;

--
-- Data for Name: auth_group; Type: TABLE DATA; Schema: public; Owner: maxgonpe
--

COPY public.auth_group (id, name) FROM stdin;
\.


--
-- Data for Name: auth_group_permissions; Type: TABLE DATA; Schema: public; Owner: maxgonpe
--

COPY public.auth_group_permissions (id, group_id, permission_id) FROM stdin;
\.


--
-- Data for Name: auth_permission; Type: TABLE DATA; Schema: public; Owner: maxgonpe
--

COPY public.auth_permission (id, name, content_type_id, codename) FROM stdin;
1	Can add log entry	1	add_logentry
2	Can change log entry	1	change_logentry
3	Can delete log entry	1	delete_logentry
4	Can view log entry	1	view_logentry
5	Can add permission	2	add_permission
6	Can change permission	2	change_permission
7	Can delete permission	2	delete_permission
8	Can view permission	2	view_permission
9	Can add group	3	add_group
10	Can change group	3	change_group
11	Can delete group	3	delete_group
12	Can view group	3	view_group
13	Can add user	4	add_user
14	Can change user	4	change_user
15	Can delete user	4	delete_user
16	Can view user	4	view_user
17	Can add content type	5	add_contenttype
18	Can change content type	5	change_contenttype
19	Can delete content type	5	delete_contenttype
20	Can view content type	5	view_contenttype
21	Can add session	6	add_session
22	Can change session	6	change_session
23	Can delete session	6	delete_session
24	Can view session	6	view_session
113	Can add cliente	32	add_cliente
114	Can change cliente	32	change_cliente
115	Can delete cliente	32	delete_cliente
116	Can view cliente	32	view_cliente
117	Can add componente	33	add_componente
118	Can change componente	33	change_componente
119	Can delete componente	33	delete_componente
120	Can view componente	33	view_componente
121	Can add diagnostico	34	add_diagnostico
122	Can change diagnostico	34	change_diagnostico
123	Can delete diagnostico	34	delete_diagnostico
124	Can view diagnostico	34	view_diagnostico
125	Can add reparacion	35	add_reparacion
126	Can change reparacion	35	change_reparacion
127	Can delete reparacion	35	delete_reparacion
128	Can view reparacion	35	view_reparacion
129	Can add vehiculo	36	add_vehiculo
130	Can change vehiculo	36	change_vehiculo
131	Can delete vehiculo	36	delete_vehiculo
132	Can view vehiculo	36	view_vehiculo
133	Can add accion	37	add_accion
134	Can change accion	37	change_accion
135	Can delete accion	37	delete_accion
136	Can view accion	37	view_accion
137	Can add diagnostico componente accion	38	add_diagnosticocomponenteaccion
138	Can change diagnostico componente accion	38	change_diagnosticocomponenteaccion
139	Can delete diagnostico componente accion	38	delete_diagnosticocomponenteaccion
140	Can view diagnostico componente accion	38	view_diagnosticocomponenteaccion
141	Can add componente accion	39	add_componenteaccion
142	Can change componente accion	39	change_componenteaccion
143	Can delete componente accion	39	delete_componenteaccion
144	Can view componente accion	39	view_componenteaccion
145	Can add repuesto	40	add_repuesto
146	Can change repuesto	40	change_repuesto
147	Can delete repuesto	40	delete_repuesto
148	Can view repuesto	40	view_repuesto
149	Can add repuesto en stock	41	add_repuestoenstock
150	Can change repuesto en stock	41	change_repuestoenstock
151	Can delete repuesto en stock	41	delete_repuestoenstock
152	Can view repuesto en stock	41	view_repuestoenstock
153	Can add diagnostico repuesto	42	add_diagnosticorepuesto
154	Can change diagnostico repuesto	42	change_diagnosticorepuesto
155	Can delete diagnostico repuesto	42	delete_diagnosticorepuesto
156	Can view diagnostico repuesto	42	view_diagnosticorepuesto
157	Can add stock movimiento	43	add_stockmovimiento
158	Can change stock movimiento	43	change_stockmovimiento
159	Can delete stock movimiento	43	delete_stockmovimiento
160	Can view stock movimiento	43	view_stockmovimiento
161	Can add vehiculo version	44	add_vehiculoversion
162	Can change vehiculo version	44	change_vehiculoversion
163	Can delete vehiculo version	44	delete_vehiculoversion
164	Can view vehiculo version	44	view_vehiculoversion
165	Can add componente repuesto	45	add_componenterepuesto
166	Can change componente repuesto	45	change_componenterepuesto
167	Can delete componente repuesto	45	delete_componenterepuesto
168	Can view componente repuesto	45	view_componenterepuesto
169	Can add repuesto aplicacion	46	add_repuestoaplicacion
170	Can change repuesto aplicacion	46	change_repuestoaplicacion
171	Can delete repuesto aplicacion	46	delete_repuestoaplicacion
172	Can view repuesto aplicacion	46	view_repuestoaplicacion
173	Can add trabajo	47	add_trabajo
174	Can change trabajo	47	change_trabajo
175	Can delete trabajo	47	delete_trabajo
176	Can view trabajo	47	view_trabajo
177	Can add trabajo accion	48	add_trabajoaccion
178	Can change trabajo accion	48	change_trabajoaccion
179	Can delete trabajo accion	48	delete_trabajoaccion
180	Can view trabajo accion	48	view_trabajoaccion
181	Can add trabajo repuesto	49	add_trabajorepuesto
182	Can change trabajo repuesto	49	change_trabajorepuesto
183	Can delete trabajo repuesto	49	delete_trabajorepuesto
184	Can view trabajo repuesto	49	view_trabajorepuesto
185	Can add mecanico	50	add_mecanico
186	Can change mecanico	50	change_mecanico
187	Can delete mecanico	50	delete_mecanico
188	Can view mecanico	50	view_mecanico
189	Can add trabajo foto	51	add_trabajofoto
190	Can change trabajo foto	51	change_trabajofoto
191	Can delete trabajo foto	51	delete_trabajofoto
192	Can view trabajo foto	51	view_trabajofoto
193	Can add venta	52	add_venta
194	Can change venta	52	change_venta
195	Can delete venta	52	delete_venta
196	Can view venta	52	view_venta
197	Can add venta item	53	add_ventaitem
198	Can change venta item	53	change_ventaitem
199	Can delete venta item	53	delete_ventaitem
200	Can view venta item	53	view_ventaitem
201	Can add prefijo repuesto	54	add_prefijorepuesto
202	Can change prefijo repuesto	54	change_prefijorepuesto
203	Can delete prefijo repuesto	54	delete_prefijorepuesto
204	Can view prefijo repuesto	54	view_prefijorepuesto
205	Can add Configuración POS	55	add_configuracionpos
206	Can change Configuración POS	55	change_configuracionpos
207	Can delete Configuración POS	55	delete_configuracionpos
208	Can view Configuración POS	55	view_configuracionpos
209	Can add sesion venta	56	add_sesionventa
210	Can change sesion venta	56	change_sesionventa
211	Can delete sesion venta	56	delete_sesionventa
212	Can view sesion venta	56	view_sesionventa
213	Can add carrito item	57	add_carritoitem
214	Can change carrito item	57	change_carritoitem
215	Can delete carrito item	57	delete_carritoitem
216	Can view carrito item	57	view_carritoitem
217	Can add venta pos	58	add_ventapos
218	Can change venta pos	58	change_ventapos
219	Can delete venta pos	58	delete_ventapos
220	Can view venta pos	58	view_ventapos
221	Can add venta pos item	59	add_ventapositem
222	Can change venta pos item	59	change_ventapositem
223	Can delete venta pos item	59	delete_ventapositem
224	Can view venta pos item	59	view_ventapositem
225	Can add cotizacion	60	add_cotizacion
226	Can change cotizacion	60	change_cotizacion
227	Can delete cotizacion	60	delete_cotizacion
228	Can view cotizacion	60	view_cotizacion
229	Can add cotizacion item	61	add_cotizacionitem
230	Can change cotizacion item	61	change_cotizacionitem
231	Can delete cotizacion item	61	delete_cotizacionitem
232	Can view cotizacion item	61	view_cotizacionitem
233	Can add Administración del Taller	62	add_administraciontaller
234	Can change Administración del Taller	62	change_administraciontaller
235	Can delete Administración del Taller	62	delete_administraciontaller
236	Can view Administración del Taller	62	view_administraciontaller
237	Can add Cliente del Taller	63	add_cliente_taller
238	Can change Cliente del Taller	63	change_cliente_taller
239	Can delete Cliente del Taller	63	delete_cliente_taller
240	Can view Cliente del Taller	63	view_cliente_taller
\.


--
-- Data for Name: auth_user; Type: TABLE DATA; Schema: public; Owner: maxgonpe
--

COPY public.auth_user (id, password, last_login, is_superuser, username, first_name, last_name, email, is_staff, is_active, date_joined) FROM stdin;
2	pbkdf2_sha256$600000$2PjoE5cq6mo2HWQchwSx6X$bQEnXt3oOo5qrRCew0eUM6o1qQ+3pO6XOr8gq5HDmGw=	2025-10-01 19:20:40.410361+00	f	admin			admin@test3.netgogo.cl	t	t	2025-10-01 19:19:28.632833+00
5	pbkdf2_sha256$1000000$cIIGV3JvncdDhMnTLceWYA$6kmWiiN9wVqyUSNcXSJSR1BY1jzv3rKln65TdLWKT2g=	2025-10-09 15:23:40.494875+00	f	roberto	Roberto	Villarroel	rrobv@gmail.com	f	t	2025-10-08 17:00:14+00
4	pbkdf2_sha256$1000000$IvyvPtxZVLCQgoliZzpFXm$djkR07O6DUVItUZOGey3uBKqj0ZpclikMoYm5vTaXks=	2025-10-09 15:24:08.919988+00	f	benjamin	Bejamin	Mondaca	benja.bm20@gmail.com	f	t	2025-10-08 16:15:16+00
1	pbkdf2_sha256$1000000$s0Ept7Zn7abz34W5aNiOpQ$uoMVpWiuiEDkC/mUB5LwzNU/4DUj2UEVhTaEWICtyQ8=	2025-10-12 06:59:31.831383+00	t	maxgonpe	Max	Gonzalez	maxgonpe@gmail.com	t	t	2025-09-30 09:53:16+00
3	pbkdf2_sha256$600000$5OATrDfOA4ssMSAw2ZPc0E$mqaP5bq6mOo8DbAaV83XAzYdRypDkWKQr/EVsg5ebRw=	2025-10-08 15:26:47.68315+00	f	camilo	Camilo	Condell	solucargb@gmail.com	f	t	2025-10-04 00:33:36+00
\.


--
-- Data for Name: auth_user_groups; Type: TABLE DATA; Schema: public; Owner: maxgonpe
--

COPY public.auth_user_groups (id, user_id, group_id) FROM stdin;
\.


--
-- Data for Name: auth_user_user_permissions; Type: TABLE DATA; Schema: public; Owner: maxgonpe
--

COPY public.auth_user_user_permissions (id, user_id, permission_id) FROM stdin;
\.


--
-- Data for Name: car_accion; Type: TABLE DATA; Schema: public; Owner: maxgonpe
--

COPY public.car_accion (id, nombre) FROM stdin;
1	Revisar
2	Limpiar
4	Cambio ampolleta simple
5	Cambio ampolleta medio
6	Cambio ampolleta difícil
7	Diagnóstico simple
8	Diagnóstico medio
9	Diagnóstico completo
10	Diagnóstico exhaustivo
11	Escáner simple
12	Escáner medio
13	Escáner completo
14	Cambiar
\.


--
-- Data for Name: car_administraciontaller; Type: TABLE DATA; Schema: public; Owner: maxgonpe
--

COPY public.car_administraciontaller (id, nombre_taller, direccion, telefono, email, rut, logo_principal_png, logo_principal_svg, logo_secundario_png, imagen_fondo, sesion_timeout_minutos, intentos_login_maximos, bloqueo_temporal_horas, requiere_cambio_password, dias_validez_password, tema_por_defecto, mostrar_estadisticas_publicas, permitir_registro_usuarios, notificaciones_email, fecha_creacion, fecha_actualizacion, creado_por_id) FROM stdin;
1	SolutionCar	Condell 10 - La Ligua	+56988922953	solucargb@gmail.com	7777	logos/Logo2.png				60	5	1	f	90	piedra	t	f	t	2025-10-08 01:56:25.939276+00	2025-10-10 23:38:39.009717+00	1
\.


--
-- Data for Name: car_carritoitem; Type: TABLE DATA; Schema: public; Owner: maxgonpe
--

COPY public.car_carritoitem (id, cantidad, precio_unitario, subtotal, agregado_en, repuesto_id, sesion_id) FROM stdin;
\.


--
-- Data for Name: car_cliente; Type: TABLE DATA; Schema: public; Owner: maxgonpe
--

COPY public.car_cliente (id, nombre, telefono) FROM stdin;
14	Anonimo	000000000
15	Cristian Alamos	+56940046619
16	Max pruebas	00908989999
17	Baldomero Maldonado	+56952279657
18	Francisco Astudillo	+56957628378
\.


--
-- Data for Name: car_cliente_taller; Type: TABLE DATA; Schema: public; Owner: maxgonpe
--

COPY public.car_cliente_taller (rut, nombre, telefono, email, direccion, fecha_registro, activo) FROM stdin;
8263213-1	prueba del sistema	+56954418265	maxgonpe@gmail.com	direccion anonima	2025-10-10 23:33:22.131801+00	t
\.


--
-- Data for Name: car_componente; Type: TABLE DATA; Schema: public; Owner: maxgonpe
--

COPY public.car_componente (id, nombre, codigo, activo, padre_id) FROM stdin;
5	motor	motor	t	\N
6	bomba de agua	motor-bomba-de-agua	t	5
7	luces	luces	t	\N
4	ampolleta h4	luces-ampolleta-h4	t	7
3	ampolleta h7	luces-ampolleta-h7	t	7
8	revisión	revision	t	\N
9	problema / fallo	revision-problema-fallo	t	8
10	mantención	mantencion	t	\N
11	cambio de aceite motor simple	mantencion-cambio-de-aceite-motor-simple	t	10
12	cambio de aceite motor medio	mantencion-cambio-de-aceite-motor-medio	t	10
13	cambio de aceite motor difícil	mantencion-cambio-de-aceite-motor-dificil	t	10
14	cambio de aceite transmisión mecánica simple	mantencion-cambio-de-aceite-transmision-mecanica-simple	t	10
15	cambio de aceite transmisión mecánica medio	mantencion-cambio-de-aceite-transmision-mecanica-medio	t	10
16	cambio de aceite transmisión mecánica difícil	mantencion-cambio-de-aceite-transmision-mecanica-dificil	t	10
17	cambio de aceite transmisión automática simple	mantencion-cambio-de-aceite-transmision-automatica-simple	t	10
18	cambio de aceite transmisión automática medio	mantencion-cambio-de-aceite-transmision-automatica-medio	t	10
19	cambio de aceite transmisión automática difícil	mantencion-cambio-de-aceite-transmision-automatica-dificil	t	10
2	sistema de dirección	sistema-de-direccion	t	\N
\.


--
-- Data for Name: car_componenteaccion; Type: TABLE DATA; Schema: public; Owner: maxgonpe
--

COPY public.car_componenteaccion (id, precio_mano_obra, accion_id, componente_id) FROM stdin;
1	2000.00	4	4
2	5000.00	5	4
3	10000.00	6	4
4	2000.00	4	3
5	5000.00	5	3
6	10000.00	6	3
14	15000.00	7	9
15	25000.00	8	9
16	40000.00	9	9
17	70000.00	10	9
18	25000.00	11	9
19	40000.00	12	9
20	80000.00	13	9
21	20000.00	14	11
22	35000.00	14	12
23	50000.00	14	13
24	30000.00	14	14
25	50000.00	14	15
26	70000.00	14	16
27	80000.00	14	17
28	120000.00	14	18
29	160000.00	14	19
\.


--
-- Data for Name: car_componenterepuesto; Type: TABLE DATA; Schema: public; Owner: maxgonpe
--

COPY public.car_componenterepuesto (id, nota, componente_id, repuesto_id) FROM stdin;
\.


--
-- Data for Name: car_configuracionpos; Type: TABLE DATA; Schema: public; Owner: maxgonpe
--

COPY public.car_configuracionpos (id, nombre_empresa, direccion, telefono, ruc, imprimir_ticket, mostrar_descuentos, permitir_venta_sin_stock, margen_ganancia_default) FROM stdin;
1	SolutionCar	Condell 10 - La Ligua	56 9 88922953	7777777	t	t	f	30.00
\.


--
-- Data for Name: car_cotizacion; Type: TABLE DATA; Schema: public; Owner: maxgonpe
--

COPY public.car_cotizacion (id, fecha, subtotal, descuento, total, observaciones, valida_hasta, estado, cliente_id, sesion_id, usuario_id) FROM stdin;
3	2025-10-09 13:49:58.278911+00	62000.00	0.00	62000.00		2025-10-16	activa	\N	4	3
4	2025-10-09 13:55:00.490407+00	62000.00	5000.00	57000.00		2025-10-16	activa	\N	4	3
\.


--
-- Data for Name: car_cotizacionitem; Type: TABLE DATA; Schema: public; Owner: maxgonpe
--

COPY public.car_cotizacionitem (id, cantidad, precio_unitario, subtotal, cotizacion_id, repuesto_id) FROM stdin;
7	1	57000.00	57000.00	3	6
8	1	5000.00	5000.00	3	7
9	1	57000.00	57000.00	4	6
10	1	5000.00	5000.00	4	7
\.


--
-- Data for Name: car_diagnostico; Type: TABLE DATA; Schema: public; Owner: maxgonpe
--

COPY public.car_diagnostico (id, descripcion_problema, fecha, subcomponentes_sugeridos, vehiculo_id, aceptado_por, fecha_aceptacion, estado) FROM stdin;
1	diagnostico de prueba sin repuestos	2025-10-10 23:35:53.657509+00	\N	4	\N	\N	aprobado
\.


--
-- Data for Name: car_diagnostico_componentes; Type: TABLE DATA; Schema: public; Owner: maxgonpe
--

COPY public.car_diagnostico_componentes (id, diagnostico_id, componente_id) FROM stdin;
1	1	11
2	1	9
3	1	3
\.


--
-- Data for Name: car_diagnosticocomponenteaccion; Type: TABLE DATA; Schema: public; Owner: maxgonpe
--

COPY public.car_diagnosticocomponenteaccion (id, precio_mano_obra, accion_id, componente_id, diagnostico_id) FROM stdin;
1	5000.00	5	3	1
2	40000.00	9	9	1
3	20000.00	14	11	1
\.


--
-- Data for Name: car_diagnosticorepuesto; Type: TABLE DATA; Schema: public; Owner: maxgonpe
--

COPY public.car_diagnosticorepuesto (id, cantidad, precio_unitario, subtotal, reservado, creado, diagnostico_id, repuesto_id, repuesto_stock_id) FROM stdin;
\.


--
-- Data for Name: car_mecanico; Type: TABLE DATA; Schema: public; Owner: maxgonpe
--

COPY public.car_mecanico (id, especialidad, fecha_ingreso, activo, user_id) FROM stdin;
1	Mecanico Jefe	2025-10-01	t	1
2	Jefe Mecánico	2025-10-08	t	4
3	Mecánico	2025-10-08	t	5
\.


--
-- Data for Name: car_prefijorepuesto; Type: TABLE DATA; Schema: public; Owner: maxgonpe
--

COPY public.car_prefijorepuesto (id, palabra, abreviatura) FROM stdin;
\.


--
-- Data for Name: car_reparacion; Type: TABLE DATA; Schema: public; Owner: maxgonpe
--

COPY public.car_reparacion (id, subcomponente, accion, tiempo_estimado_minutos, diagnostico_id) FROM stdin;
\.


--
-- Data for Name: car_repuesto; Type: TABLE DATA; Schema: public; Owner: maxgonpe
--

COPY public.car_repuesto (id, sku, oem, referencia, nombre, marca, descripcion, medida, posicion, unidad, precio_costo, precio_venta, created, codigo_barra, stock, cod_prov, marca_veh, origen_repuesto, tipo_de_motor) FROM stdin;
29	CABLE-NISS-E13ZZZ-3827	33705-66D00	\N	Cable de Bujia	ALD	Cables de bujía marca ALD  Origen: USA  OEM: 33705-66D00  Código Proveedor:   Nissan   E13 - E15 -E16	STD	Repisa 5 Nivel 2	Juego	8000.00	13000.00	2025-10-07 13:34:02.494534+00	ELDT1004E4	1	Nissan	Nissan	USA	E13 - E15 - E16
14	ACEIT-XXXX-ZZZZZZ-3772	\N	\N	Aceite 0w-20	Motul	Aceite 0w-20 marca Motul  Tecnología sintética  Norma API SP  Compatible para vehículos Bencineros	4 L	Estante Mannol Nivel 3	Unidad	22000.00	35000.00	2025-10-06 18:44:10.742921+00	3374650272184	3	\N	\N	\N	\N
24	CABLE-HYUN-G4EHZZ-4004	27501-22B00	\N	Cable de Bujia	Onnuri	Cables de bujía marca Onnuri  OEM: 27501-22B00  Código Noriega: 280612  Hyundai y Kia   G4EH - G4EB - G4EA - G4EK	STD	Repisa 5 Nivel 2	Juego	10000.00	15000.00	2025-10-06 19:21:39.590913+00	5000000040407	2	280612	Hyundai Y Kia	\N	G4EH - G4EB - G4EA - G4EK
26	CABLE-HYUN-A5DZZZ-8002	27401-2X000	\N	Cable de Bujia	Stutzer	Cables de bujía marca Stutzer  OEM: 27401-2X000  Código Mundo Repuestos: 0020366  Hyundai y Kia   A5D - S5D - A3E - S6D	STD	Repisa 5 Nivel 2	Juego	12000.00	16000.00	2025-10-06 19:29:16.145323+00	0020366	1	0020366	Hyundai Y Kia	\N	A5D - S5D - A3E - S6D
7	LIMPI-XXXX-ZZZZZZ-1742	\N	\N	Limpiaparabrisas	Aguacol Con detergente Formato 5L	Liquido limpiaparabrisas marca Aguacol  Con detergente  Formato 5L	5 L	Estante Mannol Nivel 2	Unidad	3000.00	5000.00	2025-10-06 18:19:11.766425+00	7804630750020	3	\N	\N	\N	\N
4	ACEIT-XXXX-ZZZZZZ-1388	\N	\N	Aceite 15w-40	Pennzoil	Aceite 15w-40 marca Pennzoil  Tecnología Mineral  Norma API CJ-4, SM  Compatible para vehícujlos Diesel y Bencineros	3.785 L	Estante Mannol Nivel 1	Unidad	19028.00	30000.00	2025-10-06 12:34:54.540481+00	071611366502	2	\N	\N	\N	\N
6	ACEIT-XXXX-ZZZZZZ-2902	\N	\N	Aceite 0w-20	Pemco	Aceite 0w-20 marca Pemco  Full sintético  Norma API SP, ACEA C5  Compatible para vehículos Diesel y Bencineros	4 L	Estante Mannol Nivel 1	Unidad	38000.00	57000.00	2025-10-06 12:46:42.43208+00	4036021451244	4	\N	\N	\N	\N
19	SUPER-XXXX-ZZZZZZ-7007	\N	\N	Super Glue (La gotita)	Abro Formato de 3gr	Pegamento de contacto marca Abro  Formato de 3gr	3 Gr	Estante Abro Nivel 1	Unidad	600.00	1000.00	2025-10-06 19:00:30.72762+00	790920049875	9	\N	\N	\N	\N
8	REFRI-XXXX-ZZZZZZ-8848	\N	\N	Refrigerante Verde	Dark Bear	Refrigerante y Anticongelante marca Dark Bear  Color verde  Punto congelamiento -3° y punto ebullición 103°  Formato 3.78 L	3.785 L	Estante Mannol Nivel 2	Unidad	3000.00	5000.00	2025-10-06 18:24:03.395172+00	04525	15	\N	\N	\N	\N
9	REFRI-XXXX-ZZZZZZ-1685	\N	\N	Refrigerante Rojo	Dark Bear	Refrigerante y Anticongelante marca Dark Bear  Color rojo  Punto congelamiento -12° y punto ebullición 124°  Formato 3.78 L	3.785 L	Estante Mannol Nivel 2	Unidad	7000.00	10000.00	2025-10-06 18:25:28.091415+00	764451422087	2	\N	\N	\N	\N
10	REFRI-XXXX-ZZZZZZ-8944	\N	\N	Refrigerante Azul	Dark Bear	Refrigerante y Anticongelante marca Dark Bear  Color azul  Punto congelamiento -37° y punto ebullición 129°  Formato 3.78 L	3.785 L	Estante Mannol Nivel 2	Unidad	10000.00	15000.00	2025-10-06 18:29:08.154053+00	04527	6	\N	\N	\N	\N
11	ACEIT-XXXX-ZZZZZZ-4420	\N	\N	Aceite 0w-30	Pemco	Aceite 5w-30 marca Pemco  Full sintético  Norma API SN, ACEA C3   Compatible para vehículos Diesel y Bencineros	4 L	Estante Mannol Nivel 3	Unidad	37000.00	55000.00	2025-10-06 18:33:47.885046+00	4036021451442	3	\N	\N	\N	\N
13	ACEIT-XXXX-ZZZZZZ-4035	\N	\N	Aceite 5w-40	Motul	Aceite 5w-40 marca Motul  Tecnología sintética  Norma API SN, ACEA A3/B4  Compatible para vehículos Diesel (Sin DPF) y Bencineros	5 L	Estante Mannol Nivel 3	Unidad	28000.00	42000.00	2025-10-06 18:40:32.465476+00	3374650272092	4	\N	\N	\N	\N
12	ACEIT-XXXX-ZZZZZZ-2246	\N	\N	Aceite 10w-60	Repsol	Aceite 10w-6 marca Repsol  Full sintético  Norma API SN/CF  Compatible para vehículos Bencineros	4 L	Estante Mannol Nivel 3	Unidad	36000.00	52000.00	2025-10-06 18:36:40.592812+00	8410921050268	5	\N	\N	\N	\N
15	ACEIT-XXXX-ZZZZZZ-2768	\N	\N	Aceite 0w-30	Repsol	Aceite 0w-30 marca Repsol  Full sintético  Norma ACEA C2  Compatible para vehículos Diesel y Bencineros	5 L	Estante Mannol Nivel 4	Unidad	35000.00	53000.00	2025-10-06 18:50:04.815279+00	8410921050510	3	\N	\N	\N	\N
16	ACEIT-XXXX-ZZZZZZ-0586	\N	\N	Aceite 75w-80	Pemco	Aceite 75w-80 marca Pemco  Full sintético  Norma API GL-4  Compatible para vehículos Diesel y Bencineros	1 L	Estante Repsol Nivel 2	Unidad	8000.00	12000.00	2025-10-06 18:52:35.924684+00	4036021454917	4	\N	\N	\N	\N
17	ACEIT-XXXX-ZZZZZZ-5338	\N	\N	Aceite ATF	Mobil	Aceite ATF  Tecnología Mineral  Norma API 220  Compatible para vehículos Diesel y Bencineros	1 L	Estante Repsol Nivel 1	Unidad	5000.00	7000.00	2025-10-06 18:54:36.51582+00	7806358006632	11	\N	\N	\N	\N
20	RENOV-XXXX-ZZZZZZ-9997	\N	\N	Renovador de Neumaticos	Getsun Formato 650 Ml	Renovador de gomas en espuma marca Getsun  Formato 650 Ml	650 Ml	Estante Abro Nivel 1	Unidad	3000.00	5000.00	2025-10-06 19:02:14.316911+00	6944259847143	2	\N	\N	\N	\N
21	SILIC-XXXX-ZZZZZZ-5759	\N	\N	Silicona Tablero	Kit Formato de 273gr Aroma original	Silicona para tableros marca Kit  Formato de 273gr  Aroma original	273 Gr	Estante Abro Nivel 1	Unidad	3000.00	5000.00	2025-10-06 19:04:51.680714+00	070612001092	3	\N	\N	\N	\N
23	CABLE-HYUN-G4EKZZ-6132	27501-02H00	\N	Cable de Bujia	Cyon	Cables de bujía marca Cyon  OEM: 27501-02H00  Código Noriega: 070360  Hyundai y Kia   G4EK - G4HC - G4HG	STD	Repisa 5 Nivel 2	Juego	8000.00	13000.00	2025-10-06 19:18:46.222218+00	5000000267682	1	070360	Hyundai Y Kia	\N	G4EK - G4HC - G4HG
27	CABLE-NISS-ZZZZZZ-4861	22450-B5040	\N	Cable de Bujia	Seiwa	Cables de bujía marca Seiwa  Origen: Japón  OEM: 22450-B5040  Código Proveedor:   Nissan - Datsun   J18	STD	Repisa 5 Nivel 2	Juego	10000.00	16000.00	2025-10-06 20:43:11.303602+00	55019J	2	Nissan -	Nissan	\N	\N
30	CABLE-NISS-GA16DE-6376	22440-57Y10	\N	Cable de Bujia	Cahsa	Cables de bujía marca Cahsa  Origen: Mexico  OEM: 22440-57Y10  Código Mundo Repuestos: 0290647  Nissan  GA16DE - GA16DNE - GA16DS - SR20DE	STD	Repisa 5 Nivel 2	Juego	15000.00	21000.00	2025-10-07 13:39:05.524561+00	0290647	1	0290647	Nissan	Mexico	GA16DE - GA16DN
31	CABLE-TOYO-ZZZZZZ-8407	90919-22329	\N	Cable de Bujia	Seiwa	Cables de bujía marca Seiwa  Origen: Japón  OEM: 90919-22329  Código Proveedor:  Toyota  3EE		Repisa 5 Nivel 2	Juego	25000.00	32000.00	2025-10-07 13:42:23.561256+00	50017	1	Toyota  3EE	Toyota	\N	\N
32	CABLE-SUZU-ZZZZZZ-4799	C	\N	Cable de Bujia	ALD	Cables de bujía marca ALD  Origen: USA  OEM:   Código Proveedor:  Suzuki  G16B		Repisa 5 Nivel 2	Juego	22000.00	30000.00	2025-10-07 13:44:34.252968+00	ELSZ1004E4	1	Suzuki	Suzuki	USA	\N
3	ACEIT-XXXX-ZZZZZZ-3676	\N	\N	Aceite 10w-40	Mobil	Aceite 10w-40 marca Mobil  Tecnología sintética  Norma API SP, ACEA A3/B4  Compatible para vehículos Diesel (Sin DPF) y Bencineros	4L	Estante Mannol Nivel 1	Unidad	19278.00	30000.00	2025-10-06 12:14:32.948354+00	7806358012381	3	\N	\N	\N	
5	ACEIT-XXXX-ZZZZZZ-0878	\N	\N	Aceite 5w-30	Pennzoil	Aceite 5w-30 marca Pennzoil  Full sintético  Norma API SN, ACEA C3  Compatible para vehículos Diesel y Bencineros	4.73 L	Estante Mannol Nivel 1	Unidad	35000.00	55000.00	2025-10-06 12:43:26.691677+00	071611019965	1	\N	\N	\N	\N
56	JUEGO-HYUN-G4EKZZ-2678	20910-22N10	\N	Juego de Empaquetaduras	Sin Geum Gasket	Juego de Empaquetadura marca Sin Geum Gasket  Origen: Korea  OEM: 20910-22N10  Código Proveedor: H001368  Marca Vehículo: Hyundai  G4EK - G4EB - G4EA	STD	Repisa 5 Nivel 1	Juego	22000.00	35000.00	2025-10-07 16:21:55.367881+00	071230381	1	H001368	Hyundai	Korea	G4EK - G4EB - G4EA
34	CABLE-TOYO-ZZZZZZ-3119	90919-21553	\N	Cable de Bujia	ALD	Cables de bujía marca ALD  Origen: USA  OEM: 90919-21553  Código Proveedor  Toyota  22RE		Repisa 5 Nivel 2	Juego	13000.00	20000.00	2025-10-07 13:51:21.814112+00	ELTY2004E4	1	Proveedor	Toyota	USA	\N
35	CABLE-MITS-473QEZ-3784	MD-134754	\N	Cable de Bujia	Cyon	Cables de bujía marca Cyon  Origen: Taiwan  OEM: MD-134754  Código Noriega: 287644  Mitsubishi - BYD  4G18 - 473QE		Repisa 5 Nivel 2	Juego	7000.00	12000.00	2025-10-07 13:54:14.140883+00	5000000236985	2	287644	Mitsubishi	Taiwan	473QE
36	CABLE-NISS-ZZZZZZ-2537	22450-B08R8	\N	Cable de Bujia	Cahsa	Cables de bujía marca Cahsa  Origen: Mexico  OEM: 22450-B08R8  Código Mundo Repuestos: 0153247  Nissan   E16E		Repisa 5 Nivel 2	Juego	8000.00	14000.00	2025-10-07 13:56:39.953098+00	0153247	1	0153247	Nissan	Mexico	\N
28	CABLE-SUZU-G16AZZ-7654	33705-66D00	\N	Cable de Bujia	Seiwa	Cables de bujía marca Seiwa  Origen: Japón  OEM: 33705-66D00  Código Mundo Repuestos: 0020022  Suzuki  G16A - G16B- G13BB	STD	Repisa 5 Nivel 2	Juego	18000.00	27000.00	2025-10-06 20:47:53.068574+00	0020022	2	0020022	Suzuki	\N	G16A - G16B - G13B
38	CABLE-CHEV-ZZZZZZ-1054	96291306	\N	Cable de Bujia	Cyon	Cables de bujía marca Cyon  Origen: Taiwan  OEM: 96291306  Código Noriega: 070364  Chevrolet  A08S - F8CV		Repisa 5 Nivel 2	Juego	5000.00	12000.00	2025-10-07 14:17:38.696262+00	5000000267712	3	070364	Chevrolet	Taiwan	\N
39	CABLE-CHEV-ZZZZZZ-8213	96288956	\N	Cable de Bujia	Cyon	Cables de bujía marca Cyon  Origen: Taiwan  OEM: 96288956  Código Noriega: 070363  Chevrolet  B10S		Repisa 5 Nivel 2	Juego	7000.00	12000.00	2025-10-07 14:19:12.268546+00	5000000267538	3	070363	Chevrolet	Taiwan	\N
40	CABLE-CHEV-ZZZZZZ-8296	96450249	\N	Cable de Bujia	Cyon	Cables de bujía marca Cyon  Origen: Taiwan  OEM: 96450249  Código Noriega: 287689  Chevrolet  F16D3		Repisa 5 Nivel 2	Juego	8000.00	15000.00	2025-10-07 14:20:47.349562+00	5000000237432	1	287689	Chevrolet	Taiwan	\N
41	CABLE-CHEV-ZZZZZZ-3311	24512582	\N	Cable de Bujia	Stutzer	Cables de bujía marca Stutzer  OEM: 24512582  Código Mundo Repuestos: 9951083  Chevrolet  B12D3		Repisa 5 Nivel 2	Juego	8000.00	15000.00	2025-10-07 14:23:06.393647+00	9951083	1	9951083	Chevrolet	\N	\N
42	CABLE-CHEV-G161ZZ-2738	S4-29285E	\N	Cable de Bujia	Cahsa	Cables de bujía marca Cahsa  Origen: Mexico  OEM: S4-29285E  Código Mundo Repuestos: L111980  Chevrolet  4ZA1 - G161Z - G18Z - G200Z - 4ZD1		Repisa 5 Nivel 2	Juego	10000.00	16000.00	2025-10-07 14:26:53.674726+00	L111980	1	L111980	Chevrolet	Mexico	G161Z - G18Z - G200Z
43	CABLE-CHEV-ZZZZZZ-4815	96497773	\N	Cable de Bujia	Mando	Cables de bujía marca Mando  Origen: Korea  OEM: 96497773  Código Mundo Repuestos: 190022M  Chevrolet - Daewoo  F14D3 - A16DMS - A16DMN		Repisa 5 Nivel 2	Juego	15000.00	22000.00	2025-10-07 14:31:17.391512+00	190022M	1	190022M	Chevrolet	Korea	\N
45	JUEGO-SUZU-ZZZZZZ-1971	11400-78850	\N	Juego de Empaquetaduras	Atsuki	Juego de Empaquetadura marca Atsuki  Origen: China  OEM: 11400-78850  Código Mundo Repuestos: Z500038  Marca Vehículo: Suzuki  F8B	STD	Repisa 5 Nivel 1	Juego	20000.00	27500.00	2025-10-07 15:15:49.874518+00	Z500038	1	Z500038	Suzuki	China	\N
44	JUEGO-SUZU-ZZZZZZ-0643	11400-57810	\N	Juego de Empaquetaduras	Atsuki	Juego de Empaquetadura marca Atsuki  Origen: China  OEM: 11400-57810  Código Mundo Repuestos: 0000604  Marca Vehículo: Suzuki  G16B	STD	Repisa 5 Nivel 1	Juego	32000.00	42000.00	2025-10-07 14:42:53.966216+00	0000604	1	0000604	Suzuki	China	\N
48	JUEGO-NISS-ZZZZZZ-8284	10101-EE025	\N	Juego de Empaquetaduras	Atsuki	Juego de Empaquetadura marca Atsuki  Origen: China  OEM: 10101-EE025  Código Mundo Repuestos: 0013326  Marca Vehículo: Nissan   HR16DE	STD	Repisa 5 Nivel 1	Juego	37000.00	52000.00	2025-10-07 15:22:19.195666+00	0013326	1	0013326	Nissan	China	\N
49	JUEGO-SUZU-ZZZZZZ-5794	11401-79863	\N	Juego de Empaquetaduras	Grace	Juego de Empaquetadura marca Grace  Origen: India  OEM: 11401-79863  Código Mundo Repuestos: 0017259  Marca Vehículo: Suzuki  F8D	STD	Repisa 5 Nivel 1	Juego	20000.00	30000.00	2025-10-07 15:33:26.972066+00	0017259	1	0017259	Suzuki	India	\N
50	JUEGO-SUZU-ZZZZZZ-9165	11400-65860	\N	Juego de Empaquetaduras	SuperSeal	Juego de Empaquetadura marca SuperSeal  Origen: Taiwan  OEM: 11400-65860  Código Proveedor:  Marca Vehículo: Suzuki  J20A	STD	Repisa 5 Nivel 1	Juego	30000.00	50000.00	2025-10-07 15:41:44.439047+00	11400'65860	1	Marca	Suzuki	Taiwan	\N
51	JUEGO-NISS-ZZZZZZ-1523	10101-CD325	\N	Juego de Empaquetaduras	Top Gasket	Juego de Empaquetadura marca Top Gasket  Origen: Taiwan  OEM: 10101-CD325  Código Noriega: 321490  Marca Vehículo: Nissan  VQ35DE	STD	Repisa 5 Nivel 1	Juego	100000.00	130000.00	2025-10-07 15:42:22.207138+00	57H192	1	321490	Nissan	Taiwan	\N
54	JUEGO-HYUN-D4BHZZ-5611	20910-42A200	\N	Juego de Empaquetaduras	Mando	Juego de empaquetadura marca Mando  Origen: Korea  OEM: 20910-42A200  Código Proveedor: 0013282  Marca Vehículo: Hyundai - Kia - Mitsubishi  D4BH - D4BF - D4BB - D4BA - D4BX - 4D56 - 4D56T	STD	Repisa 5 Nivel 1	Juego	28000.00	42000.00	2025-10-07 16:14:39.322448+00	0013282	1	0013282	Hyundai	Korea	D4BH - D4BF - D4BB - D4BA - D4BX
55	JUEGO-HYUN-G4EKZZ-2173	20910-22N10	\N	Juego de Empaquetaduras	Atsuki	Juego de Empaquetadura marca Atsuki  Origen: China  OEM: 20910-22N10  Código Proveedor: H001368  Marca Vehículo: Hyundai  G4EK - G4EB - G4EA	STD	Repisa 5 Nivel 1	Juego	20000.00	33000.00	2025-10-07 16:18:58.987374+00	H001368	1	H001368	Hyundai	China	G4EK - G4EB - G4EA
57	JUEGO-KIA-ZZZZZZ-4519	C	\N	Juego de Empaquetaduras	Super Seal	Juego de Empaquetadura marca Super Seal  Origen: Taiwan  OEM:   Código Proveedor: 003204  Marca Vehículo: Kia  A3E	STD	Repisa 5 Nivel 1	Juego	40000.00	55000.00	2025-10-07 16:23:42.958458+00	KSL31'10'270	1	003204	Kia	Taiwan	\N
59	JUEGO-KIA-R5ZZZZ-9328	0301408-8	\N	Juego de Empaquetaduras	Royal Conta	Juego de Empaquetadura marca Royal Conta  Origen: Turkia  OEM: 0301408-8  Código Proveedor:   Marca Vehículo: Renault  R5 - R10 - R12	STD	Repisa 5 Nivel 1	Juego	15000.00	25000.00	2025-10-07 16:40:02.93083+00	0003014088	1	Marca	Kia	Turkia	R5 - R10 - R12
46	JUEGO-NISS-ZZZZZZ-0458	10101-74Y25	\N	Juego de Empaquetaduras	Atsuki	Juego de Empaquetadura marca Atsuki  Origen: China  OEM: 10101-74Y25  Código Mundo Repuestos: 0100908  Marca Vehículo: Nissan  Ga16DNE	STD	Repisa 5 nivel 1	Juego	29000.00	43000.00	2025-10-07 15:18:18.794636+00	0100908	1	0100908	Nissan	China	\N
53	JUEGO-CHEV-ZZZZZZ-8588	C	\N	Juego de Empaquetaduras	Sabo	Juego de Empaquetadura marca Sabo  Origen: Brasil  OEM:   Código Proveedor:   Marca Vehículo: Chevrolet  C16SFI	STD	Repisa 5 Nivel 1	Juego	25000.00	40000.00	2025-10-07 15:57:02.650215+00	7891252802763	1	Marca	Chevrolet	Brasil	\N
73	BOBIN-HYUN-G3LAZZ-8706	27301-04000	\N	Bobina	Echlin	Bobina marca Echlin  Origen: China  OEM: 27301-04000  Código Proveedor: 0024838  Marca Vehículo: Hyundai - Kia  G3LA - G4HG -G4LA		Repisa 5 Nivel 3	Unidad	13000.00	17000.00	2025-10-07 17:23:06.977086+00	0024838	1	0024838	Hyundai	China	G3LA - G4HG - G4LA
61	JUEGO-VW-ABFZZZ-6194	050019812A	\N	Juego de Empaquetaduras	Wurtex	Juego de Empaquetadura marca Wurtex  Origen: China  OEM: 050019812A  Código Proveedor: 0001354  Marca Vehículo: VW  ABF - AKR	STD	Repisa 5 Nivel 1	Juego	37000.00	50000.00	2025-10-07 16:47:57.659823+00	0001354	1	0001354	Vw	China	ABF - AKR
63	JUEGO-PEUG-ZZZZZZ-3622	0197-X4	\N	Juego de Empaquetaduras	Wurtex	Juego de Empaquetadura marca Wurtex  Origen: China  OEM: 0197-X4  Código Proveedor: 0000618  Marca Vehículo: Peugeot  DW10TD	STD	Repisa 5 Nivel 1	Juego	39000.00	45000.00	2025-10-07 16:52:38.608211+00	0000618	1	0000618	Peugeot	China	\N
66	BOBIN-NISS-ZZZZZZ-1869	22433-51J10	\N	Bobina	Wurtex	Bobina marca Wurtex  Origen: China  OEM: 22433-51J10  Código Proveedor: 0108928  Marca Vehículo: Nissan - Subaru  E16E - KA24E - EJ18		Repisa 5 Nivel 3	Unidad	11500.00	15000.00	2025-10-07 17:01:37.245527+00	0108928	2	0108928	Nissan	China	\N
67	BOBIN-HYUN-G4EDZZ-9212	27301-26620	\N	Bobina	Wurtex	Bobina marca Wurtex  Origen: China  OEM: 27301-26620  Código Proveedor: 9951246  Marca Vehículo: Hyundai - Kia  G4ED - G4EC		Repisa 5 Nivel 3	Unidad	9000.00	14500.00	2025-10-07 17:03:31.531863+00	9951246	1	9951246	Hyundai	China	G4ED - G4EC
68	BOBIN-CHEV-ZZZZZZ-5386	96453420	\N	Bobina	Wurtex	Bobina marca Wurtex  Origen: China  OEM: 96453420  Código Proveedor: 1902238  Marca Vehículo: Chevrolet  F16D3		Repisa 5 Nivel 3	Unidad	23500.00	30000.00	2025-10-07 17:05:23.021274+00	1902238	1	1902238	Chevrolet	China	\N
64	BOBIN-HYUN-G4KDZZ-3547	27300-2G000	\N	Bobina	Wurtex	Bobina marca Wurtex  Origen: China  OEM: 27300-2G000  Código Proveedor: 0026179  Marca Vehículo: Hyundai - Kia  G4KD - G4KA - G4KE		Repisa 5 Nivel 3	Unidad	14000.00	17000.00	2025-10-07 16:56:40.673092+00	0026179	2	0026179	Hyundai	China	G4KD - G4KA - G4KE
71	BOBIN-NISS-ZZZZZZ-8403	22448-ED800	\N	Bobina	Echlin	Bobina marca Echlin  Origen: China  OEM: 22448-ED800  Código Proveedor: 0T00190  Marca Vehículo: Nissan - Renault  HR16DE - 2TR - M9R		Repisa 5 Nivel 3	Unidad	20000.00	27000.00	2025-10-07 17:15:39.635538+00	0T00190	1	0T00190	Nissan	China	\N
74	BOBIN-CHEV-ZZZZZZ-8687	12611424	\N	Bobina	Echlin	Bobina marca Echlin  Origen: China  OEM: 12611424  Código Proveedor: 20559-1  Marca Vehículo: Chevrolet  A14XE		Repisa 5 Nivel 3	Unidad	28000.00	35000.00	2025-10-07 17:27:43.7703+00	2055910000006	1	20559-1	Chevrolet	China	\N
76	BOBIN-JEEP-ZZZZZZ-3361	C	\N	Bobina	Autotec	Bobina marca Autotec  Origen: China  OEM:   Código Proveedor: 9959246  Marca Vehículo: Jeep  ED3		Repisa 5 Nivel 3	Unidad	16000.00	24500.00	2025-10-07 17:35:49.461627+00	235008	1	9959246	Jeep	China	\N
77	BOBIN-FORD-ZZZZZZ-8934	UF740	\N	Bobina	Autotec	Bobina marca Autotec  Origen: China  OEM: UF740  Código Proveedor: DQ-6132  Marca Vehículo: Ford		Repisa 5 Nivel 3	Unidad	17000.00	25000.00	2025-10-07 17:44:52.372237+00	2363900000005	1	DQ-6132	Ford	China	\N
78	BOMBA-TOYO-2NRFEZ-8432	1610089400	\N	Bomba de Agua	Fulltec	Origen: China  OEM: 1610089400  Código Proveedor: 13432-5  Marca Vehículo: Toyota  2NRFE		Repisa 5 Nivel 4	Unidad	21000.00	33000.00	2025-10-07 18:43:17.797328+00	1343200000005	1	13432-5	Toyota	China	2NRFE
79	BOMBA-NISS-QG15ZZ-6317	21010-4M525	\N	Bomba de Agua	Fulltec	Origen: China  OEM: 21010-4M525  Código Proveedor: 17879-9  Marca Vehículo: Nissan  QG15 - QG16 - QG18DE		Repisa 5 Nivel 4	Unidad	17000.00	26500.00	2025-10-07 18:45:58.073204+00	1787900000000	1	17879-9	Nissan	China	QG15 - QG16 - QG18
80	BOMBA-HAFE-ZZZZZZ-6523	4710QR-1307960	\N	Bomba de Agua	Fulltec	Origen: China  OEM: 4710QR-1307960  Código Proveedor: 15260-9  Marca Vehículo: Hafei  DA468QL1		Repisa 5 Nivel 4	Unidad	21000.00	34500.00	2025-10-07 18:48:31.784848+00	1526000000004	1	15260-9	Hafei	China	\N
81	BOMBA-MITS-ZZZZZZ-8985	1300A040	\N	Bomba de Agua	Fulltec	Origen: China  OEM: 1300A040  Código Proveedor: 11148-1  Marca Vehículo: Mitsubishi  4N15		Repisa 5 Nivel 4	Unidad	42000.00	71500.00	2025-10-07 18:51:27.397966+00	316203302101	1	11148-1	Mitsubishi	China	\N
82	BOMBA-NISS-0M699.3-0871	21010-00Q2H	\N	Bomba de Agua	Fulltec	Origen: China  OEM: 21010-00Q2H  Código Proveedor: 11132-5   Marca Vehículo: Nissan - Renault - Mercedez  YS23 - M9T - 0M699.301		Repisa 5 Nivel 4	Unidad	23000.00	38000.00	2025-10-07 18:54:10.945209+00	521101916	1	11132-5	Nissan	China	0M699.301
83	BOMBA-TOYO-3ZZFEZ-7976	16100-29099	\N	Bomba de Agua	Fulltec	Origen: China  OEM: 16100-29099  Código Proveedor: 16456-9  Marca Vehículo: Toyota  3ZZFE - 1ZZFE		repisa 5 Nivel 4	Unidad	19000.00	31000.00	2025-10-07 18:56:21.644514+00	1645600000006	1	16456-9	Toyota	China	3ZZFE - 1ZZFE
85	BOMBA-CHER-ZZZZZZ-0926	484FC-1307010	\N	Bomba de Agua	Fulltec	Origen: China  OEM: 484FC-1307010  Código Proveedor: 12771-K  Marca Vehículo: Chery  SQR481		Repisa 5 Nivel 4	Unidad	16000.00	28500.00	2025-10-07 19:02:29.917713+00	1277100000004	1	12771-K	Chery	China	\N
86	BOMBA-FOTO-ZZZZZZ-7914	1307010-26L	\N	Bomba de Agua	Fulltec	Origen: China  OEM: 1307010-26L  Código Proveedor: 15253-6   Marca Vehículo: Foton  MIDI16V		Repisa 5 Nivel 4	Unidad	15000.00	28000.00	2025-10-07 19:04:12.551644+00	1525300000004	1	15253-6	Foton	China	\N
87	BOMBA-MG-ZZZZZZ-5283	MG104798	\N	Bomba de Agua	Fulltec	Origen: China  OEM: MG104798  Código Proveedor: 15613-2  Marca Vehículo: MG  15S4U		Repisa 5 Nivel 4	Unidad	13000.00	25000.00	2025-10-07 19:06:14.833763+00	1561300000002	1	15613-2	Mg	China	\N
88	BOMBA-SUZU-K12BZZ-6298	17400-51K00	\N	Bomba de Agua	Fulltec	Origen: China  OEM: 17400-51K00  Código Proveedor: 17849-7  Marca Vehículo: Suzuki  K12B - K14B - K10C - AVB414 - AZI412 - K12M - K15B - K10B		Repisa 5 nivel 4	Unidad	13000.00	21500.00	2025-10-07 19:09:11.016427+00	1784900000009	1	17849-7	Suzuki	China	K12B - K14B - K10C
89	BOMBA-SUZU-M16AZZ-8991	17400-69G00	\N	Bomba de Agua	Fulltec	Origen: China  OEM: 17400-69G00  Código Proveedor: 17850-0  Marca Vehículo: Suzuki   M16A - M13A		Repisa 5 Nivel 4	Unidad	15000.00	24000.00	2025-10-07 19:11:28.959139+00	1785000000005	1	17850-0	Suzuki	China	M16A - M13A
65	BOBIN-CHEV-C14NZZ-4016	90449739	\N	Bobina	Wurtex	Bobina marca Wurtex  Origen: China  OEM: 90449739  Código Proveedor: 1702238  Marca Vehículo: Chevrolet  C14NZ - C14NE - C16NZ		repisa 5 Nivel 3	Unidad	11500.00	18000.00	2025-10-07 16:59:03.891916+00	1702238	1	1702238	Chevrolet	China	C14NZ - C14NE - C16NZ
69	BOBIN-NISS-GA16DE-8169	22433-53F00	\N	Bobina	Wurtex	Bobina marca Wurtex  Origen: China  OEM: 22433-53F00  Código Proveedor: 0108938  Marca Vehículo: Nissan  GA16DE - GA16DS - KA24E - KA24DE		Repisa 5 Nivel 3	Unidad	9500.00	20000.00	2025-10-07 17:09:57.122237+00	0108938	1	0108938	Nissan	China	GA16DE - GA16DS
92	BOMBA-CHEV-ZZZZZZ-4439	96352650	\N	Bomba de Agua	Mando	Origen: Korea  OEM: 96352650  Código Proveedor: 1599014  Marca Vehículo: Chevrolet - Daewoo  F14D3 - F16D3 - A16DMS - A15MF		Repisa 5 Nivel 4	Unidad	21000.00	32000.00	2025-10-07 19:22:01.87185+00	1599014	1	1599014	Chevrolet	Korea	\N
114	BOMBA-XXXX-ZZZZZZ-4589	25100-32120	\N	Bomba de Agua	GMB			Repisa 5 Nivel 4	Unidad	58000.00	70000.00	2025-10-08 19:36:41.122071+00	010140298	1	\N	\N	\N	\N
93	BOMBA-HYUN-ZZZZZZ-8146	21500-4A800	\N	Bomba de Agua	Mando	Origen: Korea  OEM: 21500-4A800  Código Proveedor: KJ00105  Marca Vehículo: Hyundai - Kia  D4CB		Repisa 5 Nivel 4	Unidad	48000.00	60000.00	2025-10-07 19:30:33.28153+00	KJ00105	1	KJ00105	Hyundai	Korea	\N
94	BOMBA-KIA-ZZZZZZ-2233	21500-4Z000	\N	Bomba de Agua	Mando	Origen: Korea  OEM: 21500-4Z000  Código Proveedor: K400024  Marca Vehículo: Kia  J2 - JT		Repisa 5 Nivel 4	Unidad	38000.00	50000.00	2025-10-07 19:34:33.197072+00	K400024	1	K400024	Kia	Korea	\N
96	BOMBA-HYUN-D3EAZZ-9342	25100-27000	\N	Bomba de Agua	Mando	Origen: Korea  OEM: 25100-27000  Código Proveedor: H103224  Marca Vehículo: Hyundai - Kia  D3EA - D4EA		repisa 5 Nivel 4	Unidad	38000.00	50000.00	2025-10-07 19:46:41.534237+00	H103224	1	H103224	Hyundai	Korea	D3EA - D4EA
97	BOMBA-TOYO-2EZZZZ-0032	16100-19125	\N	Bomba de Agua	Toto	Origen: Japón  OEM: 16100-19125  Código Proveedor: 9954599  Marca Vehículo: Toyota  2E - 3EE		Repisa 5 Nivel 5	Unidad	23000.00	32000.00	2025-10-07 19:50:12.265089+00	9954599	1	9954599	Toyota	\N	2E - 3EE
98	BOMBA-CHEV-C14NZZ-4511	1334010	\N	Bomba de Agua	Toto	Origen: Japón  OEM: 1334010  Código Proveedor: 9954573  Marca Vehículo: Chevrolet  C14NZ - C14SE - C16NZ - Z14XEP - Z16SE - C16SE - X16EX - X14XE - A15MF - G15MF - A15DM		Repisa 5 Nivel 5	Unidad	24000.00	28000.00	2025-10-07 19:56:19.46253+00	9954573	1	9954573	Chevrolet	\N	C14NZ - C14SE - C16NZ
99	BOMBA-CHEV-ZZZZZZ-9032	17400-50810	\N	Bomba de Agua	Toto	Origen: Japón  OEM: 17400-50810  Código Proveedor: 9954574  Marca Vehículo: Chevrolet - Daewoo  B10S - F8CV - F8C		Repisa 5 Nivel 5	Unidad	30000.00	35000.00	2025-10-07 20:00:29.5485+00	9954574	1	9954574	Chevrolet	\N	\N
100	BOMBA-TOYO-1KDFTV-0486	16100-09260	\N	Bomba de Agua	Toto	Origen: Japón  OEM: 16100-09260  Código Proveedor: 9954598  Marca Vehículo: Toyota  1KDFTV - 2KDFTV - 1KZTE		Repisa 5 Nivel 5	Unidad	76000.00	85000.00	2025-10-07 20:04:59.092642+00	9954598	1	9954598	Toyota	\N	1KDFTV - 2KDFTV - 1KZTE
102	BOMBA-HYUN-G4EKZZ-4905	25100-22650	\N	Bomba de Agua	Wurtex	Origen: China  OEM: 25100-22650  Código Proveedor: 0013570  Marca Vehículo: Hyundai - Mitsubishi  G4EK - G4EH - G4EB - G4EA - 4G13 - 4G15		Repisa 5 Nivel 4	Unidad	24000.00	30000.00	2025-10-07 20:17:33.557592+00	0013570	1	0013570	Hyundai	China	G4EK - G4EH - G4EB - G4EA
103	BOMBA-PEUG-ZZZZZZ-6892	1201-A2	\N	Bomba de Agua	Wurtex	Origen: China  OEM: 1201-A2  Código Proveedor: 0013543  Marca Vehículo: Peugeot  TU5JP4		Repisa 5 Nivel 5	Unidad	17000.00	25000.00	2025-10-07 20:20:33.98426+00	0013543	1	0013543	Peugeot	China	\N
105	BOMBA-CHEV-ZZZZZZ-0055	9025153	\N	Bomba de Agua	Wurtex	Origen: China  OEM: 9025153  Código Proveedor: 0011342  Marca Vehículo: Chevrolet  F14D		Repisa 5 Nivel 5	Unidad	22000.00	35000.00	2025-10-07 20:34:47.618133+00	0011342	1	0011342	Chevrolet	China	\N
106	BOMBA-PEUG-ZZZZZZ-4941	C	\N	Bomba de Agua	Wurtex	Origen: China  OEM:   Código Proveedor: 0013569  Marca Vehículo: Peugeot - Citroen  DV6DT - DV6FD - DV6TED4		Repisa 5 Nivel 5	Unidad	15000.00	21000.00	2025-10-07 20:39:41.047716+00	0013569	1	0013569	Peugeot	China	\N
107	BOMBA-VW-AEHZZZ-4242	06B121011B	\N	Bomba de Agua	Klaxcar	Origen: Francia  OEM: 06B121011B  Código Proveedor: 12609-8  Marca Vehículo: VW  AEH - ADP - BSE - ALT - ABU		repisa 5 Nivel 5	Unidad	20000.00	35000.00	2025-10-07 20:42:45.671731+00	3468624205619	1	12609-8	Vw	Francia	AEH - ADP - BSE - ALT - ABU
108	BOM-KLA-REP-4822	1201.F4	\N	Bomba de Agua	Klaxcar	Origen: Francia  OEM: 1201.F4  Código Proveedor: 12644-6  Marca Vehículo: Peugeot - Citroen  EW10A - EW7J4 - EW10J		Repisa 5 Nivel 5	Unidad	16000.00	30000.00	2025-10-07 20:45:21.052035+00	3468624211511	1	12644-6	Peugeot	Francia	EW10A - EW7J
109	BOM-NPW-REP-5946	21010-53Y00	\N	Bomba de Agua	NPW	Origen: Japón  OEM: 21010-53Y00  Código Proveedor: 0149543  Marca Vehículo: Nissan  GA16DE - GA16DNE - GA16DS - GA14DS		Repisa 5 Nivel 5	Unidad	22000.00	29000.00	2025-10-07 20:49:04.501529+00	576931	1	0149543	Nissan	\N	GA16DE - GA16DN
91	BOMBA-FORD-ZZZZZZ-6101	WL81-15-100C	\N	Bomba de Agua	Fulltec	Origen: China  OEM: WL81-15-100C  Código Proveedor: 10393-4  Marca Vehículo: Ford - Mazda  WLAA - WLE7 - W9		Repisa 5 Nivel 4	Unidad	26000.00	46000.00	2025-10-07 19:18:16.697657+00	1039300000006	1	10393-4	Ford	China	\N
115	BOMBA-XXXX-ZZZZZZ-4214	1201-G8	\N	Bomba de Agua	STP			Repisa 5 Nivel 5	Unidad	31000.00	45000.00	2025-10-08 19:40:33.607407+00	9941594	1	\N	\N	\N	\N
112	AMPOL-XXXX-ZZZZZZ-1265	\N	\N	Ampolleta H4	Hella			Repisa 4 Nivel 2	pieza	3000.00	5000.00	2025-10-08 15:59:45.099123+00	4082300286700	3	\N	\N	\N	\N
110	BOM-NPW-REP-0059	\N	\N	Bomba de Agua	NPW	Origen: Japón   OEM: 25100-42000  Código Proveedor: 230025  Marca Vehículo: Hyundai - Mitsubishi  D4BF - D4BA - D4BX - 4D56 - 4D56T		Repisa 5 Nivel 5	Unidad	42000.00	60000.00	2025-10-07 21:06:21.513524+00	870761	1	\N	\N	\N	\N
111	BOM-GMB-REP-4635	\N	\N	Bomba de Agua	GMB	Origen: Japón  OEM: MD-179030  Código Proveedor: 283329  Marca Vehículo: Mitsubishi   4G91 - 4G92 - 4G93 - G63B		Repisa 5 Nivel 5	Unidad	27000.00	45000.00	2025-10-07 21:13:24.690245+00	E1069-3501	1	\N	\N	\N	\N
101	BOM-WUR-REP-2900	\N	\N	Bomba de Agua	Wurtex	Origen: China  OEM: 25100-42540  Código Proveedor: 0013572  Marca Vehículo: Hyundai - Kia - Mitsubishi  D4BH - D4BB - 4D56 - 4D56T		Repisa 5 Nivel 4	Unidad	24000.00	35000.00	2025-10-07 20:13:57.459511+00	0013572	1	\N	\N	\N	\N
116	BOMBA-XXXX-ZZZZZZ-1321	25100-2A200	\N	Bomba de Agua	STP			Repisa 5 Nivel 4	Unidad	39000.00	54500.00	2025-10-08 19:49:30.746665+00	9941648	1	\N	\N	\N	\N
117	BOMBA-XXXX-ZZZZZZ-4640	1201-C4	\N	Bomba de Agua	Wurtex			Repisa 5 Nivel 5	Unidad	18500.00	24000.00	2025-10-08 19:53:31.096082+00	0013568	1	\N	\N	\N	\N
118	BOMBA-XXXX-ZZZZZZ-0365	462-1307950-01	\N	Bomba de Agua	RCPS			Repisa 5 Nivel 4	Unidad	15000.00	24900.00	2025-10-08 20:06:10.841486+00	7041	1	\N	\N	\N	\N
119	BOMBA-XXXX-ZZZZZZ-8822	21010-AL525	\N	Bomba de Agua	NGP			Repisa 5 Nivel 4	Unidad	52500.00	65000.00	2025-10-08 20:13:34.038582+00	\N	1	\N	\N	\N	\N
120	BOMBA-XXXX-ZZZZZZ-5696	030-121-005N	\N	Bomba de Agua	Rheinmetall			Repisa 5 Nivel 5	Unidad	30000.00	45000.00	2025-10-08 20:44:29.030629+00	4028977329708	1	\N	\N	\N	\N
121	BOMBA-XXXX-ZZZZZZ-9296	25188341	\N	Bomba de Agua	IRP			Repisa 5 Nivel 5	Unidad	28000.00	35000.00	2025-10-08 21:06:22.552502+00	96416294	1	\N	\N	\N	\N
122	BOMBA-XXXX-ZZZZZZ-1241	9025153	\N	Bomba de Agua	Sehun			repisa 5 Nivel 5	Unidad	20000.00	32000.00	2025-10-08 21:10:27.665269+00	9025153	1	\N	\N	\N	\N
113	AMPOL-XXXX-ZZZZZZ-4763	\N	\N	Ampolleta H7	Hella				Unidad	4500.00	7000.00	2025-10-08 16:01:39.413926+00	760687139690	10	\N	\N	\N	
123	BOM-DOL-REP-8898	8200428447	\N	Bomba de Agua	Dolz			Repisa 5 Nivel 5	Unidad	25000.00	39000.00	2025-10-08 21:19:15.021037+00	R0727-A	1	\N	\N	\N	\N
124	FAR-DIF-REP-4336	94402-1E020	\N	Farol trasero derecho	Diforza			Repisa 4 Nivel 1	Unidad	26000.00	35000.00	2025-10-09 14:26:32.025879+00	H080050	2	H080050	Hyundai	China	G4EE, D4FA, G4ED
125	FAR-DIF-REP-4345	94401-1E020	\N	Farol trasero IZQUIERDO	Diforza			Repisa 4 Nivel 1	Unidad	26000.00	35000.00	2025-10-09 14:27:40.804639+00	H080040	2	H080040	Hyundai	China	G4EE, D4FA, G4ED
126	NEB-TOD-REP-8848	90872825	\N	Neblinero derecho	Todo auto lamps			Repisa 4 Nivel 1	Unidad	10000.00	17500.00	2025-10-09 14:29:45.460929+00	0016747	1	\N	Chevrolet	China	L2B15
127	NEB-TOD-REP-4175	90872824	\N	Neblinero izquierdo	Todo auto lamps			Repisa 4 Nivel 1	Unidad	10000.00	17500.00	2025-10-09 14:30:52.12006+00	0016746	1	0016746	Chevrolet	China	L2B15
128	FAR-DIF-REP-5292	\N	\N	Farol punta derecho	Diforza			Repisa 4 Nivel 1	Unidad	10000.00	19000.00	2025-10-09 14:35:27.904202+00	H005034	1	H005034	Hyundai	China	G4CS, D4BA, D4BB, D4BF
129	FAR-DIF-REP-3152	\N	\N	Farol punta izquierdo	Diforza			Repisa 4 Nivel 1	Unidad	10000.00	19000.00	2025-10-09 14:37:02.052461+00	H005033	1	H005033	Hyundai	China	G4CS, D4BA, D4BF, D4BB
130	DEP-USG-REP-4719	96813425	\N	Depósito radiador	USGM			Repisa 4 Nivel 1	Unidad	15000.00	25000.00	2025-10-09 14:39:54.455484+00	0014248	1	0014248	Chevrolet	China	F16D3, C18SED
131	JUE-YTM-REP-2188	\N	\N	Juego espejos retrovisores	YTM			Repisa 4 Nivel 1	Unidad	8000.00	18000.00	2025-10-09 14:44:39.404598+00	ACCH233201	1	ACCH233201	Chevrolet	Taiwan	4ZA1, 4ZD1
132	JUE-FOR-REP-2391	\N	\N	Juego neblineros	Forcetec			Repisa 4 Nivel 1	Unidad	15000.00	25000.00	2025-10-09 14:52:03.242116+00	FCHN300	1	\N	Chevrolet	China	B12B3
133	FAR-OPT-REP-5261	\N	\N	Farol punta	Optiligth			Repisa 4 Nivel 1	Unidad	14000.00	22000.00	2025-10-09 14:56:17.398463+00	FHYA99	1	\N	Hyundai	China	G4EK
134	NEB-TOD-REP-8616	26150-EA500	\N	Neblinero	Todo auto lamps			Repisa 4 Nivel 1	Unidad	8000.00	15000.00	2025-10-09 15:03:23.343831+00	Z000840	1	Z000840	Peugeot, Citroen	China	
135	DEP-CIB-REP-1630	5490776	\N	Deposito radiador	CIB			Repisa 4 Nivel 1	Unidad	12000.00	22000.00	2025-10-09 15:10:40.364317+00	0011326	3	0011326	Chevrolet	China	F14D, F14D3
136	DEP-IRP-REP-2741	\N	\N	Deposito Radiador	IRP			Repisa 4 Nivel 1	Unidad	15000.00	21000.00	2025-10-09 15:13:25.284504+00	9941754	2	9941754	Chevrolet	USA	F18D4, Z20D1
137	DEP-SUZ-REP-9390	17931-53M00	\N	Deposito radiador	Suzuki			Repisa 4 Nivel 1	Unidad	15000.00	25000.00	2025-10-09 15:18:01.14087+00	080470073	2	\N	Suzuki	Original	F8D
138	DEP-CHI-REP-0584	21710-ED000	\N	Deposito radiador	Chin Lang			Repisa 4 Nivel 1	Unidad	8000.00	15000.00	2025-10-09 15:20:31.012335+00	53A272	2	53A272	Nissan	China	HR16DE
139	DEP-HYU-REP-1399	98611-4H000	\N	Depósito limpiaparabrisas	Hyundai			Repisa 4 Nivel 1	Unidad	25000.00	35000.00	2025-10-09 15:25:46.434058+00	0012920075	1	\N	Hyundai	Original	D4BH, D4CB
140	DEP-FLO-REP-6496	93-217-461	\N	Deposito radiador	Florio	2 Salidas		Repisa 4 Nivel 1	Unidad	8000.00	15000.00	2025-10-09 15:36:34.760651+00	DRCH16	1	\N	Chevrolet	Italia	C16SE
141	DEP-WUR-REP-2990	1307-HN	\N	Deposito radiador	Wurtex			Repisa 4 Nivel 1	Unidad	15000.00	23000.00	2025-10-09 15:39:07.732085+00	9942273	1	9942273	Peugeot, Citroen	China	DW8, XUD9
142	DEP-GEN-REP-1373	\N	\N	Deposito direccion	Genérico			Repisa 4 Nivel 1	Unidad	10000.00	18000.00	2025-10-09 15:41:05.72933+00	DDCH14	1	\N	Chevrolet	China	F14D
143	AMP-OSR-REP-0574	\N	\N	Ampolleta C5W	Osram			Repisa 4 Nivel 2	Unidad	300.00	500.00	2025-10-09 15:52:46.576832+00	4050300525105	6	\N	\N	Italia	
144	AMP-OSR-REP-9431	\N	\N	Ampolleta C10W	Osram			Repisa 4 Nivel 2	Unidad	300.00	500.00	2025-10-09 15:54:09.59213+00	4050300891361	8	\N	\N	Italia	
145	AMP-NAR-REP-3450	\N	\N	Ampolleta P21W	Narva			Repisa 4 Nivel 2	Unidad	600.00	1000.00	2025-10-09 15:56:25.3025+00	4013790257055	20	\N	\N	Alemania	
146	AMP-HEL-REP-6599	\N	\N	Ampolleta P21/5W	Hella			Repisa 4 Nivel 2	Unidad	600.00	1000.00	2025-10-09 15:58:42.163134+00	760687145080	18	0012454	\N	China	
147	AMP-HEL-REP-0759	\N	\N	Ampolleta T10	Hella			Repisa 4 Nivel 2	Unidad	300.00	500.00	2025-10-09 16:00:37.94557+00	6923877476614	6	\N	\N	China	
148	AMP-NAR-REP-7242	\N	\N	Ampolleta H1	Narva			Repisa 4 Nivel 2	Unidad	1800.00	3000.00	2025-10-09 16:02:58.0873+00	4013790302052	8	\N	\N	Alemania	
149	AMP-NAR-REP-4124	\N	\N	Ampolleta H3	Narva			Repisa 4 Nivel 2	Unidad	2200.00	3500.00	2025-10-09 16:04:53.830803+00	4013790303059	7	\N	\N	Alemania	
150	AMP-SCT-REP-9935	\N	\N	Ampolleta HB4 Blanca	SCT			Repisa 4 Nivel 2	Unidad	3000.00	4500.00	2025-10-09 16:06:38.664172+00	4036021202594	3	\N	\N	Alemania	
151	AMP-STP-REP-7429	\N	\N	Ampolleta H3	STP			Repisa 4 Nivel 2	Unidad	1000.00	1500.00	2025-10-09 16:08:33.68242+00	6932019032687	8	\N	\N	China	
152	AMP-SCT-REP-0127	\N	\N	Ampolleta H3	SCT			Repisa 4 Nivel 2	Unidad	2000.00	3000.00	2025-10-09 16:11:26.794808+00	4036021202020	8	\N	\N	Alemania	
153	AMP-SCT-REP-0159	\N	\N	Ampolleta MFX	SCT			Repisa 4 Nivel 2	Unidad	1000.00	2000.00	2025-10-09 16:14:51.523063+00	4036021202389	7	\N	\N	Alemania	
154	AMP-HEL-REP-2426	\N	\N	Ampolleta R5W	Hella			Repisa 4 Nivel 2	Unidad	700.00	1000.00	2025-10-09 16:17:02.674869+00	5994100008576	11	\N	\N	China	
155	AMP-HEL-REP-9840	\N	\N	Ampolleta P27/7W	Hella			Repisa 4 Nivel 2	Unidad	1800.00	2500.00	2025-10-09 16:18:14.116795+00	4036021202419	4	\N	\N	\N	
156	AMP-HEL-REP-5349	\N	\N	Ampolleta T15	Hella			Repisa 4 Nivel 2	Unidad	300.00	500.00	2025-10-09 16:20:17.228804+00	4047025321495	11	0029641	\N	China	
157	AMP-HEL-REP-7680	\N	\N	Ampolleta T20 1C	Hella			Repisa 4 Nivel 2	Unidad	1000.00	1500.00	2025-10-09 16:22:14.498572+00	4036021203324	19	\N	\N	China	
158	AMP-OSR-REP-2124	\N	\N	Ampolleta T4W	Osram			Repisa 4 Nivel 2	Unidad	200.00	400.00	2025-10-09 16:23:41.222728+00	4050300525068	7	\N	\N	Italia	
159	AMP-HEL-REP-3238	\N	\N	Ampolleta T5	Hella			Repisa 4 Nivel 2	Unidad	200.00	500.00	2025-10-09 16:24:53.97754+00	4036021202235	8	\N	\N	China	
160	PAS-DON-REP-6595	PP2766	\N	Pastillas de freno traseras	Dongwoo			Repisa 4 Nivel 3	Juego	16000.00	25000.00	2025-10-09 17:58:14.105699+00	PT14	1	\N	Toyota	Corea	2AZFE, 2ARFE, 2GRFE, 2ZRFXE, M20AFKS, 3ZRFE
161	PAS-DON-REP-5163	PP2765	\N	Pastillas de freno delanteras	Dongwoo			Repisa 4 Nivel 3	Juego	22000.00	35000.00	2025-10-09 18:02:25.160537+00	PT08	1	\N	Toyota	Corea	1ZRFE, 3ZZFE, 1ZZFE, 2ZRFE, 3ZRFE, 2AZFE, 1NRFE
162	PAS-STP-REP-4092	PP758	\N	Pastillas de freno delanteras	STP			Repisa 4 Nivel 3	Juego	17000.00	23000.00	2025-10-09 18:10:23.747935+00	0T0001P	2	\N	Nissan	Taiwan	HR16DE, CR12DE, HR15DE, HR18DE
163	PAS-BES-REP-3423	PP1004	\N	Pastillas de freno delanteras	Beste			Repisa 4 Nivel 3	Juego	9000.00	17500.00	2025-10-09 18:20:15.588131+00	7800081002718	1	\N	Nissan, Hyundai, SSangYong, Jac, Kia	China	G4GM, G4GF, G4CR, G4ED, G4GR, G4DN, G4GB, G4GM, G4GC, G4GB, G4JP, L4GC, G4CM, G4CP, G4CS, G6BV, HFC4DB, 4G93D, HFC4GA, 4G93D, G4JN, CA20S, QG18DE, CA18DET, SR20DE, OM662, OM600, M162,
165	PAS-FRI-REP-9104	PP705	\N	Pastillas de freno delanteras	Fritec			Repisa 4 Nivel 3	pieza	12000.00	22000.00	2025-10-09 18:25:59.595202+00	500404037532	1	FR510M	Nissan	Mexico	E16E, GA14DS, GA16DNE, GA16DE, GA16DS
166	PAS-STP-REP-0186	PP2517	\N	Pastillas de freno delanteras	STP			Repisa 4 Nivel 324000	pieza	24000.00	31000.00	2025-10-09 18:31:44.595294+00	SU2001P	1	\N	Subaru	Taiwan	EJ253, EJ20, EJ204, EJ25, FB25B, EJ201, EJ257, EZ30, EJ255
168	PAS-ALL-REP-5643	PP2742	\N	Pastillas de freno delanteras	Allied Nipon			Repisa 4 Nivel 3	Juego	9000.00	16500.00	2025-10-09 18:44:32.933863+00	5055181510126	1	\N	Toyota	China	2NZFE, 1SZFE
169	PAS-ALL-REP-0722	PP2763	\N	Pastillas de freno delanteras	Allied Nipon			Repisa 4 Nivel 3	Juego	13000.00	20000.00	2025-10-09 18:48:38.625779+00	5055181549812	1	\N	Toyota, Lifan, Great Wall, Brilliance	China	2NZFE, 1NZFE, LF479, GW4G15, BM15L
170	PAS-ITA-REP-9448	PP1570	\N	Pastillas de freno traseras	Ital Brakes				Juego	30000.00	48000.00	2025-10-09 18:59:41.172984+00	PF-GTX-20080	1	\N	Mazda	Italia	PY, PE, Z6, PYVPS
171	PAS-DAI-REP-9260	PP1536	\N	Pastillas de freno delanteras	Daiwa				Juego	12000.00	25000.00	2025-10-09 20:05:10.829295+00	UHY1'33'23ZA	1	\N	Ford, Mazda	Taiwan	8AFDR, WLAT, F2, WL, G6, 4G54, W9, R2
172	PAS-UNI-REP-7132	PP615	\N	Pastillas de freno delanteras	UNI				Juego	6000.00	13000.00	2025-10-09 20:13:21.429735+00	3872321004862	1	\N	Mitsubishi, Proton, Dahiatsu, Toyota, Zotye	China	3SZVE, HCEJ, K3VE, 4G13, 4G15, 4G92, 4G91, 471Q
164	PAS-FRI-REP-9632	PP705	\N	Pastillas de freno delanteras	Fritec			Repisa 4 Nivel 3	Juego	12000.00	22000.00	2025-10-09 18:21:55.476758+00	V0M7X89-Z	1	FR510M	Nissan	Mexico	E16E, GA14DS, GA16DNE, GA16DE, GA16DS
167	PAS-STP-REP-9440	PP2222	\N	Pastillas de freno delanteras	STP			Repisa 4 Nivel 3	Juego	21000.00	28000.00	2025-10-09 18:38:50.572192+00	9941375	1	\N	Nissan, Renault, Mercedez, Changan, Suzuki	Taiwan	JL473, JL474, OM607, HR12, HR15, HR16DE, D4F7, K4M, K7M, F4R, K9K, M13A, M15A
173	PAS-TOP-REP-8592	PP2613	\N	Pastillas de freno delanteras	Top Gear				Juego	8000.00	14000.00	2025-10-09 20:16:44.530318+00	PFSZ99	1	\N	Suzuki	China	G13BB, G16B
174	PAS-DON-REP-7737	PP1556	\N	Pastillas de freno delanteras	Dongwoo				Juego	15000.00	24000.00	2025-10-09 20:32:02.816764+00	468284	1	\N	Changan, Ford, Dahiatsu, Mazda, Suzuki	Corea	DAM15B, JL473, K3V3, 3SZVE, ENDURA, J4T, FYJA, LHA, L1V, SIGMA, ZETEC, ZYVE, K14B, K14C, K10C, K12B, M16A
175	PAS-FBL-REP-6392	PP913	\N	Pastillas de freno delanteras	FBL				Juego	20000.00	36000.00	2025-10-09 20:44:08.575202+00	4589969822800	1	\N	Honda	Japón	B16A, D16A, D13B, D14A4, D15B, D16A1, D16Y
176	PAS-ICE-REP-8614	PP2223	\N	Pastillas de freno delanteras	ICER				Juego	35000.00	48000.00	2025-10-09 20:51:54.936845+00	8424073098375	1	\N	Renault	España	K9K, H5F4, K7M, K4M, F4RA, M4R, R9M, F4M
177	PAS-BES-REP-9949	PP107	\N	Pastillas de freno delanteras	Beste				Juego	13000.00	17000.00	2025-10-09 21:12:49.801456+00	7800081003111	1	\N	Audi, VW	China	CBZA, CAXA, CAVG, CZCA, CBZB, CAXC, AKL, BAH, BSE, BSF FSI, AGU, CDA, BLY, BVZ, CCZA, 4A15, 4A91S, AZE, BKY, BUD, BXW, BFQ, CLHA, CMXA, ATD, BXE, AEG, BMM, CLCA, AQY, CBP, CPLA, CBP, BEJ, BHP, DEL, APK, BST, ACC, ADD, CZD, XXX, BBY, CGGB, CLSA, CWSA, BJX, CFZ, CCCA, CBP, ZD
18	ADI-SEN-EST-6771	\N	\N	Aditivo Limpia Inyectores Diesel	Senfineco	Aditivo para limpieza de sistema de inyección Diesel marca Senfineco  Capacidad de mezcla hasta 50 L  Compatible para vehículos Diesel	300 Ml	Estante Repsol Nivel 1	Unidad	3000.00	5000.00	2025-10-06 18:57:55.910485+00	4260610399857	4	\N	\N	\N	\N
33	CAB-ALD-REP-1737	\N	\N	Cable de Bujia	ALD	Cables de bujía marca ALD  Origen: USA  OEM: 33700-M79G20  Código Mundo Repuestos: 9951561  Suzuki  F8D		Repisa 5 Nivel 2	Juego	8000.00	13000.00	2025-10-07 13:47:03.606+00	9951561	1	\N	\N	\N	\N
52	JUE-SAB-REP-6674	\N	\N	Juego de Empaquetaduras	Sabo	Juego de Empaquetadura marca Sabo  Origen: Brasil  OEM:   Código Proveedor: 0001318  Marca Vehículo: Chevrolet  X20XE - C20NE - C20NZ	STD	Repisa 5 Nivel 1	Juego	35000.00	48000.00	2025-10-07 15:56:36.13608+00	7891252802435	1	\N	\N	\N	\N
60	JUE-WUR-REP-6048	\N	\N	Juego de Empaquetaduras	Wurtex	Juego de Empaquetadura marca Wurtex  Origen: China  OEM: 0197-AB  Código Proveedor: 0032003  Marca Vehículo: Peugeot  DV4TD - DV4TED	STD	Repisa 5 Nivel 1	Juego	46000.00	65000.00	2025-10-07 16:45:56.987583+00	0032003	1	\N	\N	\N	\N
72	BOB-ECH-REP-0054	\N	\N	Bobina	Echlin	Bobina marca Echlin  Origen: China  OEM: 93248876  Código Proveedor: 1V00040  Marca Vehículo: Chevrolet  C20SEL - X18XE - C22NE - C24NE - Z22SE		Repisa 5 Nivel 3	Unidad	23000.00	32000.00	2025-10-07 17:19:18.055261+00	1V00040	2	\N	\N	\N	\N
90	BOM-FUL-REP-5476	\N	\N	Bomba de Agua	Fulltec	Origen: China  OEM: U202-15YE2A  Código Proveedor: 18775-5  Marca Vehículo: Ford - Mazda  P4AT - T22DD - P5AT		Repisa 5 Nivel 5	Unidad	55000.00	90000.00	2025-10-07 19:14:40.697374+00	1877500000002	1	\N	\N	\N	\N
1	TER-STP-REP-0563	96205798	\N	Terminal de dirección	STP	No tienen lado  Se vende en pares  Valor está por unidad			Par	12000.00	18000.00	2025-10-10 15:41:27.241072+00	9953674	0	9953674	Daewoo	Taiwan	C20NED, X20SED, A16DMN
2	BRA-STP-REP-6162	520672	\N	Brazo axial de dirección	STP	No tienen lado  Se vende en pares  Valor está por unidad			Par	13000.00	18000.00	2025-10-10 15:46:30.7151+00	9953501	0	9953501	Daewoo, Chevrolet	Taiwan	F16D3, C18SED, Z20DM, A16DMN, X20SED
22	CAB-ONN-REP-8533	27501-23B70	\N	Cable de Bujia	Onnuri	Cables de bujía marca Onnuri  OEM: 27501-23B70  Código Noriega: 070353  Hyundai y Kia   G4GB - G4GC	STD	Repisa 5 Nivel 2	Juego	15000.00	23000.00	2025-10-06 19:14:47.930603+00	5000000250981	1	070353	Hyundai Y Kia	\N	G4GB - G4GC
37	CAB-STU-REP-6026	46743086	\N	Cable de Bujia	Stutzer	Cables de bujía marca Stutzer  Origen: China  OEM: 46743086  Código Mundo Repuestos: 9951002  Fiat  171193 - 171162 - 171582 - 172162 - 172062		Repisa 5 Nivel 2	Juego	18000.00	22000.00	2025-10-07 14:15:00.875496+00	9951002	2	9951002	Fiat	China	171193 - 171162 - 171582
47	JUE-ATS-REP-6522	10101-40F25	\N	Juego de Empaquetaduras	Atsuki	Juego de Empaquetadura marca Atsuki  Origen: China  OEM: 10101-40F25  Código Mundo Repuestos: 0194298  Marca Vehículo: Nissan  KA24E	STD	Repisa 5 Nivel 1	Juego	31000.00	45000.00	2025-10-07 15:20:23.00083+00	0194298	1	0194298	Nissan	China	\N
58	JUE-ONN-REP-5031	20910-22N10	\N	Juego de Empaquetaduras	Onnuri	Juego de Empaquetadura marca Onnuri  Origen: Korea  OEM: 20910-22N10  Código Proveedor: 247225  Marca Vehículo: Hyundai  G4EK - G4EB - G4EA	STD	Repisa 5 Nivel 1	Juego	22000.00	35000.00	2025-10-07 16:34:33.634598+00	5000000128136	1	247225	Hyundai	Korea	G4EK - G4EB - G4EA
62	JUE-WUR-REP-1871	0197-16	\N	Juego de Empaquetaduras	Wurtex	Juego de Empaquetadura marca Wurtex  Origen: China  OEM: 0197-16  Código Proveedor: 0000624  Marca Vehículo: Peugeot  TU5JP4	STD	Repisa 5 Nivel 1	Juego	45000.00	58000.00	2025-10-07 16:50:22.777053+00	0000624	1	0000624	Peugeot	China	\N
75	BOB-AUT-REP-8262	27301-02710	\N	Bobina	Autotec	Bobina marca Autotec  Origen: China  OEM: 27301-02710  Código Proveedor: 18206-0  Marca Vehículo: Hyundai - Kia  G4HG		Repisa 5 Nivel 3	Unidad	19000.00	40000.00	2025-10-07 17:31:55.485889+00	182060	1	18206-0	Hyundai	China	\N
84	BOM-FUL-REP-3093	16110-19135	\N	Bomba de Agua	Fulltec	Origen: China  OEM: 16110-19135  Código Proveedor: 18865-4  Marca Vehículo: Toyota - Geely - Lifan  5AFE - 4AFE- MR479Q -479Q		Repisa 5 Nivel 4	Unidad	12000.00	25000.00	2025-10-07 19:00:05.725715+00	1886500000004	1	18865-4	Toyota	China	5AFE - 4AFE
95	BOM-MAN-REP-0817	25100-25002	\N	Bomba de Agua	Mando	Origen: Korea  OEM: 25100-25002  Código Proveedor: H610224  Marca Vehículo: Hyundai - Kia  G4KE - G4KA - G4JP - L4KA - G4KD - G4KC - GA2W - CY4A - CZ4A - CW5W		repisa 5 Nivel 4	Unidad	39000.00	52000.00	2025-10-07 19:42:23.459709+00	H610224	2	H610224	Hyundai	Korea	G4KE - G4KA - G4JP
104	BOM-WUR-REP-1891	17400-M79F00	\N	Bomba de Agua	Wurtex	Origen: China  OEM: 17400-M79F00  Código Proveedor: 0013549  Marca Vehículo: Suzuki  F10D - F8D - F8DE		Repisa 5 Nivel 5	Unidad	20000.00	30000.00	2025-10-07 20:24:23.016534+00	0013549	1	0013549	Suzuki	China	F10D - F8D - F8D
25	CABLE-HYUN-G4EHZZ-3739	27501-22B00	\N	Cable de Bujia	Mando	Cables de bujía marca Mando  OEM: 27501-22B00  Código Mundo Repuestos: H00134M  Hyundai y Kia   G4EH - G4EB - G4EA - G4EK	STD	Repisa 5 Nivel 2	Juego	10000.00	15000.00	2025-10-06 19:23:54.393201+00	H00134M	1	H00134M	Hyundai Y Kia	\N	G4EH - G4EB - G4EA - G4EK
70	BOBIN-CHEV-ZZZZZZ-6091	8-94371-838-0	\N	Bobina	Wurtex	Bobina marca Wurtex  Origen: China  OEM: 8-94371-838-0  Código Proveedor: 1605108  Marca Vehículo: Chevrolet - Honda  4ZA1 - 4ZD1 - F20 - F22 - D15B2		Repisa 5 Nivel 3	Unidad	9500.00	15000.00	2025-10-07 17:12:57.53422+00	1605108	1	1605108	Chevrolet	China	\N
\.


--
-- Data for Name: car_repuestoaplicacion; Type: TABLE DATA; Schema: public; Owner: maxgonpe
--

COPY public.car_repuestoaplicacion (id, posicion, repuesto_id, version_id) FROM stdin;
\.


--
-- Data for Name: car_repuestoenstock; Type: TABLE DATA; Schema: public; Owner: maxgonpe
--

COPY public.car_repuestoenstock (id, deposito, proveedor, stock, reservado, precio_compra, precio_venta, ultima_actualizacion, repuesto_id) FROM stdin;
1	bodega-principal	Seiwa	1	0	\N	27000.00	2025-10-06 22:59:31.902531+00	28
2	bodega-principal	Seiwa	2	0	\N	16000.00	2025-10-06 23:00:06.35967+00	27
3	bodega-principal	cyon	1	0	\N	13000.00	2025-10-06 23:00:43.666381+00	23
4	bodega-principal	Onnuri	1	0	\N	23000.00	2025-10-06 23:01:31.403385+00	22
5	bodega-principal	Kit	3	0	\N	5000.00	2025-10-06 23:04:30.746169+00	21
6	bodega-principal	Getsun	2	0	\N	5000.00	2025-10-06 23:05:14.585609+00	20
7	bodega-principal	Abro	9	0	\N	1000.00	2025-10-06 23:05:55.167577+00	19
8	bodega-principal	Senfineco	4	0	\N	5000.00	2025-10-06 23:06:27.382242+00	18
9	bodega-principal	Mobil	11	0	\N	7000.00	2025-10-06 23:06:57.080057+00	17
10	bodega-principal	Pemco	4	0	\N	12000.00	2025-10-06 23:07:36.340228+00	16
11	bodega-principal	Repsol	3	0	\N	53000.00	2025-10-06 23:08:19.621526+00	15
12	bodega-principal	motul	3	0	\N	35000.00	2025-10-06 23:09:09.37757+00	14
13	bodega-principal	Repsol	5	0	\N	52000.00	2025-10-06 23:10:04.64946+00	12
14	bodega-principal	Motul	4	0	\N	42000.00	2025-10-06 23:10:45.142855+00	3
15	bodega-principal	pemco	3	0	\N	55000.00	2025-10-06 23:11:16.342368+00	11
16	bodega-principal	Dark Bear	6	0	\N	10000.00	2025-10-06 23:12:40.81709+00	10
17	bodega-principal	Dark Bear	2	0	\N	10000.00	2025-10-06 23:13:09.394702+00	9
18	bodega-principal	Dark Bear	15	0	\N	5000.00	2025-10-06 23:13:37.633168+00	8
19	bodega-principal	Pemco	4	0	\N	57000.00	2025-10-06 23:14:16.80744+00	6
20	bodega-principal	Pennzoil	1	0	\N	55000.00	2025-10-06 23:14:48.420991+00	5
21	bodega-principal	Pennzoil	2	0	\N	30000.00	2025-10-06 23:15:25.473277+00	4
22	bodega-principal	Stutzer	1	0	\N	16000.00	2025-10-06 23:16:05.987522+00	26
23	bodega-principal	Mando	1	0	\N	15000.00	2025-10-06 23:17:50.823729+00	25
24	bodega-principal	Onnuri	2	0	\N	15000.00	2025-10-06 23:18:24.620885+00	24
25	bodega-principal	Aguacol	3	0	\N	5000.00	2025-10-06 23:29:24.073989+00	7
26	bodega-principal	Motul	4	0	\N	42000.00	2025-10-06 23:30:53.211564+00	13
27	bodega-principal		1	0	8000.00	13000.00	2025-10-07 13:34:02.503248+00	29
28	bodega-principal		1	0	15000.00	21000.00	2025-10-07 13:39:05.527602+00	30
29	bodega-principal		1	0	25000.00	32000.00	2025-10-07 13:42:23.569717+00	31
30	bodega-principal		1	0	22000.00	30000.00	2025-10-07 13:44:34.255511+00	32
31	bodega-principal		1	0	8000.00	13000.00	2025-10-07 13:47:03.61325+00	33
32	bodega-principal		1	0	13000.00	20000.00	2025-10-07 13:51:21.816602+00	34
33	bodega-principal		2	0	7000.00	12000.00	2025-10-07 13:54:14.144239+00	35
34	bodega-principal		1	0	8000.00	14000.00	2025-10-07 13:56:39.956669+00	36
35	bodega-principal		2	0	18000.00	27000.00	2025-10-07 14:10:51.874403+00	28
36	bodega-principal		2	0	18000.00	22000.00	2025-10-07 14:15:00.881396+00	37
37	bodega-principal		3	0	5000.00	12000.00	2025-10-07 14:17:38.703473+00	38
38	bodega-principal		3	0	7000.00	12000.00	2025-10-07 14:19:12.272182+00	39
39	bodega-principal		1	0	8000.00	15000.00	2025-10-07 14:20:47.352571+00	40
40	bodega-principal		1	0	8000.00	15000.00	2025-10-07 14:23:06.396905+00	41
41	bodega-principal		1	0	10000.00	16000.00	2025-10-07 14:28:11.80292+00	42
42	bodega-principal		1	0	15000.00	22000.00	2025-10-07 14:31:17.394391+00	43
44	bodega-principal		1	0	20000.00	27500.00	2025-10-07 15:15:49.879445+00	45
43	bodega-principal		1	0	32000.00	42000.00	2025-10-07 15:16:09.849881+00	44
45	bodega-principal		1	0	29000.00	43000.00	2025-10-07 15:18:18.797371+00	46
46	bodega-principal		1	0	31000.00	45000.00	2025-10-07 15:20:23.006809+00	47
47	bodega-principal		1	0	37000.00	52000.00	2025-10-07 15:22:19.199133+00	48
48	bodega-principal		1	0	20000.00	30000.00	2025-10-07 15:33:26.975277+00	49
49	bodega-principal		1	0	30000.00	50000.00	2025-10-07 15:41:44.443162+00	50
50	bodega-principal		1	0	100000.00	130000.00	2025-10-07 15:45:33.343235+00	51
51	bodega-principal		1	0	35000.00	48000.00	2025-10-07 15:57:47.036108+00	52
52	bodega-principal		1	0	25000.00	40000.00	2025-10-07 16:07:11.653171+00	53
53	bodega-principal		1	0	28000.00	42000.00	2025-10-07 16:14:39.325449+00	54
54	bodega-principal		1	0	20000.00	33000.00	2025-10-07 16:22:13.838475+00	55
55	bodega-principal		1	0	22000.00	35000.00	2025-10-07 16:23:21.271321+00	56
56	bodega-principal		1	0	40000.00	55000.00	2025-10-07 16:29:26.296673+00	57
57	bodega-principal		1	0	22000.00	35000.00	2025-10-07 16:34:33.637949+00	58
58	bodega-principal		1	0	15000.00	25000.00	2025-10-07 16:40:02.933703+00	59
59	bodega-principal		1	0	46000.00	65000.00	2025-10-07 16:45:56.990849+00	60
60	bodega-principal		1	0	37000.00	50000.00	2025-10-07 16:47:57.662379+00	61
61	bodega-principal		1	0	45000.00	58000.00	2025-10-07 16:50:22.78+00	62
62	bodega-principal		1	0	39000.00	45000.00	2025-10-07 16:52:38.612396+00	63
65	bodega-principal		2	0	11500.00	15000.00	2025-10-07 17:01:37.252005+00	66
66	bodega-principal		1	0	9000.00	14500.00	2025-10-07 17:03:31.535189+00	67
67	bodega-principal		1	0	23500.00	30000.00	2025-10-07 17:05:23.023973+00	68
63	bodega-principal		2	0	14000.00	17000.00	2025-10-07 17:06:18.693768+00	64
64	bodega-principal		1	0	11500.00	18000.00	2025-10-07 17:06:32.957598+00	65
68	bodega-principal		1	0	9500.00	20000.00	2025-10-07 17:09:57.12521+00	69
69	bodega-principal		1	0	9500.00	15000.00	2025-10-07 17:12:57.536791+00	70
70	bodega-principal		1	0	20000.00	27000.00	2025-10-07 17:15:55.233637+00	71
71	bodega-principal		2	0	23000.00	32000.00	2025-10-07 17:19:39.207086+00	72
72	bodega-principal		1	0	13000.00	17000.00	2025-10-07 17:23:06.980104+00	73
73	bodega-principal		1	0	28000.00	35000.00	2025-10-07 17:27:43.774473+00	74
74	bodega-principal		1	0	19000.00	40000.00	2025-10-07 17:31:55.489049+00	75
75	bodega-principal		1	0	16000.00	24500.00	2025-10-07 17:35:49.464742+00	76
76	bodega-principal		1	0	17000.00	25000.00	2025-10-07 17:44:52.377532+00	77
77	bodega-principal		1	0	21000.00	33000.00	2025-10-07 18:43:17.801597+00	78
78	bodega-principal		1	0	17000.00	26500.00	2025-10-07 18:45:58.077062+00	79
79	bodega-principal		1	0	21000.00	34500.00	2025-10-07 18:48:31.788334+00	80
80	bodega-principal		1	0	42000.00	71500.00	2025-10-07 18:51:27.40061+00	81
81	bodega-principal		1	0	23000.00	38000.00	2025-10-07 18:54:10.94987+00	82
82	bodega-principal		1	0	19000.00	31000.00	2025-10-07 18:56:21.649873+00	83
83	bodega-principal		1	0	12000.00	25000.00	2025-10-07 19:00:05.728188+00	84
84	bodega-principal		1	0	16000.00	28500.00	2025-10-07 19:02:29.920796+00	85
85	bodega-principal		1	0	15000.00	28000.00	2025-10-07 19:04:12.554141+00	86
86	bodega-principal		1	0	13000.00	25000.00	2025-10-07 19:06:14.838635+00	87
87	bodega-principal		1	0	13000.00	21500.00	2025-10-07 19:09:11.019954+00	88
88	bodega-principal		1	0	15000.00	24000.00	2025-10-07 19:11:28.961698+00	89
89	bodega-principal		1	0	55000.00	90000.00	2025-10-07 19:14:40.700475+00	90
90	bodega-principal		1	0	26000.00	46000.00	2025-10-07 19:18:16.700509+00	91
91	bodega-principal		1	0	21000.00	32000.00	2025-10-07 19:22:01.876274+00	92
92	bodega-principal		1	0	48000.00	60000.00	2025-10-07 19:30:33.289461+00	93
93	bodega-principal		1	0	38000.00	50000.00	2025-10-07 19:34:33.199923+00	94
94	bodega-principal		2	0	39000.00	52000.00	2025-10-07 19:42:23.486943+00	95
95	bodega-principal		1	0	38000.00	50000.00	2025-10-07 19:46:41.539231+00	96
96	bodega-principal		1	0	23000.00	32000.00	2025-10-07 19:50:12.293112+00	97
97	bodega-principal		1	0	24000.00	28000.00	2025-10-07 19:56:19.467849+00	98
98	bodega-principal		1	0	30000.00	35000.00	2025-10-07 20:00:29.552263+00	99
99	bodega-principal		1	0	76000.00	85000.00	2025-10-07 20:04:59.095508+00	100
101	bodega-principal		1	0	24000.00	30000.00	2025-10-07 20:17:33.561811+00	102
102	bodega-principal		1	0	17000.00	25000.00	2025-10-07 20:20:34.012974+00	103
103	bodega-principal		1	0	20000.00	30000.00	2025-10-07 20:24:23.019421+00	104
104	bodega-principal		1	0	22000.00	35000.00	2025-10-07 20:34:47.623356+00	105
105	bodega-principal		1	0	15000.00	21000.00	2025-10-07 20:39:41.051826+00	106
106	bodega-principal		1	0	20000.00	35000.00	2025-10-07 20:42:45.677075+00	107
107	bodega-principal		1	0	16000.00	30000.00	2025-10-07 20:45:21.054971+00	108
108	bodega-principal		1	0	22000.00	29000.00	2025-10-07 20:49:04.504726+00	109
109	bodega-principal		1	0	42000.00	60000.00	2025-10-07 21:06:21.533346+00	110
110	bodega-principal		1	0	27000.00	45000.00	2025-10-07 21:13:24.695136+00	111
100	bodega-principal		1	0	24000.00	35000.00	2025-10-08 13:16:15.675716+00	101
155	bodega-principal		4	0	1800.00	2500.00	2025-10-09 16:18:14.120317+00	155
114	bodega-principal		1	0	58000.00	70000.00	2025-10-08 19:36:41.125872+00	114
115	bodega-principal		1	0	31000.00	45000.00	2025-10-08 19:40:33.610209+00	115
111	bodega-principal		3	0	3000.00	5000.00	2025-10-08 19:41:23.327535+00	112
116	bodega-principal		1	0	39000.00	54500.00	2025-10-08 19:49:30.751259+00	116
117	bodega-principal		1	0	18500.00	24000.00	2025-10-08 19:53:31.103372+00	117
118	bodega-principal		1	0	15000.00	24900.00	2025-10-08 20:06:10.84449+00	118
119	bodega-principal		1	0	52500.00	65000.00	2025-10-08 20:13:34.043159+00	119
120	bodega-principal		1	0	30000.00	45000.00	2025-10-08 20:44:29.037045+00	120
121	bodega-principal		1	0	28000.00	35000.00	2025-10-08 21:06:22.557214+00	121
122	bodega-principal		1	0	20000.00	32000.00	2025-10-08 21:10:27.668482+00	122
123	bodega-principal		1	0	25000.00	39000.00	2025-10-08 21:19:15.025565+00	123
124	bodega-principal		2	0	26000.00	35000.00	2025-10-09 14:26:32.029878+00	124
125	bodega-principal		2	0	26000.00	35000.00	2025-10-09 14:27:40.807593+00	125
126	bodega-principal		1	0	10000.00	17500.00	2025-10-09 14:29:45.463754+00	126
127	bodega-principal		1	0	10000.00	17500.00	2025-10-09 14:30:52.123578+00	127
128	bodega-principal		1	0	10000.00	19000.00	2025-10-09 14:35:27.907531+00	128
129	bodega-principal		1	0	10000.00	19000.00	2025-10-09 14:37:02.055739+00	129
130	bodega-principal		1	0	15000.00	25000.00	2025-10-09 14:39:54.459647+00	130
131	bodega-principal		1	0	8000.00	18000.00	2025-10-09 14:44:39.407772+00	131
132	bodega-principal		1	0	15000.00	25000.00	2025-10-09 14:52:03.249493+00	132
133	bodega-principal		1	0	14000.00	22000.00	2025-10-09 14:56:17.401316+00	133
134	bodega-principal		1	0	8000.00	15000.00	2025-10-09 15:03:23.347681+00	134
135	bodega-principal		3	0	12000.00	22000.00	2025-10-09 15:10:40.370648+00	135
136	bodega-principal		2	0	15000.00	21000.00	2025-10-09 15:13:25.287816+00	136
137	bodega-principal		2	0	15000.00	25000.00	2025-10-09 15:18:01.148003+00	137
138	bodega-principal		2	0	8000.00	15000.00	2025-10-09 15:20:31.016119+00	138
139	bodega-principal		1	0	25000.00	35000.00	2025-10-09 15:25:46.43681+00	139
140	bodega-principal		1	0	8000.00	15000.00	2025-10-09 15:36:34.763693+00	140
141	bodega-principal		1	0	15000.00	23000.00	2025-10-09 15:39:07.734931+00	141
142	bodega-principal		1	0	10000.00	18000.00	2025-10-09 15:41:05.735269+00	142
112	bodega-principal		10	0	4500.00	7000.00	2025-10-09 15:49:34.814657+00	113
143	bodega-principal		6	0	300.00	500.00	2025-10-09 15:52:46.584111+00	143
144	bodega-principal		8	0	300.00	500.00	2025-10-09 15:54:09.595149+00	144
145	bodega-principal		20	0	600.00	1000.00	2025-10-09 15:56:25.304982+00	145
146	bodega-principal		18	0	600.00	1000.00	2025-10-09 15:58:42.167228+00	146
147	bodega-principal		6	0	300.00	500.00	2025-10-09 16:00:37.949151+00	147
148	bodega-principal		8	0	1800.00	3000.00	2025-10-09 16:02:58.090706+00	148
149	bodega-principal		7	0	2200.00	3500.00	2025-10-09 16:04:53.833722+00	149
150	bodega-principal		3	0	3000.00	4500.00	2025-10-09 16:06:38.667029+00	150
151	bodega-principal		8	0	1000.00	1500.00	2025-10-09 16:08:33.68503+00	151
152	bodega-principal		8	0	2000.00	3000.00	2025-10-09 16:13:28.057405+00	152
153	bodega-principal		7	0	1000.00	2000.00	2025-10-09 16:14:51.52612+00	153
154	bodega-principal		11	0	700.00	1000.00	2025-10-09 16:17:02.680221+00	154
156	bodega-principal		11	0	300.00	500.00	2025-10-09 16:20:17.231658+00	156
157	bodega-principal		19	0	1000.00	1500.00	2025-10-09 16:22:14.502096+00	157
158	bodega-principal		7	0	200.00	400.00	2025-10-09 16:23:41.225428+00	158
159	bodega-principal		8	0	200.00	500.00	2025-10-09 16:24:53.980106+00	159
160	bodega-principal		1	0	16000.00	25000.00	2025-10-09 17:58:14.112345+00	160
161	bodega-principal		1	0	22000.00	35000.00	2025-10-09 18:02:25.166586+00	161
162	bodega-principal		2	0	17000.00	23000.00	2025-10-09 18:10:23.753815+00	162
163	bodega-principal		1	0	9000.00	17500.00	2025-10-09 18:20:15.592259+00	163
165	bodega-principal		1	0	12000.00	22000.00	2025-10-09 18:25:59.598408+00	165
166	bodega-principal		1	0	24000.00	31000.00	2025-10-09 18:31:44.599649+00	166
113	bodega-principal		3	0	19278.00	30000.00	2025-10-13 16:27:35.348797+00	3
168	bodega-principal		1	0	9000.00	16500.00	2025-10-09 18:44:32.940148+00	168
169	bodega-principal		1	0	13000.00	20000.00	2025-10-09 18:48:38.628809+00	169
170	bodega-principal		1	0	30000.00	48000.00	2025-10-09 18:59:41.177925+00	170
171	bodega-principal		1	0	12000.00	25000.00	2025-10-09 20:05:10.834846+00	171
172	bodega-principal		1	0	6000.00	13000.00	2025-10-09 20:13:21.432696+00	172
164	bodega-principal		1	0	12000.00	22000.00	2025-10-09 20:18:19.193895+00	164
167	bodega-principal		1	0	21000.00	28000.00	2025-10-09 20:18:57.418744+00	167
173	bodega-principal		1	0	8000.00	14000.00	2025-10-09 20:19:59.108858+00	173
174	bodega-principal		1	0	15000.00	24000.00	2025-10-09 20:32:02.821134+00	174
175	bodega-principal		1	0	20000.00	36000.00	2025-10-09 20:44:08.580734+00	175
176	bodega-principal		1	0	35000.00	48000.00	2025-10-09 20:51:54.942398+00	176
177	bodega-principal		1	0	13000.00	17000.00	2025-10-09 21:12:49.844791+00	177
\.


--
-- Data for Name: car_sesionventa; Type: TABLE DATA; Schema: public; Owner: maxgonpe
--

COPY public.car_sesionventa (id, fecha_inicio, fecha_fin, activa, total_ventas, numero_ventas, usuario_id) FROM stdin;
1	2025-10-07 19:52:05.890883+00	\N	t	0.00	0	1
2	2025-10-07 21:14:47.008311+00	2025-10-08 17:55:31.623048+00	f	0.00	0	3
3	2025-10-08 17:55:31.80199+00	2025-10-08 17:55:34.15233+00	f	0.00	0	3
5	2025-10-09 15:23:40.674996+00	\N	t	0.00	0	5
6	2025-10-09 15:24:09.096668+00	\N	t	0.00	0	4
4	2025-10-08 17:55:34.328449+00	\N	t	90000.00	3	3
\.


--
-- Data for Name: car_stockmovimiento; Type: TABLE DATA; Schema: public; Owner: maxgonpe
--

COPY public.car_stockmovimiento (id, tipo, cantidad, motivo, referencia, fecha, repuesto_stock_id, usuario_id) FROM stdin;
\.


--
-- Data for Name: car_trabajo; Type: TABLE DATA; Schema: public; Owner: maxgonpe
--

COPY public.car_trabajo (id, fecha_inicio, fecha_fin, estado, observaciones, diagnostico_id, vehiculo_id) FROM stdin;
1	2025-10-10 23:36:20.324197+00	\N	trabajando	diagnostico de prueba sin repuestos	1	4
\.


--
-- Data for Name: car_trabajo_componentes; Type: TABLE DATA; Schema: public; Owner: maxgonpe
--

COPY public.car_trabajo_componentes (id, trabajo_id, componente_id) FROM stdin;
1	1	11
2	1	9
3	1	3
\.


--
-- Data for Name: car_trabajo_mecanicos; Type: TABLE DATA; Schema: public; Owner: maxgonpe
--

COPY public.car_trabajo_mecanicos (id, trabajo_id, mecanico_id) FROM stdin;
\.


--
-- Data for Name: car_trabajoaccion; Type: TABLE DATA; Schema: public; Owner: maxgonpe
--

COPY public.car_trabajoaccion (id, precio_mano_obra, accion_id, componente_id, trabajo_id, completado, fecha) FROM stdin;
2	40000.00	9	9	1	f	\N
3	20000.00	14	11	1	f	\N
1	5000.00	5	3	1	t	\N
\.


--
-- Data for Name: car_trabajofoto; Type: TABLE DATA; Schema: public; Owner: maxgonpe
--

COPY public.car_trabajofoto (id, imagen, descripcion, fecha, trabajo_id) FROM stdin;
\.


--
-- Data for Name: car_trabajorepuesto; Type: TABLE DATA; Schema: public; Owner: maxgonpe
--

COPY public.car_trabajorepuesto (id, cantidad, precio_unitario, subtotal, repuesto_id, trabajo_id, componente_id, completado, fecha) FROM stdin;
\.


--
-- Data for Name: car_vehiculo; Type: TABLE DATA; Schema: public; Owner: maxgonpe
--

COPY public.car_vehiculo (id, marca, modelo, anio, vin, placa, descripcion_motor, cliente_id) FROM stdin;
4	TOYOTA	RAV4 2.5 AUT	2016	JTMYF9EV7GJ051042	HLCJ97	Motor 2500 • 2.5 LIMITED 7AB AT 4X4	8263213-1
\.


--
-- Data for Name: car_vehiculoversion; Type: TABLE DATA; Schema: public; Owner: maxgonpe
--

COPY public.car_vehiculoversion (id, marca, modelo, anio_desde, anio_hasta) FROM stdin;
\.


--
-- Data for Name: car_venta; Type: TABLE DATA; Schema: public; Owner: maxgonpe
--

COPY public.car_venta (id, fecha, total, pagado, metodo_pago, cliente_id, usuario_id) FROM stdin;
\.


--
-- Data for Name: car_ventaitem; Type: TABLE DATA; Schema: public; Owner: maxgonpe
--

COPY public.car_ventaitem (id, cantidad, precio_unitario, subtotal, repuesto_stock_id, venta_id) FROM stdin;
\.


--
-- Data for Name: car_ventapos; Type: TABLE DATA; Schema: public; Owner: maxgonpe
--

COPY public.car_ventapos (id, fecha, subtotal, descuento, total, metodo_pago, pagado, observaciones, cliente_id, sesion_id, usuario_id) FROM stdin;
1	2025-10-13 16:24:04.215244+00	30000.00	0.00	30000.00	efectivo	t		\N	4	3
2	2025-10-13 16:24:53.260708+00	30000.00	0.00	30000.00	efectivo	t		\N	4	3
3	2025-10-13 16:25:48.200309+00	30000.00	0.00	30000.00	efectivo	t		\N	4	3
\.


--
-- Data for Name: car_ventapositem; Type: TABLE DATA; Schema: public; Owner: maxgonpe
--

COPY public.car_ventapositem (id, cantidad, precio_unitario, subtotal, repuesto_id, venta_id) FROM stdin;
1	1	30000.00	30000.00	3	1
2	1	30000.00	30000.00	3	2
3	1	30000.00	30000.00	3	3
\.


--
-- Data for Name: django_admin_log; Type: TABLE DATA; Schema: public; Owner: maxgonpe
--

COPY public.django_admin_log (id, action_time, object_id, object_repr, action_flag, change_message, content_type_id, user_id) FROM stdin;
1	2025-10-04 00:33:36.91355+00	3	camilo	1	[{"added": {}}]	4	1
2	2025-10-04 00:33:52.99532+00	3	camilo	2	[{"changed": {"fields": ["First name", "Last name", "Email address"]}}]	4	1
33	2025-10-08 16:15:16.795308+00	4	benjamin	1	[{"added": {}}]	4	1
34	2025-10-08 16:15:54.437569+00	4	benjamin	2	[{"changed": {"fields": ["First name", "Last name", "Email address"]}}]	4	1
35	2025-10-08 16:20:32.39945+00	1	maxgonpe	2	[{"changed": {"fields": ["First name", "Last name"]}}]	4	1
36	2025-10-08 16:59:08.03569+00	4	benjamin	2	[{"changed": {"fields": ["Last name"]}}]	4	1
37	2025-10-08 16:59:22.507946+00	4	benjamin	2	[]	4	1
38	2025-10-08 17:00:14.220745+00	5	roberto	1	[{"added": {}}]	4	1
39	2025-10-08 17:01:12.866974+00	5	roberto	2	[{"changed": {"fields": ["First name", "Last name", "Email address"]}}]	4	1
40	2025-10-09 15:16:32.273886+00	4	benjamin	2	[{"changed": {"fields": ["password"]}}]	4	1
41	2025-10-09 15:23:16.451857+00	5	roberto	2	[{"changed": {"fields": ["password"]}}]	4	1
\.


--
-- Data for Name: django_content_type; Type: TABLE DATA; Schema: public; Owner: maxgonpe
--

COPY public.django_content_type (id, app_label, model) FROM stdin;
1	admin	logentry
2	auth	permission
3	auth	group
4	auth	user
5	contenttypes	contenttype
6	sessions	session
32	car	cliente
33	car	componente
34	car	diagnostico
35	car	reparacion
36	car	vehiculo
37	car	accion
38	car	diagnosticocomponenteaccion
39	car	componenteaccion
40	car	repuesto
41	car	repuestoenstock
42	car	diagnosticorepuesto
43	car	stockmovimiento
44	car	vehiculoversion
45	car	componenterepuesto
46	car	repuestoaplicacion
47	car	trabajo
48	car	trabajoaccion
49	car	trabajorepuesto
50	car	mecanico
51	car	trabajofoto
52	car	venta
53	car	ventaitem
54	car	prefijorepuesto
55	car	configuracionpos
56	car	sesionventa
57	car	carritoitem
58	car	ventapos
59	car	ventapositem
60	car	cotizacion
61	car	cotizacionitem
62	car	administraciontaller
63	car	cliente_taller
\.


--
-- Data for Name: django_migrations; Type: TABLE DATA; Schema: public; Owner: maxgonpe
--

COPY public.django_migrations (id, app, name, applied) FROM stdin;
1	contenttypes	0001_initial	2025-09-30 09:52:15.260865+00
2	auth	0001_initial	2025-09-30 09:52:15.326488+00
3	admin	0001_initial	2025-09-30 09:52:15.346793+00
4	admin	0002_logentry_remove_auto_add	2025-09-30 09:52:15.355506+00
5	admin	0003_logentry_add_action_flag_choices	2025-09-30 09:52:15.363934+00
6	contenttypes	0002_remove_content_type_name	2025-09-30 09:52:15.377268+00
7	auth	0002_alter_permission_name_max_length	2025-09-30 09:52:15.384864+00
8	auth	0003_alter_user_email_max_length	2025-09-30 09:52:15.390951+00
9	auth	0004_alter_user_username_opts	2025-09-30 09:52:15.396478+00
10	auth	0005_alter_user_last_login_null	2025-09-30 09:52:15.402265+00
11	auth	0006_require_contenttypes_0002	2025-09-30 09:52:15.403921+00
12	auth	0007_alter_validators_add_error_messages	2025-09-30 09:52:15.410858+00
13	auth	0008_alter_user_username_max_length	2025-09-30 09:52:15.418941+00
14	auth	0009_alter_user_last_name_max_length	2025-09-30 09:52:15.425246+00
15	auth	0010_alter_group_name_max_length	2025-09-30 09:52:15.431889+00
16	auth	0011_update_proxy_permissions	2025-09-30 09:52:15.43768+00
17	auth	0012_alter_user_first_name_max_length	2025-09-30 09:52:15.444438+00
45	car	0001_initial	2025-10-10 21:38:38.847803+00
46	car	0002_remove_componente_car_compone_nombre_97a8e4_idx_and_more	2025-10-10 21:38:38.847803+00
47	car	0003_remove_diagnostico_componente_and_more	2025-10-10 21:38:38.847803+00
48	car	0004_accion_diagnosticocomponenteaccion_componenteaccion	2025-10-10 21:38:38.847803+00
49	car	0005_remove_repuestorecomendado_reparacion_and_more	2025-10-10 21:38:38.847803+00
50	car	0006_repuesto_repuestoenstock_diagnosticorepuesto_and_more	2025-10-10 21:38:38.847803+00
51	car	0007_diagnostico_aceptado_por_and_more	2025-10-10 21:38:38.847803+00
52	car	0008_diagnostico_estado	2025-10-10 21:38:38.847803+00
53	car	0009_mecanico	2025-10-10 21:38:38.847803+00
54	car	0010_trabajo_mecanicos_trabajoaccion_completado_and_more	2025-10-10 21:38:38.847803+00
55	car	0011_alter_trabajo_estado	2025-10-10 21:38:38.847803+00
56	car	0012_trabajo_componentes	2025-10-10 21:38:38.847803+00
57	car	0013_alter_trabajorepuesto_componente	2025-10-10 21:38:38.847803+00
58	car	0014_trabajorepuesto_completado_trabajorepuesto_fecha	2025-10-10 21:38:38.847803+00
59	car	0015_repuesto_codigo_barra_repuesto_stock_venta_ventaitem	2025-10-10 21:38:38.847803+00
33	sessions	0001_initial	2025-09-30 09:52:16.130065+00
60	car	0016_prefijorepuesto	2025-10-10 21:38:38.847803+00
61	car	0017_configuracionpos_sesionventa_carritoitem_ventapos_and_more	2025-10-10 21:38:38.847803+00
62	car	0018_cotizacion_cotizacionitem	2025-10-10 21:38:38.847803+00
63	car	0019_alter_trabajo_estado_administraciontaller	2025-10-10 21:38:38.847803+00
64	car	0020_repuesto_codigo_proveedor_repuesto_marca_vehiculo_and_more	2025-10-10 21:38:38.847803+00
65	car	0021_auto_20251008_1420	2025-10-10 21:38:38.847803+00
66	car	0022_remove_repuesto_codigo_proveedor_and_more	2025-10-10 21:38:38.847803+00
67	car	0023_repuesto_cod_prov_repuesto_marca_veh_and_more	2025-10-10 21:38:38.847803+00
68	car	0024_cliente_taller	2025-10-10 21:38:38.847803+00
69	car	0025_alter_cotizacion_cliente_alter_vehiculo_cliente_and_more	2025-10-10 21:38:38.847803+00
\.


--
-- Data for Name: django_session; Type: TABLE DATA; Schema: public; Owner: maxgonpe
--

COPY public.django_session (session_key, session_data, expire_date) FROM stdin;
2lwik1fuyl3wet0vdr7ps6zq8uvmvy46	.eJxVjEEOwiAQRe_C2hAgA0NduvcMhIFBqgaS0q6Md9cmXej2v_f-S4S4rTVsg5cwZ3EWWpx-N4rpwW0H-R7brcvU27rMJHdFHnTIa8_8vBzu30GNo35rjOCKsViS9iVl7wxqz6BA6UzopwJpciahM8oCETACWMyKmJBJk3h_ANIbN60:1v3hFA:VsAjmIUm3JT4DjeB-RGLRSx6zMxd5IWH1scUnkzcs8E	2025-10-14 20:46:40.076646+00
q6zm5sfw9vna95rrd68x6u6f2xrbcfwz	.eJxVjEEOwiAQRe_C2hAgA0NduvcMhIFBqgaS0q6Md9cmXej2v_f-S4S4rTVsg5cwZ3EWWpx-N4rpwW0H-R7brcvU27rMJHdFHnTIa8_8vBzu30GNo35rjOCKsViS9iVl7wxqz6BA6UzopwJpciahM8oCETACWMyKmJBJk3h_ANIbN60:1v408T:pw6f-M75HOA4sK_AFpkM3hZWqqVIYLRQ2EkrlxQcUus	2025-10-15 16:57:01.220794+00
tckrdz2e2h36v1j7bjc1fjylrji0w4vs	.eJxVjEEOwiAQRe_C2hAgA0NduvcMhIFBqgaS0q6Md9cmXej2v_f-S4S4rTVsg5cwZ3EWWpx-N4rpwW0H-R7brcvU27rMJHdFHnTIa8_8vBzu30GNo35rjOCKsViS9iVl7wxqz6BA6UzopwJpciahM8oCETACWMyKmJBJk3h_ANIbN60:1v40A2:7ryfKo46JTqf5S_tSq6hj6ZSRMQ_udxIuKfHwF8Ii8s	2025-10-15 16:58:38.2166+00
i9yu9mg4rbtjkl7qvj5hp0g53td9dqpg	.eJxVjEEOwiAQRe_C2hAgA0NduvcMhIFBqgaS0q6Md9cmXej2v_f-S4S4rTVsg5cwZ3EWWpx-N4rpwW0H-R7brcvU27rMJHdFHnTIa8_8vBzu30GNo35rjOCKsViS9iVl7wxqz6BA6UzopwJpciahM8oCETACWMyKmJBJk3h_ANIbN60:1v41iR:tZSFA3_-IaC_7RqA8XwXFMHd0jeLRpF9kya5scdE4jk	2025-10-15 18:38:15.071589+00
m47frlo0eagpra6o8d1mtl3n2eoth2he	.eJxVjEEOwiAQRe_C2hAgA0NduvcMhIFBqgaS0q6Md9cmXej2v_f-S4S4rTVsg5cwZ3EWWpx-N4rpwW0H-R7brcvU27rMJHdFHnTIa8_8vBzu30GNo35rjOCKsViS9iVl7wxqz6BA6UzopwJpciahM8oCETACWMyKmJBJk3h_ANIbN60:1v41yd:zMKRyVwQJ7lEQQ8Ou93te1qFUB9oVJR6Usr-cL4RMa0	2025-10-15 18:54:59.341745+00
5antxe8lekpfxp3bebfolo6iqq56yufa	.eJxVjDsOgzAQBe_iOrJ2Ads4ZXrOgPZjB5IIJAxVlLtHliiS9s3Me5uRjn0aj5K2cVZzNY25_G5M8kxLBfqg5b5aWZd9m9lWxZ602GHV9Lqd7t_BRGWqNWDsQdsgqME7BN8wsFMVhxIgUM7InfZNqxpd5kzC0kGILiKQT-bzBd4UOCE:1v42NU:7fxNo2beTqQ-EytrxvyYFEQQgn1VFjeKHe9CwAPM7zE	2025-10-15 19:20:40.412437+00
dw6vxrnesh2ya6bw44kjotp7d6azem7n	.eJxVjEEOwiAQRe_C2hAgA0NduvcMhIFBqgaS0q6Md9cmXej2v_f-S4S4rTVsg5cwZ3EWWpx-N4rpwW0H-R7brcvU27rMJHdFHnTIa8_8vBzu30GNo35rjOCKsViS9iVl7wxqz6BA6UzopwJpciahM8oCETACWMyKmJBJk3h_ANIbN60:1v45Df:wkhjxkYGe8XOq83R3SEkVocRuL3EZifX4RptK77nxBg	2025-10-15 22:22:43.908734+00
wfhfza8vpcbtgdvzb8rkrwi5mfycg5mn	.eJxVjEEOwiAQRe_C2hAgA0NduvcMhIFBqgaS0q6Md9cmXej2v_f-S4S4rTVsg5cwZ3EWWpx-N4rpwW0H-R7brcvU27rMJHdFHnTIa8_8vBzu30GNo35rjOCKsViS9iVl7wxqz6BA6UzopwJpciahM8oCETACWMyKmJBJk3h_ANIbN60:1v45es:DtbTT6dKc7HYiqA-f09izn4VeiTcTKAExrYXV-sS-CE	2025-10-15 22:50:50.26142+00
kz5p9x8up3ga7tu84ghyz5ip4qzs10w6	.eJxVjEEOwiAQRe_C2hAgA0NduvcMhIFBqgaS0q6Md9cmXej2v_f-S4S4rTVsg5cwZ3EWWpx-N4rpwW0H-R7brcvU27rMJHdFHnTIa8_8vBzu30GNo35rjOCKsViS9iVl7wxqz6BA6UzopwJpciahM8oCETACWMyKmJBJk3h_ANIbN60:1v4AGk:JU2Dx3yU12jKOnW3WKUwERG1gHf_Ctl09iteGN5QV0I	2025-10-16 03:46:14.0891+00
xwmgt9w316phf9lrc0aqpnzojlhcdbdy	.eJxVjEEOwiAQRe_C2hAgA0NduvcMhIFBqgaS0q6Md9cmXej2v_f-S4S4rTVsg5cwZ3EWWpx-N4rpwW0H-R7brcvU27rMJHdFHnTIa8_8vBzu30GNo35rjOCKsViS9iVl7wxqz6BA6UzopwJpciahM8oCETACWMyKmJBJk3h_ANIbN60:1v4AUk:RLD7Ijoy3Lt-lgOHsTBVqHt1b0PIYlqY_s2sCsA_DH8	2025-10-16 04:00:42.012886+00
tbjgrg6v24zlqmm6ziqabiqbv9eubw8r	.eJxVjEEOwiAQRe_C2hAgA0NduvcMhIFBqgaS0q6Md9cmXej2v_f-S4S4rTVsg5cwZ3EWWpx-N4rpwW0H-R7brcvU27rMJHdFHnTIa8_8vBzu30GNo35rjOCKsViS9iVl7wxqz6BA6UzopwJpciahM8oCETACWMyKmJBJk3h_ANIbN60:1v4Aec:w3FXwBmDM7SQfjsDWEDP6z6EZlELVyn2Js5kA0rIrik	2025-10-16 04:10:54.740153+00
55xkepstl25hrfhxc75ujaxmq007p01i	.eJxVjEEOwiAQRe_C2hBKpwVcuu8ZCDMMUjWQlHZlvLtt0oVu_3vvv4UP25r91njxcxRX0YnL74aBnlwOEB-h3KukWtZlRnko8qRNTjXy63a6fwc5tLzXaAEUdDz0ihI7CEFbcsYpmxIDgjG9HcaoklOa0CmDBMSaRnAY90R8vtjFOA0:1v7HeI:w2TkW3mmoWkI41LfuoVVievutwCtm7dEGgvPEdXcjtU	2025-10-24 18:15:26.202098+00
l8wt0y3h44r7cnr913jtgrzrkyrjq4fi	.eJxVjEEOwiAQRe_C2hBKpwVcuu8ZCDMMUjWQlHZlvLtt0oVu_3vvv4UP25r91njxcxRX0YnL74aBnlwOEB-h3KukWtZlRnko8qRNTjXy63a6fwc5tLzXaAEUdDz0ihI7CEFbcsYpmxIDgjG9HcaoklOa0CmDBMSaRnAY90R8vtjFOA0:1v7LVU:u-FkLzzSvLDtg9qijkraZStcMildoHwXpQjahih44UY	2025-10-24 22:22:36.527782+00
2kse32hq6fnw70k9lzezjw6a14e3pkv1	.eJxVjEEOwiAQRe_C2hBKpwVcuu8ZCDMMUjWQlHZlvLtt0oVu_3vvv4UP25r91njxcxRX0YnL74aBnlwOEB-h3KukWtZlRnko8qRNTjXy63a6fwc5tLzXaAEUdDz0ihI7CEFbcsYpmxIDgjG9HcaoklOa0CmDBMSaRnAY90R8vtjFOA0:1v7q3H:xtaK40pC9FUcTBP4Ua4-aOusQjuJUA8S60dz11vR6H4	2025-10-26 06:59:31.836348+00
dtt1fwariqym97r8a9niap8sg70rbm1j	.eJxVjEEOwiAQRe_C2hAgA0NduvcMhIFBqgaS0q6Md9cmXej2v_f-S4S4rTVsg5cwZ3EWWpx-N4rpwW0H-R7brcvU27rMJHdFHnTIa8_8vBzu30GNo35rjOCKsViS9iVl7wxqz6BA6UzopwJpciahM8oCETACWMyKmJBJk3h_ANIbN60:1v5vu6:R7WkIiVBUahZ6x60_xMmYhByG123mmofnGYsOm80KKo	2025-10-21 00:50:10.902311+00
hhobj1vnjgkz3k1f3i1p5zeqcehrb99v	.eJxVjDsOwjAQBe_iGln-7RpT0ucM1trr4ABypDipEHeHSCmgfTPzXiLStta49bLEicVFWHH63RLlR2k74Du12yzz3NZlSnJX5EG7HGYuz-vh_h1U6vVbZ42EDsAmk5U3TNazVUExmZHOjCMUzIC6gLLMHh2Ddj4QenCWgxHvD9diN0I:1v6W3z:5SB8aZ1xsK5M-69cHmaPzwIJ-D1WAsRBQogfDnG2czE	2025-10-22 15:26:47.685297+00
bizmviok3trchp2nvqcwvqf7mvsvdyty	.eJxVjEEOwiAQRe_C2hAgA0NduvcMhIFBqgaS0q6Md9cmXej2v_f-S4S4rTVsg5cwZ3EWWpx-N4rpwW0H-R7brcvU27rMJHdFHnTIa8_8vBzu30GNo35rjOCKsViS9iVl7wxqz6BA6UzopwJpciahM8oCETACWMyKmJBJk3h_ANIbN60:1v6Was:WSweArQqW_cN3sYuHP8O3k16mxA2YDz8LuV9P4E4TWM	2025-10-22 16:00:46.514483+00
\.


--
-- Name: auth_group_id_seq; Type: SEQUENCE SET; Schema: public; Owner: maxgonpe
--

SELECT pg_catalog.setval('public.auth_group_id_seq', 1, false);


--
-- Name: auth_group_permissions_id_seq; Type: SEQUENCE SET; Schema: public; Owner: maxgonpe
--

SELECT pg_catalog.setval('public.auth_group_permissions_id_seq', 1, false);


--
-- Name: auth_permission_id_seq; Type: SEQUENCE SET; Schema: public; Owner: maxgonpe
--

SELECT pg_catalog.setval('public.auth_permission_id_seq', 240, true);


--
-- Name: auth_user_groups_id_seq; Type: SEQUENCE SET; Schema: public; Owner: maxgonpe
--

SELECT pg_catalog.setval('public.auth_user_groups_id_seq', 1, false);


--
-- Name: auth_user_id_seq; Type: SEQUENCE SET; Schema: public; Owner: maxgonpe
--

SELECT pg_catalog.setval('public.auth_user_id_seq', 2, true);


--
-- Name: auth_user_user_permissions_id_seq; Type: SEQUENCE SET; Schema: public; Owner: maxgonpe
--

SELECT pg_catalog.setval('public.auth_user_user_permissions_id_seq', 1, false);


--
-- Name: car_accion_id_seq; Type: SEQUENCE SET; Schema: public; Owner: maxgonpe
--

SELECT pg_catalog.setval('public.car_accion_id_seq', 3, true);


--
-- Name: car_administraciontaller_id_seq; Type: SEQUENCE SET; Schema: public; Owner: maxgonpe
--

SELECT pg_catalog.setval('public.car_administraciontaller_id_seq', 1, true);


--
-- Name: car_carritoitem_id_seq; Type: SEQUENCE SET; Schema: public; Owner: maxgonpe
--

SELECT pg_catalog.setval('public.car_carritoitem_id_seq', 46, true);


--
-- Name: car_cliente_id_seq; Type: SEQUENCE SET; Schema: public; Owner: maxgonpe
--

SELECT pg_catalog.setval('public.car_cliente_id_seq', 16, true);


--
-- Name: car_componente_id_seq; Type: SEQUENCE SET; Schema: public; Owner: maxgonpe
--

SELECT pg_catalog.setval('public.car_componente_id_seq', 10, true);


--
-- Name: car_componenteaccion_id_seq; Type: SEQUENCE SET; Schema: public; Owner: maxgonpe
--

SELECT pg_catalog.setval('public.car_componenteaccion_id_seq', 1, false);


--
-- Name: car_componenterepuesto_id_seq; Type: SEQUENCE SET; Schema: public; Owner: maxgonpe
--

SELECT pg_catalog.setval('public.car_componenterepuesto_id_seq', 1, false);


--
-- Name: car_configuracionpos_id_seq; Type: SEQUENCE SET; Schema: public; Owner: maxgonpe
--

SELECT pg_catalog.setval('public.car_configuracionpos_id_seq', 1, true);


--
-- Name: car_cotizacion_id_seq; Type: SEQUENCE SET; Schema: public; Owner: maxgonpe
--

SELECT pg_catalog.setval('public.car_cotizacion_id_seq', 4, true);


--
-- Name: car_cotizacionitem_id_seq; Type: SEQUENCE SET; Schema: public; Owner: maxgonpe
--

SELECT pg_catalog.setval('public.car_cotizacionitem_id_seq', 10, true);


--
-- Name: car_diagnostico_componentes_id_seq; Type: SEQUENCE SET; Schema: public; Owner: maxgonpe
--

SELECT pg_catalog.setval('public.car_diagnostico_componentes_id_seq', 3, true);


--
-- Name: car_diagnostico_id_seq; Type: SEQUENCE SET; Schema: public; Owner: maxgonpe
--

SELECT pg_catalog.setval('public.car_diagnostico_id_seq', 1, true);


--
-- Name: car_diagnosticocomponenteaccion_id_seq; Type: SEQUENCE SET; Schema: public; Owner: maxgonpe
--

SELECT pg_catalog.setval('public.car_diagnosticocomponenteaccion_id_seq', 3, true);


--
-- Name: car_diagnosticorepuesto_id_seq; Type: SEQUENCE SET; Schema: public; Owner: maxgonpe
--

SELECT pg_catalog.setval('public.car_diagnosticorepuesto_id_seq', 1, false);


--
-- Name: car_mecanico_id_seq; Type: SEQUENCE SET; Schema: public; Owner: maxgonpe
--

SELECT pg_catalog.setval('public.car_mecanico_id_seq', 1, true);


--
-- Name: car_prefijorepuesto_id_seq; Type: SEQUENCE SET; Schema: public; Owner: maxgonpe
--

SELECT pg_catalog.setval('public.car_prefijorepuesto_id_seq', 1, false);


--
-- Name: car_reparacion_id_seq; Type: SEQUENCE SET; Schema: public; Owner: maxgonpe
--

SELECT pg_catalog.setval('public.car_reparacion_id_seq', 1, false);


--
-- Name: car_repuesto_id_seq; Type: SEQUENCE SET; Schema: public; Owner: maxgonpe
--

SELECT pg_catalog.setval('public.car_repuesto_id_seq', 4, true);


--
-- Name: car_repuestoaplicacion_id_seq; Type: SEQUENCE SET; Schema: public; Owner: maxgonpe
--

SELECT pg_catalog.setval('public.car_repuestoaplicacion_id_seq', 1, false);


--
-- Name: car_repuestoenstock_id_seq; Type: SEQUENCE SET; Schema: public; Owner: maxgonpe
--

SELECT pg_catalog.setval('public.car_repuestoenstock_id_seq', 2, true);


--
-- Name: car_sesionventa_id_seq; Type: SEQUENCE SET; Schema: public; Owner: maxgonpe
--

SELECT pg_catalog.setval('public.car_sesionventa_id_seq', 6, true);


--
-- Name: car_stockmovimiento_id_seq; Type: SEQUENCE SET; Schema: public; Owner: maxgonpe
--

SELECT pg_catalog.setval('public.car_stockmovimiento_id_seq', 1, false);


--
-- Name: car_trabajo_componentes_id_seq; Type: SEQUENCE SET; Schema: public; Owner: maxgonpe
--

SELECT pg_catalog.setval('public.car_trabajo_componentes_id_seq', 3, true);


--
-- Name: car_trabajo_id_seq; Type: SEQUENCE SET; Schema: public; Owner: maxgonpe
--

SELECT pg_catalog.setval('public.car_trabajo_id_seq', 1, true);


--
-- Name: car_trabajo_mecanicos_id_seq; Type: SEQUENCE SET; Schema: public; Owner: maxgonpe
--

SELECT pg_catalog.setval('public.car_trabajo_mecanicos_id_seq', 1, false);


--
-- Name: car_trabajoaccion_id_seq; Type: SEQUENCE SET; Schema: public; Owner: maxgonpe
--

SELECT pg_catalog.setval('public.car_trabajoaccion_id_seq', 3, true);


--
-- Name: car_trabajofoto_id_seq; Type: SEQUENCE SET; Schema: public; Owner: maxgonpe
--

SELECT pg_catalog.setval('public.car_trabajofoto_id_seq', 1, false);


--
-- Name: car_trabajorepuesto_id_seq; Type: SEQUENCE SET; Schema: public; Owner: maxgonpe
--

SELECT pg_catalog.setval('public.car_trabajorepuesto_id_seq', 1, false);


--
-- Name: car_vehiculo_id_seq; Type: SEQUENCE SET; Schema: public; Owner: maxgonpe
--

SELECT pg_catalog.setval('public.car_vehiculo_id_seq', 4, true);


--
-- Name: car_vehiculoversion_id_seq; Type: SEQUENCE SET; Schema: public; Owner: maxgonpe
--

SELECT pg_catalog.setval('public.car_vehiculoversion_id_seq', 1, false);


--
-- Name: car_venta_id_seq; Type: SEQUENCE SET; Schema: public; Owner: maxgonpe
--

SELECT pg_catalog.setval('public.car_venta_id_seq', 1, false);


--
-- Name: car_ventaitem_id_seq; Type: SEQUENCE SET; Schema: public; Owner: maxgonpe
--

SELECT pg_catalog.setval('public.car_ventaitem_id_seq', 1, false);


--
-- Name: car_ventapos_id_seq; Type: SEQUENCE SET; Schema: public; Owner: maxgonpe
--

SELECT pg_catalog.setval('public.car_ventapos_id_seq', 3, true);


--
-- Name: car_ventapositem_id_seq; Type: SEQUENCE SET; Schema: public; Owner: maxgonpe
--

SELECT pg_catalog.setval('public.car_ventapositem_id_seq', 3, true);


--
-- Name: django_admin_log_id_seq; Type: SEQUENCE SET; Schema: public; Owner: maxgonpe
--

SELECT pg_catalog.setval('public.django_admin_log_id_seq', 4, true);


--
-- Name: django_content_type_id_seq; Type: SEQUENCE SET; Schema: public; Owner: maxgonpe
--

SELECT pg_catalog.setval('public.django_content_type_id_seq', 63, true);


--
-- Name: django_migrations_id_seq; Type: SEQUENCE SET; Schema: public; Owner: maxgonpe
--

SELECT pg_catalog.setval('public.django_migrations_id_seq', 69, true);


--
-- Name: auth_group auth_group_name_key; Type: CONSTRAINT; Schema: public; Owner: maxgonpe
--

ALTER TABLE ONLY public.auth_group
    ADD CONSTRAINT auth_group_name_key UNIQUE (name);


--
-- Name: auth_group_permissions auth_group_permissions_group_id_permission_id_0cd325b0_uniq; Type: CONSTRAINT; Schema: public; Owner: maxgonpe
--

ALTER TABLE ONLY public.auth_group_permissions
    ADD CONSTRAINT auth_group_permissions_group_id_permission_id_0cd325b0_uniq UNIQUE (group_id, permission_id);


--
-- Name: auth_group_permissions auth_group_permissions_pkey; Type: CONSTRAINT; Schema: public; Owner: maxgonpe
--

ALTER TABLE ONLY public.auth_group_permissions
    ADD CONSTRAINT auth_group_permissions_pkey PRIMARY KEY (id);


--
-- Name: auth_group auth_group_pkey; Type: CONSTRAINT; Schema: public; Owner: maxgonpe
--

ALTER TABLE ONLY public.auth_group
    ADD CONSTRAINT auth_group_pkey PRIMARY KEY (id);


--
-- Name: auth_permission auth_permission_content_type_id_codename_01ab375a_uniq; Type: CONSTRAINT; Schema: public; Owner: maxgonpe
--

ALTER TABLE ONLY public.auth_permission
    ADD CONSTRAINT auth_permission_content_type_id_codename_01ab375a_uniq UNIQUE (content_type_id, codename);


--
-- Name: auth_permission auth_permission_pkey; Type: CONSTRAINT; Schema: public; Owner: maxgonpe
--

ALTER TABLE ONLY public.auth_permission
    ADD CONSTRAINT auth_permission_pkey PRIMARY KEY (id);


--
-- Name: auth_user_groups auth_user_groups_pkey; Type: CONSTRAINT; Schema: public; Owner: maxgonpe
--

ALTER TABLE ONLY public.auth_user_groups
    ADD CONSTRAINT auth_user_groups_pkey PRIMARY KEY (id);


--
-- Name: auth_user_groups auth_user_groups_user_id_group_id_94350c0c_uniq; Type: CONSTRAINT; Schema: public; Owner: maxgonpe
--

ALTER TABLE ONLY public.auth_user_groups
    ADD CONSTRAINT auth_user_groups_user_id_group_id_94350c0c_uniq UNIQUE (user_id, group_id);


--
-- Name: auth_user auth_user_pkey; Type: CONSTRAINT; Schema: public; Owner: maxgonpe
--

ALTER TABLE ONLY public.auth_user
    ADD CONSTRAINT auth_user_pkey PRIMARY KEY (id);


--
-- Name: auth_user_user_permissions auth_user_user_permissions_pkey; Type: CONSTRAINT; Schema: public; Owner: maxgonpe
--

ALTER TABLE ONLY public.auth_user_user_permissions
    ADD CONSTRAINT auth_user_user_permissions_pkey PRIMARY KEY (id);


--
-- Name: auth_user_user_permissions auth_user_user_permissions_user_id_permission_id_14a6b632_uniq; Type: CONSTRAINT; Schema: public; Owner: maxgonpe
--

ALTER TABLE ONLY public.auth_user_user_permissions
    ADD CONSTRAINT auth_user_user_permissions_user_id_permission_id_14a6b632_uniq UNIQUE (user_id, permission_id);


--
-- Name: auth_user auth_user_username_key; Type: CONSTRAINT; Schema: public; Owner: maxgonpe
--

ALTER TABLE ONLY public.auth_user
    ADD CONSTRAINT auth_user_username_key UNIQUE (username);


--
-- Name: car_accion car_accion_nombre_key; Type: CONSTRAINT; Schema: public; Owner: maxgonpe
--

ALTER TABLE ONLY public.car_accion
    ADD CONSTRAINT car_accion_nombre_key UNIQUE (nombre);


--
-- Name: car_accion car_accion_pkey; Type: CONSTRAINT; Schema: public; Owner: maxgonpe
--

ALTER TABLE ONLY public.car_accion
    ADD CONSTRAINT car_accion_pkey PRIMARY KEY (id);


--
-- Name: car_administraciontaller car_administraciontaller_pkey; Type: CONSTRAINT; Schema: public; Owner: maxgonpe
--

ALTER TABLE ONLY public.car_administraciontaller
    ADD CONSTRAINT car_administraciontaller_pkey PRIMARY KEY (id);


--
-- Name: car_carritoitem car_carritoitem_pkey; Type: CONSTRAINT; Schema: public; Owner: maxgonpe
--

ALTER TABLE ONLY public.car_carritoitem
    ADD CONSTRAINT car_carritoitem_pkey PRIMARY KEY (id);


--
-- Name: car_cliente car_cliente_pkey; Type: CONSTRAINT; Schema: public; Owner: maxgonpe
--

ALTER TABLE ONLY public.car_cliente
    ADD CONSTRAINT car_cliente_pkey PRIMARY KEY (id);


--
-- Name: car_cliente_taller car_cliente_taller_pkey; Type: CONSTRAINT; Schema: public; Owner: maxgonpe
--

ALTER TABLE ONLY public.car_cliente_taller
    ADD CONSTRAINT car_cliente_taller_pkey PRIMARY KEY (rut);


--
-- Name: car_componente car_componente_codigo_key; Type: CONSTRAINT; Schema: public; Owner: maxgonpe
--

ALTER TABLE ONLY public.car_componente
    ADD CONSTRAINT car_componente_codigo_key UNIQUE (codigo);


--
-- Name: car_componente car_componente_pkey; Type: CONSTRAINT; Schema: public; Owner: maxgonpe
--

ALTER TABLE ONLY public.car_componente
    ADD CONSTRAINT car_componente_pkey PRIMARY KEY (id);


--
-- Name: car_componenteaccion car_componenteaccion_componente_id_accion_id_1e85e9c2_uniq; Type: CONSTRAINT; Schema: public; Owner: maxgonpe
--

ALTER TABLE ONLY public.car_componenteaccion
    ADD CONSTRAINT car_componenteaccion_componente_id_accion_id_1e85e9c2_uniq UNIQUE (componente_id, accion_id);


--
-- Name: car_componenteaccion car_componenteaccion_pkey; Type: CONSTRAINT; Schema: public; Owner: maxgonpe
--

ALTER TABLE ONLY public.car_componenteaccion
    ADD CONSTRAINT car_componenteaccion_pkey PRIMARY KEY (id);


--
-- Name: car_componenterepuesto car_componenterepuesto_componente_id_repuesto_id_3a281d18_uniq; Type: CONSTRAINT; Schema: public; Owner: maxgonpe
--

ALTER TABLE ONLY public.car_componenterepuesto
    ADD CONSTRAINT car_componenterepuesto_componente_id_repuesto_id_3a281d18_uniq UNIQUE (componente_id, repuesto_id);


--
-- Name: car_componenterepuesto car_componenterepuesto_pkey; Type: CONSTRAINT; Schema: public; Owner: maxgonpe
--

ALTER TABLE ONLY public.car_componenterepuesto
    ADD CONSTRAINT car_componenterepuesto_pkey PRIMARY KEY (id);


--
-- Name: car_configuracionpos car_configuracionpos_pkey; Type: CONSTRAINT; Schema: public; Owner: maxgonpe
--

ALTER TABLE ONLY public.car_configuracionpos
    ADD CONSTRAINT car_configuracionpos_pkey PRIMARY KEY (id);


--
-- Name: car_cotizacion car_cotizacion_pkey; Type: CONSTRAINT; Schema: public; Owner: maxgonpe
--

ALTER TABLE ONLY public.car_cotizacion
    ADD CONSTRAINT car_cotizacion_pkey PRIMARY KEY (id);


--
-- Name: car_cotizacionitem car_cotizacionitem_pkey; Type: CONSTRAINT; Schema: public; Owner: maxgonpe
--

ALTER TABLE ONLY public.car_cotizacionitem
    ADD CONSTRAINT car_cotizacionitem_pkey PRIMARY KEY (id);


--
-- Name: car_diagnostico_componentes car_diagnostico_componen_diagnostico_id_component_ba79b744_uniq; Type: CONSTRAINT; Schema: public; Owner: maxgonpe
--

ALTER TABLE ONLY public.car_diagnostico_componentes
    ADD CONSTRAINT car_diagnostico_componen_diagnostico_id_component_ba79b744_uniq UNIQUE (diagnostico_id, componente_id);


--
-- Name: car_diagnostico_componentes car_diagnostico_componentes_pkey; Type: CONSTRAINT; Schema: public; Owner: maxgonpe
--

ALTER TABLE ONLY public.car_diagnostico_componentes
    ADD CONSTRAINT car_diagnostico_componentes_pkey PRIMARY KEY (id);


--
-- Name: car_diagnostico car_diagnostico_pkey; Type: CONSTRAINT; Schema: public; Owner: maxgonpe
--

ALTER TABLE ONLY public.car_diagnostico
    ADD CONSTRAINT car_diagnostico_pkey PRIMARY KEY (id);


--
-- Name: car_diagnosticocomponenteaccion car_diagnosticocomponenteaccion_pkey; Type: CONSTRAINT; Schema: public; Owner: maxgonpe
--

ALTER TABLE ONLY public.car_diagnosticocomponenteaccion
    ADD CONSTRAINT car_diagnosticocomponenteaccion_pkey PRIMARY KEY (id);


--
-- Name: car_diagnosticorepuesto car_diagnosticorepuesto_pkey; Type: CONSTRAINT; Schema: public; Owner: maxgonpe
--

ALTER TABLE ONLY public.car_diagnosticorepuesto
    ADD CONSTRAINT car_diagnosticorepuesto_pkey PRIMARY KEY (id);


--
-- Name: car_mecanico car_mecanico_pkey; Type: CONSTRAINT; Schema: public; Owner: maxgonpe
--

ALTER TABLE ONLY public.car_mecanico
    ADD CONSTRAINT car_mecanico_pkey PRIMARY KEY (id);


--
-- Name: car_mecanico car_mecanico_user_id_key; Type: CONSTRAINT; Schema: public; Owner: maxgonpe
--

ALTER TABLE ONLY public.car_mecanico
    ADD CONSTRAINT car_mecanico_user_id_key UNIQUE (user_id);


--
-- Name: car_prefijorepuesto car_prefijorepuesto_palabra_key; Type: CONSTRAINT; Schema: public; Owner: maxgonpe
--

ALTER TABLE ONLY public.car_prefijorepuesto
    ADD CONSTRAINT car_prefijorepuesto_palabra_key UNIQUE (palabra);


--
-- Name: car_prefijorepuesto car_prefijorepuesto_pkey; Type: CONSTRAINT; Schema: public; Owner: maxgonpe
--

ALTER TABLE ONLY public.car_prefijorepuesto
    ADD CONSTRAINT car_prefijorepuesto_pkey PRIMARY KEY (id);


--
-- Name: car_reparacion car_reparacion_pkey; Type: CONSTRAINT; Schema: public; Owner: maxgonpe
--

ALTER TABLE ONLY public.car_reparacion
    ADD CONSTRAINT car_reparacion_pkey PRIMARY KEY (id);


--
-- Name: car_repuesto car_repuesto_codigo_barra_key; Type: CONSTRAINT; Schema: public; Owner: maxgonpe
--

ALTER TABLE ONLY public.car_repuesto
    ADD CONSTRAINT car_repuesto_codigo_barra_key UNIQUE (codigo_barra);


--
-- Name: car_repuesto car_repuesto_pkey; Type: CONSTRAINT; Schema: public; Owner: maxgonpe
--

ALTER TABLE ONLY public.car_repuesto
    ADD CONSTRAINT car_repuesto_pkey PRIMARY KEY (id);


--
-- Name: car_repuesto car_repuesto_sku_key; Type: CONSTRAINT; Schema: public; Owner: maxgonpe
--

ALTER TABLE ONLY public.car_repuesto
    ADD CONSTRAINT car_repuesto_sku_key UNIQUE (sku);


--
-- Name: car_repuestoaplicacion car_repuestoaplicacion_pkey; Type: CONSTRAINT; Schema: public; Owner: maxgonpe
--

ALTER TABLE ONLY public.car_repuestoaplicacion
    ADD CONSTRAINT car_repuestoaplicacion_pkey PRIMARY KEY (id);


--
-- Name: car_repuestoaplicacion car_repuestoaplicacion_repuesto_id_version_id_6d4599cd_uniq; Type: CONSTRAINT; Schema: public; Owner: maxgonpe
--

ALTER TABLE ONLY public.car_repuestoaplicacion
    ADD CONSTRAINT car_repuestoaplicacion_repuesto_id_version_id_6d4599cd_uniq UNIQUE (repuesto_id, version_id);


--
-- Name: car_repuestoenstock car_repuestoenstock_pkey; Type: CONSTRAINT; Schema: public; Owner: maxgonpe
--

ALTER TABLE ONLY public.car_repuestoenstock
    ADD CONSTRAINT car_repuestoenstock_pkey PRIMARY KEY (id);


--
-- Name: car_repuestoenstock car_repuestoenstock_repuesto_id_deposito_pro_cfa796e3_uniq; Type: CONSTRAINT; Schema: public; Owner: maxgonpe
--

ALTER TABLE ONLY public.car_repuestoenstock
    ADD CONSTRAINT car_repuestoenstock_repuesto_id_deposito_pro_cfa796e3_uniq UNIQUE (repuesto_id, deposito, proveedor);


--
-- Name: car_sesionventa car_sesionventa_pkey; Type: CONSTRAINT; Schema: public; Owner: maxgonpe
--

ALTER TABLE ONLY public.car_sesionventa
    ADD CONSTRAINT car_sesionventa_pkey PRIMARY KEY (id);


--
-- Name: car_stockmovimiento car_stockmovimiento_pkey; Type: CONSTRAINT; Schema: public; Owner: maxgonpe
--

ALTER TABLE ONLY public.car_stockmovimiento
    ADD CONSTRAINT car_stockmovimiento_pkey PRIMARY KEY (id);


--
-- Name: car_trabajo_componentes car_trabajo_componentes_pkey; Type: CONSTRAINT; Schema: public; Owner: maxgonpe
--

ALTER TABLE ONLY public.car_trabajo_componentes
    ADD CONSTRAINT car_trabajo_componentes_pkey PRIMARY KEY (id);


--
-- Name: car_trabajo_componentes car_trabajo_componentes_trabajo_id_componente_id_70c4f2ab_uniq; Type: CONSTRAINT; Schema: public; Owner: maxgonpe
--

ALTER TABLE ONLY public.car_trabajo_componentes
    ADD CONSTRAINT car_trabajo_componentes_trabajo_id_componente_id_70c4f2ab_uniq UNIQUE (trabajo_id, componente_id);


--
-- Name: car_trabajo car_trabajo_diagnostico_id_key; Type: CONSTRAINT; Schema: public; Owner: maxgonpe
--

ALTER TABLE ONLY public.car_trabajo
    ADD CONSTRAINT car_trabajo_diagnostico_id_key UNIQUE (diagnostico_id);


--
-- Name: car_trabajo_mecanicos car_trabajo_mecanicos_pkey; Type: CONSTRAINT; Schema: public; Owner: maxgonpe
--

ALTER TABLE ONLY public.car_trabajo_mecanicos
    ADD CONSTRAINT car_trabajo_mecanicos_pkey PRIMARY KEY (id);


--
-- Name: car_trabajo_mecanicos car_trabajo_mecanicos_trabajo_id_mecanico_id_f8708066_uniq; Type: CONSTRAINT; Schema: public; Owner: maxgonpe
--

ALTER TABLE ONLY public.car_trabajo_mecanicos
    ADD CONSTRAINT car_trabajo_mecanicos_trabajo_id_mecanico_id_f8708066_uniq UNIQUE (trabajo_id, mecanico_id);


--
-- Name: car_trabajo car_trabajo_pkey; Type: CONSTRAINT; Schema: public; Owner: maxgonpe
--

ALTER TABLE ONLY public.car_trabajo
    ADD CONSTRAINT car_trabajo_pkey PRIMARY KEY (id);


--
-- Name: car_trabajoaccion car_trabajoaccion_pkey; Type: CONSTRAINT; Schema: public; Owner: maxgonpe
--

ALTER TABLE ONLY public.car_trabajoaccion
    ADD CONSTRAINT car_trabajoaccion_pkey PRIMARY KEY (id);


--
-- Name: car_trabajofoto car_trabajofoto_pkey; Type: CONSTRAINT; Schema: public; Owner: maxgonpe
--

ALTER TABLE ONLY public.car_trabajofoto
    ADD CONSTRAINT car_trabajofoto_pkey PRIMARY KEY (id);


--
-- Name: car_trabajorepuesto car_trabajorepuesto_pkey; Type: CONSTRAINT; Schema: public; Owner: maxgonpe
--

ALTER TABLE ONLY public.car_trabajorepuesto
    ADD CONSTRAINT car_trabajorepuesto_pkey PRIMARY KEY (id);


--
-- Name: car_vehiculo car_vehiculo_pkey; Type: CONSTRAINT; Schema: public; Owner: maxgonpe
--

ALTER TABLE ONLY public.car_vehiculo
    ADD CONSTRAINT car_vehiculo_pkey PRIMARY KEY (id);


--
-- Name: car_vehiculoversion car_vehiculoversion_marca_modelo_anio_desde__42930ce2_uniq; Type: CONSTRAINT; Schema: public; Owner: maxgonpe
--

ALTER TABLE ONLY public.car_vehiculoversion
    ADD CONSTRAINT car_vehiculoversion_marca_modelo_anio_desde__42930ce2_uniq UNIQUE (marca, modelo, anio_desde, anio_hasta);


--
-- Name: car_vehiculoversion car_vehiculoversion_pkey; Type: CONSTRAINT; Schema: public; Owner: maxgonpe
--

ALTER TABLE ONLY public.car_vehiculoversion
    ADD CONSTRAINT car_vehiculoversion_pkey PRIMARY KEY (id);


--
-- Name: car_venta car_venta_pkey; Type: CONSTRAINT; Schema: public; Owner: maxgonpe
--

ALTER TABLE ONLY public.car_venta
    ADD CONSTRAINT car_venta_pkey PRIMARY KEY (id);


--
-- Name: car_ventaitem car_ventaitem_pkey; Type: CONSTRAINT; Schema: public; Owner: maxgonpe
--

ALTER TABLE ONLY public.car_ventaitem
    ADD CONSTRAINT car_ventaitem_pkey PRIMARY KEY (id);


--
-- Name: car_ventapos car_ventapos_pkey; Type: CONSTRAINT; Schema: public; Owner: maxgonpe
--

ALTER TABLE ONLY public.car_ventapos
    ADD CONSTRAINT car_ventapos_pkey PRIMARY KEY (id);


--
-- Name: car_ventapositem car_ventapositem_pkey; Type: CONSTRAINT; Schema: public; Owner: maxgonpe
--

ALTER TABLE ONLY public.car_ventapositem
    ADD CONSTRAINT car_ventapositem_pkey PRIMARY KEY (id);


--
-- Name: django_admin_log django_admin_log_pkey; Type: CONSTRAINT; Schema: public; Owner: maxgonpe
--

ALTER TABLE ONLY public.django_admin_log
    ADD CONSTRAINT django_admin_log_pkey PRIMARY KEY (id);


--
-- Name: django_content_type django_content_type_app_label_model_76bd3d3b_uniq; Type: CONSTRAINT; Schema: public; Owner: maxgonpe
--

ALTER TABLE ONLY public.django_content_type
    ADD CONSTRAINT django_content_type_app_label_model_76bd3d3b_uniq UNIQUE (app_label, model);


--
-- Name: django_content_type django_content_type_pkey; Type: CONSTRAINT; Schema: public; Owner: maxgonpe
--

ALTER TABLE ONLY public.django_content_type
    ADD CONSTRAINT django_content_type_pkey PRIMARY KEY (id);


--
-- Name: django_migrations django_migrations_pkey; Type: CONSTRAINT; Schema: public; Owner: maxgonpe
--

ALTER TABLE ONLY public.django_migrations
    ADD CONSTRAINT django_migrations_pkey PRIMARY KEY (id);


--
-- Name: django_session django_session_pkey; Type: CONSTRAINT; Schema: public; Owner: maxgonpe
--

ALTER TABLE ONLY public.django_session
    ADD CONSTRAINT django_session_pkey PRIMARY KEY (session_key);


--
-- Name: car_componente unique_nombre_por_padre; Type: CONSTRAINT; Schema: public; Owner: maxgonpe
--

ALTER TABLE ONLY public.car_componente
    ADD CONSTRAINT unique_nombre_por_padre UNIQUE (padre_id, nombre);


--
-- Name: auth_group_name_a6ea08ec_like; Type: INDEX; Schema: public; Owner: maxgonpe
--

CREATE INDEX auth_group_name_a6ea08ec_like ON public.auth_group USING btree (name varchar_pattern_ops);


--
-- Name: auth_group_permissions_group_id_b120cbf9; Type: INDEX; Schema: public; Owner: maxgonpe
--

CREATE INDEX auth_group_permissions_group_id_b120cbf9 ON public.auth_group_permissions USING btree (group_id);


--
-- Name: auth_group_permissions_permission_id_84c5c92e; Type: INDEX; Schema: public; Owner: maxgonpe
--

CREATE INDEX auth_group_permissions_permission_id_84c5c92e ON public.auth_group_permissions USING btree (permission_id);


--
-- Name: auth_permission_content_type_id_2f476e4b; Type: INDEX; Schema: public; Owner: maxgonpe
--

CREATE INDEX auth_permission_content_type_id_2f476e4b ON public.auth_permission USING btree (content_type_id);


--
-- Name: auth_user_groups_group_id_97559544; Type: INDEX; Schema: public; Owner: maxgonpe
--

CREATE INDEX auth_user_groups_group_id_97559544 ON public.auth_user_groups USING btree (group_id);


--
-- Name: auth_user_groups_user_id_6a12ed8b; Type: INDEX; Schema: public; Owner: maxgonpe
--

CREATE INDEX auth_user_groups_user_id_6a12ed8b ON public.auth_user_groups USING btree (user_id);


--
-- Name: auth_user_user_permissions_permission_id_1fbb5f2c; Type: INDEX; Schema: public; Owner: maxgonpe
--

CREATE INDEX auth_user_user_permissions_permission_id_1fbb5f2c ON public.auth_user_user_permissions USING btree (permission_id);


--
-- Name: auth_user_user_permissions_user_id_a95ead1b; Type: INDEX; Schema: public; Owner: maxgonpe
--

CREATE INDEX auth_user_user_permissions_user_id_a95ead1b ON public.auth_user_user_permissions USING btree (user_id);


--
-- Name: auth_user_username_6821ab7c_like; Type: INDEX; Schema: public; Owner: maxgonpe
--

CREATE INDEX auth_user_username_6821ab7c_like ON public.auth_user USING btree (username varchar_pattern_ops);


--
-- Name: car_accion_nombre_aa048068_like; Type: INDEX; Schema: public; Owner: maxgonpe
--

CREATE INDEX car_accion_nombre_aa048068_like ON public.car_accion USING btree (nombre varchar_pattern_ops);


--
-- Name: car_administraciontaller_creado_por_id_3a282ed8; Type: INDEX; Schema: public; Owner: maxgonpe
--

CREATE INDEX car_administraciontaller_creado_por_id_3a282ed8 ON public.car_administraciontaller USING btree (creado_por_id);


--
-- Name: car_carritoitem_repuesto_id_3051ce1f; Type: INDEX; Schema: public; Owner: maxgonpe
--

CREATE INDEX car_carritoitem_repuesto_id_3051ce1f ON public.car_carritoitem USING btree (repuesto_id);


--
-- Name: car_carritoitem_sesion_id_65dc8f7c; Type: INDEX; Schema: public; Owner: maxgonpe
--

CREATE INDEX car_carritoitem_sesion_id_65dc8f7c ON public.car_carritoitem USING btree (sesion_id);


--
-- Name: car_cliente_taller_rut_170a835a_like; Type: INDEX; Schema: public; Owner: maxgonpe
--

CREATE INDEX car_cliente_taller_rut_170a835a_like ON public.car_cliente_taller USING btree (rut varchar_pattern_ops);


--
-- Name: car_compone_codigo_43a54b_idx; Type: INDEX; Schema: public; Owner: maxgonpe
--

CREATE INDEX car_compone_codigo_43a54b_idx ON public.car_componente USING btree (codigo);


--
-- Name: car_componente_codigo_5940ef0b_like; Type: INDEX; Schema: public; Owner: maxgonpe
--

CREATE INDEX car_componente_codigo_5940ef0b_like ON public.car_componente USING btree (codigo varchar_pattern_ops);


--
-- Name: car_componente_padre_id_d2846bc1; Type: INDEX; Schema: public; Owner: maxgonpe
--

CREATE INDEX car_componente_padre_id_d2846bc1 ON public.car_componente USING btree (padre_id);


--
-- Name: car_componenteaccion_accion_id_ec9756d9; Type: INDEX; Schema: public; Owner: maxgonpe
--

CREATE INDEX car_componenteaccion_accion_id_ec9756d9 ON public.car_componenteaccion USING btree (accion_id);


--
-- Name: car_componenteaccion_componente_id_0b2207ef; Type: INDEX; Schema: public; Owner: maxgonpe
--

CREATE INDEX car_componenteaccion_componente_id_0b2207ef ON public.car_componenteaccion USING btree (componente_id);


--
-- Name: car_componenterepuesto_componente_id_1fa805e7; Type: INDEX; Schema: public; Owner: maxgonpe
--

CREATE INDEX car_componenterepuesto_componente_id_1fa805e7 ON public.car_componenterepuesto USING btree (componente_id);


--
-- Name: car_componenterepuesto_repuesto_id_df10479b; Type: INDEX; Schema: public; Owner: maxgonpe
--

CREATE INDEX car_componenterepuesto_repuesto_id_df10479b ON public.car_componenterepuesto USING btree (repuesto_id);


--
-- Name: car_cotizacion_cliente_id_b2b116a5; Type: INDEX; Schema: public; Owner: maxgonpe
--

CREATE INDEX car_cotizacion_cliente_id_b2b116a5 ON public.car_cotizacion USING btree (cliente_id);


--
-- Name: car_cotizacion_sesion_id_b7ce2146; Type: INDEX; Schema: public; Owner: maxgonpe
--

CREATE INDEX car_cotizacion_sesion_id_b7ce2146 ON public.car_cotizacion USING btree (sesion_id);


--
-- Name: car_cotizacion_usuario_id_517b5aa2; Type: INDEX; Schema: public; Owner: maxgonpe
--

CREATE INDEX car_cotizacion_usuario_id_517b5aa2 ON public.car_cotizacion USING btree (usuario_id);


--
-- Name: car_cotizacionitem_cotizacion_id_39c98921; Type: INDEX; Schema: public; Owner: maxgonpe
--

CREATE INDEX car_cotizacionitem_cotizacion_id_39c98921 ON public.car_cotizacionitem USING btree (cotizacion_id);


--
-- Name: car_cotizacionitem_repuesto_id_be8893f0; Type: INDEX; Schema: public; Owner: maxgonpe
--

CREATE INDEX car_cotizacionitem_repuesto_id_be8893f0 ON public.car_cotizacionitem USING btree (repuesto_id);


--
-- Name: car_diagnostico_componentes_componente_id_2453d0fe; Type: INDEX; Schema: public; Owner: maxgonpe
--

CREATE INDEX car_diagnostico_componentes_componente_id_2453d0fe ON public.car_diagnostico_componentes USING btree (componente_id);


--
-- Name: car_diagnostico_componentes_diagnostico_id_5a6951d5; Type: INDEX; Schema: public; Owner: maxgonpe
--

CREATE INDEX car_diagnostico_componentes_diagnostico_id_5a6951d5 ON public.car_diagnostico_componentes USING btree (diagnostico_id);


--
-- Name: car_diagnostico_vehiculo_id_b0427bf2; Type: INDEX; Schema: public; Owner: maxgonpe
--

CREATE INDEX car_diagnostico_vehiculo_id_b0427bf2 ON public.car_diagnostico USING btree (vehiculo_id);


--
-- Name: car_diagnosticocomponenteaccion_accion_id_d36e38f4; Type: INDEX; Schema: public; Owner: maxgonpe
--

CREATE INDEX car_diagnosticocomponenteaccion_accion_id_d36e38f4 ON public.car_diagnosticocomponenteaccion USING btree (accion_id);


--
-- Name: car_diagnosticocomponenteaccion_componente_id_90517fd6; Type: INDEX; Schema: public; Owner: maxgonpe
--

CREATE INDEX car_diagnosticocomponenteaccion_componente_id_90517fd6 ON public.car_diagnosticocomponenteaccion USING btree (componente_id);


--
-- Name: car_diagnosticocomponenteaccion_diagnostico_id_761f1cc4; Type: INDEX; Schema: public; Owner: maxgonpe
--

CREATE INDEX car_diagnosticocomponenteaccion_diagnostico_id_761f1cc4 ON public.car_diagnosticocomponenteaccion USING btree (diagnostico_id);


--
-- Name: car_diagnosticorepuesto_diagnostico_id_92e8d55e; Type: INDEX; Schema: public; Owner: maxgonpe
--

CREATE INDEX car_diagnosticorepuesto_diagnostico_id_92e8d55e ON public.car_diagnosticorepuesto USING btree (diagnostico_id);


--
-- Name: car_diagnosticorepuesto_repuesto_id_089d3a7d; Type: INDEX; Schema: public; Owner: maxgonpe
--

CREATE INDEX car_diagnosticorepuesto_repuesto_id_089d3a7d ON public.car_diagnosticorepuesto USING btree (repuesto_id);


--
-- Name: car_diagnosticorepuesto_repuesto_stock_id_8e5b68a1; Type: INDEX; Schema: public; Owner: maxgonpe
--

CREATE INDEX car_diagnosticorepuesto_repuesto_stock_id_8e5b68a1 ON public.car_diagnosticorepuesto USING btree (repuesto_stock_id);


--
-- Name: car_prefijorepuesto_palabra_641bb170_like; Type: INDEX; Schema: public; Owner: maxgonpe
--

CREATE INDEX car_prefijorepuesto_palabra_641bb170_like ON public.car_prefijorepuesto USING btree (palabra varchar_pattern_ops);


--
-- Name: car_reparacion_diagnostico_id_700618d5; Type: INDEX; Schema: public; Owner: maxgonpe
--

CREATE INDEX car_reparacion_diagnostico_id_700618d5 ON public.car_reparacion USING btree (diagnostico_id);


--
-- Name: car_repuesto_codigo_barra_1ae1bd28_like; Type: INDEX; Schema: public; Owner: maxgonpe
--

CREATE INDEX car_repuesto_codigo_barra_1ae1bd28_like ON public.car_repuesto USING btree (codigo_barra varchar_pattern_ops);


--
-- Name: car_repuesto_sku_e0646a0d_like; Type: INDEX; Schema: public; Owner: maxgonpe
--

CREATE INDEX car_repuesto_sku_e0646a0d_like ON public.car_repuesto USING btree (sku varchar_pattern_ops);


--
-- Name: car_repuestoaplicacion_repuesto_id_ff3d6c75; Type: INDEX; Schema: public; Owner: maxgonpe
--

CREATE INDEX car_repuestoaplicacion_repuesto_id_ff3d6c75 ON public.car_repuestoaplicacion USING btree (repuesto_id);


--
-- Name: car_repuestoaplicacion_version_id_3a710ed4; Type: INDEX; Schema: public; Owner: maxgonpe
--

CREATE INDEX car_repuestoaplicacion_version_id_3a710ed4 ON public.car_repuestoaplicacion USING btree (version_id);


--
-- Name: car_repuestoenstock_repuesto_id_a354e6ca; Type: INDEX; Schema: public; Owner: maxgonpe
--

CREATE INDEX car_repuestoenstock_repuesto_id_a354e6ca ON public.car_repuestoenstock USING btree (repuesto_id);


--
-- Name: car_sesionventa_usuario_id_69cce82e; Type: INDEX; Schema: public; Owner: maxgonpe
--

CREATE INDEX car_sesionventa_usuario_id_69cce82e ON public.car_sesionventa USING btree (usuario_id);


--
-- Name: car_stockmovimiento_repuesto_stock_id_f2789074; Type: INDEX; Schema: public; Owner: maxgonpe
--

CREATE INDEX car_stockmovimiento_repuesto_stock_id_f2789074 ON public.car_stockmovimiento USING btree (repuesto_stock_id);


--
-- Name: car_stockmovimiento_usuario_id_527cf94a; Type: INDEX; Schema: public; Owner: maxgonpe
--

CREATE INDEX car_stockmovimiento_usuario_id_527cf94a ON public.car_stockmovimiento USING btree (usuario_id);


--
-- Name: car_trabajo_componentes_componente_id_505bae17; Type: INDEX; Schema: public; Owner: maxgonpe
--

CREATE INDEX car_trabajo_componentes_componente_id_505bae17 ON public.car_trabajo_componentes USING btree (componente_id);


--
-- Name: car_trabajo_componentes_trabajo_id_e728d9ba; Type: INDEX; Schema: public; Owner: maxgonpe
--

CREATE INDEX car_trabajo_componentes_trabajo_id_e728d9ba ON public.car_trabajo_componentes USING btree (trabajo_id);


--
-- Name: car_trabajo_mecanicos_mecanico_id_fd413fbb; Type: INDEX; Schema: public; Owner: maxgonpe
--

CREATE INDEX car_trabajo_mecanicos_mecanico_id_fd413fbb ON public.car_trabajo_mecanicos USING btree (mecanico_id);


--
-- Name: car_trabajo_mecanicos_trabajo_id_9fb4e24d; Type: INDEX; Schema: public; Owner: maxgonpe
--

CREATE INDEX car_trabajo_mecanicos_trabajo_id_9fb4e24d ON public.car_trabajo_mecanicos USING btree (trabajo_id);


--
-- Name: car_trabajo_vehiculo_id_b0ce17b1; Type: INDEX; Schema: public; Owner: maxgonpe
--

CREATE INDEX car_trabajo_vehiculo_id_b0ce17b1 ON public.car_trabajo USING btree (vehiculo_id);


--
-- Name: car_trabajoaccion_accion_id_faad4784; Type: INDEX; Schema: public; Owner: maxgonpe
--

CREATE INDEX car_trabajoaccion_accion_id_faad4784 ON public.car_trabajoaccion USING btree (accion_id);


--
-- Name: car_trabajoaccion_componente_id_9f0777f2; Type: INDEX; Schema: public; Owner: maxgonpe
--

CREATE INDEX car_trabajoaccion_componente_id_9f0777f2 ON public.car_trabajoaccion USING btree (componente_id);


--
-- Name: car_trabajoaccion_trabajo_id_309d9d45; Type: INDEX; Schema: public; Owner: maxgonpe
--

CREATE INDEX car_trabajoaccion_trabajo_id_309d9d45 ON public.car_trabajoaccion USING btree (trabajo_id);


--
-- Name: car_trabajofoto_trabajo_id_50c63caf; Type: INDEX; Schema: public; Owner: maxgonpe
--

CREATE INDEX car_trabajofoto_trabajo_id_50c63caf ON public.car_trabajofoto USING btree (trabajo_id);


--
-- Name: car_trabajorepuesto_componente_id_aa850f96; Type: INDEX; Schema: public; Owner: maxgonpe
--

CREATE INDEX car_trabajorepuesto_componente_id_aa850f96 ON public.car_trabajorepuesto USING btree (componente_id);


--
-- Name: car_trabajorepuesto_repuesto_id_5502900c; Type: INDEX; Schema: public; Owner: maxgonpe
--

CREATE INDEX car_trabajorepuesto_repuesto_id_5502900c ON public.car_trabajorepuesto USING btree (repuesto_id);


--
-- Name: car_trabajorepuesto_trabajo_id_3c2f1235; Type: INDEX; Schema: public; Owner: maxgonpe
--

CREATE INDEX car_trabajorepuesto_trabajo_id_3c2f1235 ON public.car_trabajorepuesto USING btree (trabajo_id);


--
-- Name: car_vehiculo_cliente_id_9513a104; Type: INDEX; Schema: public; Owner: maxgonpe
--

CREATE INDEX car_vehiculo_cliente_id_9513a104 ON public.car_vehiculo USING btree (cliente_id);


--
-- Name: car_venta_cliente_id_9501e8b1; Type: INDEX; Schema: public; Owner: maxgonpe
--

CREATE INDEX car_venta_cliente_id_9501e8b1 ON public.car_venta USING btree (cliente_id);


--
-- Name: car_venta_usuario_id_4219fffe; Type: INDEX; Schema: public; Owner: maxgonpe
--

CREATE INDEX car_venta_usuario_id_4219fffe ON public.car_venta USING btree (usuario_id);


--
-- Name: car_ventaitem_repuesto_stock_id_a22353b5; Type: INDEX; Schema: public; Owner: maxgonpe
--

CREATE INDEX car_ventaitem_repuesto_stock_id_a22353b5 ON public.car_ventaitem USING btree (repuesto_stock_id);


--
-- Name: car_ventaitem_venta_id_26b53e6a; Type: INDEX; Schema: public; Owner: maxgonpe
--

CREATE INDEX car_ventaitem_venta_id_26b53e6a ON public.car_ventaitem USING btree (venta_id);


--
-- Name: car_ventapos_cliente_id_a434bc3d; Type: INDEX; Schema: public; Owner: maxgonpe
--

CREATE INDEX car_ventapos_cliente_id_a434bc3d ON public.car_ventapos USING btree (cliente_id);


--
-- Name: car_ventapos_sesion_id_224d2383; Type: INDEX; Schema: public; Owner: maxgonpe
--

CREATE INDEX car_ventapos_sesion_id_224d2383 ON public.car_ventapos USING btree (sesion_id);


--
-- Name: car_ventapos_usuario_id_27e2e952; Type: INDEX; Schema: public; Owner: maxgonpe
--

CREATE INDEX car_ventapos_usuario_id_27e2e952 ON public.car_ventapos USING btree (usuario_id);


--
-- Name: car_ventapositem_repuesto_id_c4b9ed39; Type: INDEX; Schema: public; Owner: maxgonpe
--

CREATE INDEX car_ventapositem_repuesto_id_c4b9ed39 ON public.car_ventapositem USING btree (repuesto_id);


--
-- Name: car_ventapositem_venta_id_bfdfc8a4; Type: INDEX; Schema: public; Owner: maxgonpe
--

CREATE INDEX car_ventapositem_venta_id_bfdfc8a4 ON public.car_ventapositem USING btree (venta_id);


--
-- Name: django_admin_log_content_type_id_c4bce8eb; Type: INDEX; Schema: public; Owner: maxgonpe
--

CREATE INDEX django_admin_log_content_type_id_c4bce8eb ON public.django_admin_log USING btree (content_type_id);


--
-- Name: django_admin_log_user_id_c564eba6; Type: INDEX; Schema: public; Owner: maxgonpe
--

CREATE INDEX django_admin_log_user_id_c564eba6 ON public.django_admin_log USING btree (user_id);


--
-- Name: django_session_expire_date_a5c62663; Type: INDEX; Schema: public; Owner: maxgonpe
--

CREATE INDEX django_session_expire_date_a5c62663 ON public.django_session USING btree (expire_date);


--
-- Name: django_session_session_key_c0390e0f_like; Type: INDEX; Schema: public; Owner: maxgonpe
--

CREATE INDEX django_session_session_key_c0390e0f_like ON public.django_session USING btree (session_key varchar_pattern_ops);


--
-- Name: auth_group_permissions auth_group_permissio_permission_id_84c5c92e_fk_auth_perm; Type: FK CONSTRAINT; Schema: public; Owner: maxgonpe
--

ALTER TABLE ONLY public.auth_group_permissions
    ADD CONSTRAINT auth_group_permissio_permission_id_84c5c92e_fk_auth_perm FOREIGN KEY (permission_id) REFERENCES public.auth_permission(id) DEFERRABLE INITIALLY DEFERRED;


--
-- Name: auth_group_permissions auth_group_permissions_group_id_b120cbf9_fk_auth_group_id; Type: FK CONSTRAINT; Schema: public; Owner: maxgonpe
--

ALTER TABLE ONLY public.auth_group_permissions
    ADD CONSTRAINT auth_group_permissions_group_id_b120cbf9_fk_auth_group_id FOREIGN KEY (group_id) REFERENCES public.auth_group(id) DEFERRABLE INITIALLY DEFERRED;


--
-- Name: auth_permission auth_permission_content_type_id_2f476e4b_fk_django_co; Type: FK CONSTRAINT; Schema: public; Owner: maxgonpe
--

ALTER TABLE ONLY public.auth_permission
    ADD CONSTRAINT auth_permission_content_type_id_2f476e4b_fk_django_co FOREIGN KEY (content_type_id) REFERENCES public.django_content_type(id) DEFERRABLE INITIALLY DEFERRED;


--
-- Name: auth_user_groups auth_user_groups_group_id_97559544_fk_auth_group_id; Type: FK CONSTRAINT; Schema: public; Owner: maxgonpe
--

ALTER TABLE ONLY public.auth_user_groups
    ADD CONSTRAINT auth_user_groups_group_id_97559544_fk_auth_group_id FOREIGN KEY (group_id) REFERENCES public.auth_group(id) DEFERRABLE INITIALLY DEFERRED;


--
-- Name: auth_user_groups auth_user_groups_user_id_6a12ed8b_fk_auth_user_id; Type: FK CONSTRAINT; Schema: public; Owner: maxgonpe
--

ALTER TABLE ONLY public.auth_user_groups
    ADD CONSTRAINT auth_user_groups_user_id_6a12ed8b_fk_auth_user_id FOREIGN KEY (user_id) REFERENCES public.auth_user(id) DEFERRABLE INITIALLY DEFERRED;


--
-- Name: auth_user_user_permissions auth_user_user_permi_permission_id_1fbb5f2c_fk_auth_perm; Type: FK CONSTRAINT; Schema: public; Owner: maxgonpe
--

ALTER TABLE ONLY public.auth_user_user_permissions
    ADD CONSTRAINT auth_user_user_permi_permission_id_1fbb5f2c_fk_auth_perm FOREIGN KEY (permission_id) REFERENCES public.auth_permission(id) DEFERRABLE INITIALLY DEFERRED;


--
-- Name: auth_user_user_permissions auth_user_user_permissions_user_id_a95ead1b_fk_auth_user_id; Type: FK CONSTRAINT; Schema: public; Owner: maxgonpe
--

ALTER TABLE ONLY public.auth_user_user_permissions
    ADD CONSTRAINT auth_user_user_permissions_user_id_a95ead1b_fk_auth_user_id FOREIGN KEY (user_id) REFERENCES public.auth_user(id) DEFERRABLE INITIALLY DEFERRED;


--
-- Name: car_administraciontaller car_administraciontaller_creado_por_id_3a282ed8_fk_auth_user_id; Type: FK CONSTRAINT; Schema: public; Owner: maxgonpe
--

ALTER TABLE ONLY public.car_administraciontaller
    ADD CONSTRAINT car_administraciontaller_creado_por_id_3a282ed8_fk_auth_user_id FOREIGN KEY (creado_por_id) REFERENCES public.auth_user(id) DEFERRABLE INITIALLY DEFERRED;


--
-- Name: car_carritoitem car_carritoitem_repuesto_id_3051ce1f_fk_car_repuesto_id; Type: FK CONSTRAINT; Schema: public; Owner: maxgonpe
--

ALTER TABLE ONLY public.car_carritoitem
    ADD CONSTRAINT car_carritoitem_repuesto_id_3051ce1f_fk_car_repuesto_id FOREIGN KEY (repuesto_id) REFERENCES public.car_repuesto(id) DEFERRABLE INITIALLY DEFERRED;


--
-- Name: car_carritoitem car_carritoitem_sesion_id_65dc8f7c_fk_car_sesionventa_id; Type: FK CONSTRAINT; Schema: public; Owner: maxgonpe
--

ALTER TABLE ONLY public.car_carritoitem
    ADD CONSTRAINT car_carritoitem_sesion_id_65dc8f7c_fk_car_sesionventa_id FOREIGN KEY (sesion_id) REFERENCES public.car_sesionventa(id) DEFERRABLE INITIALLY DEFERRED;


--
-- Name: car_componente car_componente_padre_id_d2846bc1_fk_car_componente_id; Type: FK CONSTRAINT; Schema: public; Owner: maxgonpe
--

ALTER TABLE ONLY public.car_componente
    ADD CONSTRAINT car_componente_padre_id_d2846bc1_fk_car_componente_id FOREIGN KEY (padre_id) REFERENCES public.car_componente(id) DEFERRABLE INITIALLY DEFERRED;


--
-- Name: car_componenteaccion car_componenteaccion_accion_id_ec9756d9_fk_car_accion_id; Type: FK CONSTRAINT; Schema: public; Owner: maxgonpe
--

ALTER TABLE ONLY public.car_componenteaccion
    ADD CONSTRAINT car_componenteaccion_accion_id_ec9756d9_fk_car_accion_id FOREIGN KEY (accion_id) REFERENCES public.car_accion(id) DEFERRABLE INITIALLY DEFERRED;


--
-- Name: car_componenteaccion car_componenteaccion_componente_id_0b2207ef_fk_car_compo; Type: FK CONSTRAINT; Schema: public; Owner: maxgonpe
--

ALTER TABLE ONLY public.car_componenteaccion
    ADD CONSTRAINT car_componenteaccion_componente_id_0b2207ef_fk_car_compo FOREIGN KEY (componente_id) REFERENCES public.car_componente(id) DEFERRABLE INITIALLY DEFERRED;


--
-- Name: car_componenterepuesto car_componenterepues_componente_id_1fa805e7_fk_car_compo; Type: FK CONSTRAINT; Schema: public; Owner: maxgonpe
--

ALTER TABLE ONLY public.car_componenterepuesto
    ADD CONSTRAINT car_componenterepues_componente_id_1fa805e7_fk_car_compo FOREIGN KEY (componente_id) REFERENCES public.car_componente(id) DEFERRABLE INITIALLY DEFERRED;


--
-- Name: car_componenterepuesto car_componenterepuesto_repuesto_id_df10479b_fk_car_repuesto_id; Type: FK CONSTRAINT; Schema: public; Owner: maxgonpe
--

ALTER TABLE ONLY public.car_componenterepuesto
    ADD CONSTRAINT car_componenterepuesto_repuesto_id_df10479b_fk_car_repuesto_id FOREIGN KEY (repuesto_id) REFERENCES public.car_repuesto(id) DEFERRABLE INITIALLY DEFERRED;


--
-- Name: car_cotizacion car_cotizacion_cliente_id_fk_car_cliente_taller_rut; Type: FK CONSTRAINT; Schema: public; Owner: maxgonpe
--

ALTER TABLE ONLY public.car_cotizacion
    ADD CONSTRAINT car_cotizacion_cliente_id_fk_car_cliente_taller_rut FOREIGN KEY (cliente_id) REFERENCES public.car_cliente_taller(rut) DEFERRABLE INITIALLY DEFERRED;


--
-- Name: car_cotizacion car_cotizacion_sesion_id_b7ce2146_fk_car_sesionventa_id; Type: FK CONSTRAINT; Schema: public; Owner: maxgonpe
--

ALTER TABLE ONLY public.car_cotizacion
    ADD CONSTRAINT car_cotizacion_sesion_id_b7ce2146_fk_car_sesionventa_id FOREIGN KEY (sesion_id) REFERENCES public.car_sesionventa(id) DEFERRABLE INITIALLY DEFERRED;


--
-- Name: car_cotizacion car_cotizacion_usuario_id_517b5aa2_fk_auth_user_id; Type: FK CONSTRAINT; Schema: public; Owner: maxgonpe
--

ALTER TABLE ONLY public.car_cotizacion
    ADD CONSTRAINT car_cotizacion_usuario_id_517b5aa2_fk_auth_user_id FOREIGN KEY (usuario_id) REFERENCES public.auth_user(id) DEFERRABLE INITIALLY DEFERRED;


--
-- Name: car_cotizacionitem car_cotizacionitem_cotizacion_id_39c98921_fk_car_cotizacion_id; Type: FK CONSTRAINT; Schema: public; Owner: maxgonpe
--

ALTER TABLE ONLY public.car_cotizacionitem
    ADD CONSTRAINT car_cotizacionitem_cotizacion_id_39c98921_fk_car_cotizacion_id FOREIGN KEY (cotizacion_id) REFERENCES public.car_cotizacion(id) DEFERRABLE INITIALLY DEFERRED;


--
-- Name: car_cotizacionitem car_cotizacionitem_repuesto_id_be8893f0_fk_car_repuesto_id; Type: FK CONSTRAINT; Schema: public; Owner: maxgonpe
--

ALTER TABLE ONLY public.car_cotizacionitem
    ADD CONSTRAINT car_cotizacionitem_repuesto_id_be8893f0_fk_car_repuesto_id FOREIGN KEY (repuesto_id) REFERENCES public.car_repuesto(id) DEFERRABLE INITIALLY DEFERRED;


--
-- Name: car_diagnostico_componentes car_diagnostico_comp_componente_id_2453d0fe_fk_car_compo; Type: FK CONSTRAINT; Schema: public; Owner: maxgonpe
--

ALTER TABLE ONLY public.car_diagnostico_componentes
    ADD CONSTRAINT car_diagnostico_comp_componente_id_2453d0fe_fk_car_compo FOREIGN KEY (componente_id) REFERENCES public.car_componente(id) DEFERRABLE INITIALLY DEFERRED;


--
-- Name: car_diagnostico_componentes car_diagnostico_comp_diagnostico_id_5a6951d5_fk_car_diagn; Type: FK CONSTRAINT; Schema: public; Owner: maxgonpe
--

ALTER TABLE ONLY public.car_diagnostico_componentes
    ADD CONSTRAINT car_diagnostico_comp_diagnostico_id_5a6951d5_fk_car_diagn FOREIGN KEY (diagnostico_id) REFERENCES public.car_diagnostico(id) DEFERRABLE INITIALLY DEFERRED;


--
-- Name: car_diagnostico car_diagnostico_vehiculo_id_b0427bf2_fk_car_vehiculo_id; Type: FK CONSTRAINT; Schema: public; Owner: maxgonpe
--

ALTER TABLE ONLY public.car_diagnostico
    ADD CONSTRAINT car_diagnostico_vehiculo_id_b0427bf2_fk_car_vehiculo_id FOREIGN KEY (vehiculo_id) REFERENCES public.car_vehiculo(id) DEFERRABLE INITIALLY DEFERRED;


--
-- Name: car_diagnosticocomponenteaccion car_diagnosticocompo_accion_id_d36e38f4_fk_car_accio; Type: FK CONSTRAINT; Schema: public; Owner: maxgonpe
--

ALTER TABLE ONLY public.car_diagnosticocomponenteaccion
    ADD CONSTRAINT car_diagnosticocompo_accion_id_d36e38f4_fk_car_accio FOREIGN KEY (accion_id) REFERENCES public.car_accion(id) DEFERRABLE INITIALLY DEFERRED;


--
-- Name: car_diagnosticocomponenteaccion car_diagnosticocompo_componente_id_90517fd6_fk_car_compo; Type: FK CONSTRAINT; Schema: public; Owner: maxgonpe
--

ALTER TABLE ONLY public.car_diagnosticocomponenteaccion
    ADD CONSTRAINT car_diagnosticocompo_componente_id_90517fd6_fk_car_compo FOREIGN KEY (componente_id) REFERENCES public.car_componente(id) DEFERRABLE INITIALLY DEFERRED;


--
-- Name: car_diagnosticocomponenteaccion car_diagnosticocompo_diagnostico_id_761f1cc4_fk_car_diagn; Type: FK CONSTRAINT; Schema: public; Owner: maxgonpe
--

ALTER TABLE ONLY public.car_diagnosticocomponenteaccion
    ADD CONSTRAINT car_diagnosticocompo_diagnostico_id_761f1cc4_fk_car_diagn FOREIGN KEY (diagnostico_id) REFERENCES public.car_diagnostico(id) DEFERRABLE INITIALLY DEFERRED;


--
-- Name: car_diagnosticorepuesto car_diagnosticorepue_diagnostico_id_92e8d55e_fk_car_diagn; Type: FK CONSTRAINT; Schema: public; Owner: maxgonpe
--

ALTER TABLE ONLY public.car_diagnosticorepuesto
    ADD CONSTRAINT car_diagnosticorepue_diagnostico_id_92e8d55e_fk_car_diagn FOREIGN KEY (diagnostico_id) REFERENCES public.car_diagnostico(id) DEFERRABLE INITIALLY DEFERRED;


--
-- Name: car_diagnosticorepuesto car_diagnosticorepue_repuesto_stock_id_8e5b68a1_fk_car_repue; Type: FK CONSTRAINT; Schema: public; Owner: maxgonpe
--

ALTER TABLE ONLY public.car_diagnosticorepuesto
    ADD CONSTRAINT car_diagnosticorepue_repuesto_stock_id_8e5b68a1_fk_car_repue FOREIGN KEY (repuesto_stock_id) REFERENCES public.car_repuestoenstock(id) DEFERRABLE INITIALLY DEFERRED;


--
-- Name: car_diagnosticorepuesto car_diagnosticorepuesto_repuesto_id_089d3a7d_fk_car_repuesto_id; Type: FK CONSTRAINT; Schema: public; Owner: maxgonpe
--

ALTER TABLE ONLY public.car_diagnosticorepuesto
    ADD CONSTRAINT car_diagnosticorepuesto_repuesto_id_089d3a7d_fk_car_repuesto_id FOREIGN KEY (repuesto_id) REFERENCES public.car_repuesto(id) DEFERRABLE INITIALLY DEFERRED;


--
-- Name: car_mecanico car_mecanico_user_id_c8c7f7ae_fk_auth_user_id; Type: FK CONSTRAINT; Schema: public; Owner: maxgonpe
--

ALTER TABLE ONLY public.car_mecanico
    ADD CONSTRAINT car_mecanico_user_id_c8c7f7ae_fk_auth_user_id FOREIGN KEY (user_id) REFERENCES public.auth_user(id) DEFERRABLE INITIALLY DEFERRED;


--
-- Name: car_reparacion car_reparacion_diagnostico_id_700618d5_fk_car_diagnostico_id; Type: FK CONSTRAINT; Schema: public; Owner: maxgonpe
--

ALTER TABLE ONLY public.car_reparacion
    ADD CONSTRAINT car_reparacion_diagnostico_id_700618d5_fk_car_diagnostico_id FOREIGN KEY (diagnostico_id) REFERENCES public.car_diagnostico(id) DEFERRABLE INITIALLY DEFERRED;


--
-- Name: car_repuestoaplicacion car_repuestoaplicaci_version_id_3a710ed4_fk_car_vehic; Type: FK CONSTRAINT; Schema: public; Owner: maxgonpe
--

ALTER TABLE ONLY public.car_repuestoaplicacion
    ADD CONSTRAINT car_repuestoaplicaci_version_id_3a710ed4_fk_car_vehic FOREIGN KEY (version_id) REFERENCES public.car_vehiculoversion(id) DEFERRABLE INITIALLY DEFERRED;


--
-- Name: car_repuestoaplicacion car_repuestoaplicacion_repuesto_id_ff3d6c75_fk_car_repuesto_id; Type: FK CONSTRAINT; Schema: public; Owner: maxgonpe
--

ALTER TABLE ONLY public.car_repuestoaplicacion
    ADD CONSTRAINT car_repuestoaplicacion_repuesto_id_ff3d6c75_fk_car_repuesto_id FOREIGN KEY (repuesto_id) REFERENCES public.car_repuesto(id) DEFERRABLE INITIALLY DEFERRED;


--
-- Name: car_repuestoenstock car_repuestoenstock_repuesto_id_a354e6ca_fk_car_repuesto_id; Type: FK CONSTRAINT; Schema: public; Owner: maxgonpe
--

ALTER TABLE ONLY public.car_repuestoenstock
    ADD CONSTRAINT car_repuestoenstock_repuesto_id_a354e6ca_fk_car_repuesto_id FOREIGN KEY (repuesto_id) REFERENCES public.car_repuesto(id) DEFERRABLE INITIALLY DEFERRED;


--
-- Name: car_sesionventa car_sesionventa_usuario_id_69cce82e_fk_auth_user_id; Type: FK CONSTRAINT; Schema: public; Owner: maxgonpe
--

ALTER TABLE ONLY public.car_sesionventa
    ADD CONSTRAINT car_sesionventa_usuario_id_69cce82e_fk_auth_user_id FOREIGN KEY (usuario_id) REFERENCES public.auth_user(id) DEFERRABLE INITIALLY DEFERRED;


--
-- Name: car_stockmovimiento car_stockmovimiento_repuesto_stock_id_f2789074_fk_car_repue; Type: FK CONSTRAINT; Schema: public; Owner: maxgonpe
--

ALTER TABLE ONLY public.car_stockmovimiento
    ADD CONSTRAINT car_stockmovimiento_repuesto_stock_id_f2789074_fk_car_repue FOREIGN KEY (repuesto_stock_id) REFERENCES public.car_repuestoenstock(id) DEFERRABLE INITIALLY DEFERRED;


--
-- Name: car_stockmovimiento car_stockmovimiento_usuario_id_527cf94a_fk_auth_user_id; Type: FK CONSTRAINT; Schema: public; Owner: maxgonpe
--

ALTER TABLE ONLY public.car_stockmovimiento
    ADD CONSTRAINT car_stockmovimiento_usuario_id_527cf94a_fk_auth_user_id FOREIGN KEY (usuario_id) REFERENCES public.auth_user(id) DEFERRABLE INITIALLY DEFERRED;


--
-- Name: car_trabajo_componentes car_trabajo_componen_componente_id_505bae17_fk_car_compo; Type: FK CONSTRAINT; Schema: public; Owner: maxgonpe
--

ALTER TABLE ONLY public.car_trabajo_componentes
    ADD CONSTRAINT car_trabajo_componen_componente_id_505bae17_fk_car_compo FOREIGN KEY (componente_id) REFERENCES public.car_componente(id) DEFERRABLE INITIALLY DEFERRED;


--
-- Name: car_trabajo_componentes car_trabajo_componentes_trabajo_id_e728d9ba_fk_car_trabajo_id; Type: FK CONSTRAINT; Schema: public; Owner: maxgonpe
--

ALTER TABLE ONLY public.car_trabajo_componentes
    ADD CONSTRAINT car_trabajo_componentes_trabajo_id_e728d9ba_fk_car_trabajo_id FOREIGN KEY (trabajo_id) REFERENCES public.car_trabajo(id) DEFERRABLE INITIALLY DEFERRED;


--
-- Name: car_trabajo car_trabajo_diagnostico_id_f0494eef_fk_car_diagnostico_id; Type: FK CONSTRAINT; Schema: public; Owner: maxgonpe
--

ALTER TABLE ONLY public.car_trabajo
    ADD CONSTRAINT car_trabajo_diagnostico_id_f0494eef_fk_car_diagnostico_id FOREIGN KEY (diagnostico_id) REFERENCES public.car_diagnostico(id) DEFERRABLE INITIALLY DEFERRED;


--
-- Name: car_trabajo_mecanicos car_trabajo_mecanicos_mecanico_id_fd413fbb_fk_car_mecanico_id; Type: FK CONSTRAINT; Schema: public; Owner: maxgonpe
--

ALTER TABLE ONLY public.car_trabajo_mecanicos
    ADD CONSTRAINT car_trabajo_mecanicos_mecanico_id_fd413fbb_fk_car_mecanico_id FOREIGN KEY (mecanico_id) REFERENCES public.car_mecanico(id) DEFERRABLE INITIALLY DEFERRED;


--
-- Name: car_trabajo_mecanicos car_trabajo_mecanicos_trabajo_id_9fb4e24d_fk_car_trabajo_id; Type: FK CONSTRAINT; Schema: public; Owner: maxgonpe
--

ALTER TABLE ONLY public.car_trabajo_mecanicos
    ADD CONSTRAINT car_trabajo_mecanicos_trabajo_id_9fb4e24d_fk_car_trabajo_id FOREIGN KEY (trabajo_id) REFERENCES public.car_trabajo(id) DEFERRABLE INITIALLY DEFERRED;


--
-- Name: car_trabajo car_trabajo_vehiculo_id_b0ce17b1_fk_car_vehiculo_id; Type: FK CONSTRAINT; Schema: public; Owner: maxgonpe
--

ALTER TABLE ONLY public.car_trabajo
    ADD CONSTRAINT car_trabajo_vehiculo_id_b0ce17b1_fk_car_vehiculo_id FOREIGN KEY (vehiculo_id) REFERENCES public.car_vehiculo(id) DEFERRABLE INITIALLY DEFERRED;


--
-- Name: car_trabajoaccion car_trabajoaccion_accion_id_faad4784_fk_car_accion_id; Type: FK CONSTRAINT; Schema: public; Owner: maxgonpe
--

ALTER TABLE ONLY public.car_trabajoaccion
    ADD CONSTRAINT car_trabajoaccion_accion_id_faad4784_fk_car_accion_id FOREIGN KEY (accion_id) REFERENCES public.car_accion(id) DEFERRABLE INITIALLY DEFERRED;


--
-- Name: car_trabajoaccion car_trabajoaccion_componente_id_9f0777f2_fk_car_componente_id; Type: FK CONSTRAINT; Schema: public; Owner: maxgonpe
--

ALTER TABLE ONLY public.car_trabajoaccion
    ADD CONSTRAINT car_trabajoaccion_componente_id_9f0777f2_fk_car_componente_id FOREIGN KEY (componente_id) REFERENCES public.car_componente(id) DEFERRABLE INITIALLY DEFERRED;


--
-- Name: car_trabajoaccion car_trabajoaccion_trabajo_id_309d9d45_fk_car_trabajo_id; Type: FK CONSTRAINT; Schema: public; Owner: maxgonpe
--

ALTER TABLE ONLY public.car_trabajoaccion
    ADD CONSTRAINT car_trabajoaccion_trabajo_id_309d9d45_fk_car_trabajo_id FOREIGN KEY (trabajo_id) REFERENCES public.car_trabajo(id) DEFERRABLE INITIALLY DEFERRED;


--
-- Name: car_trabajofoto car_trabajofoto_trabajo_id_50c63caf_fk_car_trabajo_id; Type: FK CONSTRAINT; Schema: public; Owner: maxgonpe
--

ALTER TABLE ONLY public.car_trabajofoto
    ADD CONSTRAINT car_trabajofoto_trabajo_id_50c63caf_fk_car_trabajo_id FOREIGN KEY (trabajo_id) REFERENCES public.car_trabajo(id) DEFERRABLE INITIALLY DEFERRED;


--
-- Name: car_trabajorepuesto car_trabajorepuesto_componente_id_aa850f96_fk_car_componente_id; Type: FK CONSTRAINT; Schema: public; Owner: maxgonpe
--

ALTER TABLE ONLY public.car_trabajorepuesto
    ADD CONSTRAINT car_trabajorepuesto_componente_id_aa850f96_fk_car_componente_id FOREIGN KEY (componente_id) REFERENCES public.car_componente(id) DEFERRABLE INITIALLY DEFERRED;


--
-- Name: car_trabajorepuesto car_trabajorepuesto_repuesto_id_5502900c_fk_car_repuesto_id; Type: FK CONSTRAINT; Schema: public; Owner: maxgonpe
--

ALTER TABLE ONLY public.car_trabajorepuesto
    ADD CONSTRAINT car_trabajorepuesto_repuesto_id_5502900c_fk_car_repuesto_id FOREIGN KEY (repuesto_id) REFERENCES public.car_repuesto(id) DEFERRABLE INITIALLY DEFERRED;


--
-- Name: car_trabajorepuesto car_trabajorepuesto_trabajo_id_3c2f1235_fk_car_trabajo_id; Type: FK CONSTRAINT; Schema: public; Owner: maxgonpe
--

ALTER TABLE ONLY public.car_trabajorepuesto
    ADD CONSTRAINT car_trabajorepuesto_trabajo_id_3c2f1235_fk_car_trabajo_id FOREIGN KEY (trabajo_id) REFERENCES public.car_trabajo(id) DEFERRABLE INITIALLY DEFERRED;


--
-- Name: car_vehiculo car_vehiculo_cliente_id_9513a104_fk_car_cliente_taller_rut; Type: FK CONSTRAINT; Schema: public; Owner: maxgonpe
--

ALTER TABLE ONLY public.car_vehiculo
    ADD CONSTRAINT car_vehiculo_cliente_id_9513a104_fk_car_cliente_taller_rut FOREIGN KEY (cliente_id) REFERENCES public.car_cliente_taller(rut) DEFERRABLE INITIALLY DEFERRED;


--
-- Name: car_venta car_venta_usuario_id_4219fffe_fk_auth_user_id; Type: FK CONSTRAINT; Schema: public; Owner: maxgonpe
--

ALTER TABLE ONLY public.car_venta
    ADD CONSTRAINT car_venta_usuario_id_4219fffe_fk_auth_user_id FOREIGN KEY (usuario_id) REFERENCES public.auth_user(id) DEFERRABLE INITIALLY DEFERRED;


--
-- Name: car_ventaitem car_ventaitem_repuesto_stock_id_a22353b5_fk_car_repue; Type: FK CONSTRAINT; Schema: public; Owner: maxgonpe
--

ALTER TABLE ONLY public.car_ventaitem
    ADD CONSTRAINT car_ventaitem_repuesto_stock_id_a22353b5_fk_car_repue FOREIGN KEY (repuesto_stock_id) REFERENCES public.car_repuestoenstock(id) DEFERRABLE INITIALLY DEFERRED;


--
-- Name: car_ventaitem car_ventaitem_venta_id_26b53e6a_fk_car_venta_id; Type: FK CONSTRAINT; Schema: public; Owner: maxgonpe
--

ALTER TABLE ONLY public.car_ventaitem
    ADD CONSTRAINT car_ventaitem_venta_id_26b53e6a_fk_car_venta_id FOREIGN KEY (venta_id) REFERENCES public.car_venta(id) DEFERRABLE INITIALLY DEFERRED;


--
-- Name: car_ventapos car_ventapos_sesion_id_224d2383_fk_car_sesionventa_id; Type: FK CONSTRAINT; Schema: public; Owner: maxgonpe
--

ALTER TABLE ONLY public.car_ventapos
    ADD CONSTRAINT car_ventapos_sesion_id_224d2383_fk_car_sesionventa_id FOREIGN KEY (sesion_id) REFERENCES public.car_sesionventa(id) DEFERRABLE INITIALLY DEFERRED;


--
-- Name: car_ventapos car_ventapos_usuario_id_27e2e952_fk_auth_user_id; Type: FK CONSTRAINT; Schema: public; Owner: maxgonpe
--

ALTER TABLE ONLY public.car_ventapos
    ADD CONSTRAINT car_ventapos_usuario_id_27e2e952_fk_auth_user_id FOREIGN KEY (usuario_id) REFERENCES public.auth_user(id) DEFERRABLE INITIALLY DEFERRED;


--
-- Name: car_ventapositem car_ventapositem_repuesto_id_c4b9ed39_fk_car_repuesto_id; Type: FK CONSTRAINT; Schema: public; Owner: maxgonpe
--

ALTER TABLE ONLY public.car_ventapositem
    ADD CONSTRAINT car_ventapositem_repuesto_id_c4b9ed39_fk_car_repuesto_id FOREIGN KEY (repuesto_id) REFERENCES public.car_repuesto(id) DEFERRABLE INITIALLY DEFERRED;


--
-- Name: car_ventapositem car_ventapositem_venta_id_bfdfc8a4_fk_car_ventapos_id; Type: FK CONSTRAINT; Schema: public; Owner: maxgonpe
--

ALTER TABLE ONLY public.car_ventapositem
    ADD CONSTRAINT car_ventapositem_venta_id_bfdfc8a4_fk_car_ventapos_id FOREIGN KEY (venta_id) REFERENCES public.car_ventapos(id) DEFERRABLE INITIALLY DEFERRED;


--
-- Name: django_admin_log django_admin_log_content_type_id_c4bce8eb_fk_django_co; Type: FK CONSTRAINT; Schema: public; Owner: maxgonpe
--

ALTER TABLE ONLY public.django_admin_log
    ADD CONSTRAINT django_admin_log_content_type_id_c4bce8eb_fk_django_co FOREIGN KEY (content_type_id) REFERENCES public.django_content_type(id) DEFERRABLE INITIALLY DEFERRED;


--
-- Name: django_admin_log django_admin_log_user_id_c564eba6_fk_auth_user_id; Type: FK CONSTRAINT; Schema: public; Owner: maxgonpe
--

ALTER TABLE ONLY public.django_admin_log
    ADD CONSTRAINT django_admin_log_user_id_c564eba6_fk_auth_user_id FOREIGN KEY (user_id) REFERENCES public.auth_user(id) DEFERRABLE INITIALLY DEFERRED;


--
-- PostgreSQL database dump complete
--

\unrestrict 879hEeKadesf4JgXpFSVQashVFBcwcoAuWd9Kdw7iVga07tVEbFBkL9zIGybUL5

